Chương,Trang PDF,Câu hỏi,Đáp án A,Đáp án B,Đáp án C,Đáp án D,Đáp án đúng,Giải thích đáp án
Chương 1,1,Thuật ngữ “tư tưởng Hồ Chí Minh” được dùng theo nghĩa nào?,Là tư tưởng của một cá nhân,Là tư tưởng của một lãnh tụ,"Là tư tưởng của một giai cấp, một dân tộc",Là tất cả những vấn đề trên,C,
Chương 1,1,"Văn kiện Đại hội IX quan niệm: “Tư tưởng Hồ Chí Minh là một hệ thống quan điểm toàn diện và sâu sắc về những vấn đề cơ bản của […...] là kết quả của sự vận dụng và phát triển sáng tạo […...] vào điều kiện cụ thể của nước ta, đồng thời là kết tinh tinh hoa dân tộc và trí tuệ thời đại nhằm giải phóng dân tộc, giải phóng giai cấp, giải phóng con người.”",Cách mạng Việt Nam; chủ nghĩa Mác-Lênin;,Cách mạng vô sản; chủ nghĩa Mác- Lênin;,Cách mạng xã hội chủ nghĩa; chủ nghĩa Mác- Lênin;,Chủ nghĩa Mác- Lênin; cách mạng Việt Nam;,A,
Chương 1,1,Khái niệm tư tưởng Hồ Chí Minh được Đảng ta chính thức sử dụng vào thời gian nào?,Năm 1930,Năm 1945,Năm 1969,Năm 1991,D,
Chương 1,1,"Tìm đáp án sai : Khái niệm tư tưởng Hồ Chí Minh mà Đại hội IX (2001) nêu lên bao gồm: Bản chất Nguồn gốc Nội dung cách mạng và khoa học của tư tưởng Hồ Chí Minh a. tư tưởng, lý luận của tư tưởng Hồ Chí Minh b. c. tư tưởng Hồ Chí Minh",,,,Kết cấu tư tưởng Hồ Chí Minh,D,
Chương 1,1,Mục đích của tư tưởng Hồ Chí Minh là gì ?,Giải phóng dân tộc,Giải phóng các dân tộc thuộc địa,"Giải phóng dân tộc, giải phóng giai cấp và giải phóng con người",Giải phóng giai cấp và giải phóng con người,C,
Chương 1,1,Đối tượng của bộ môn tư tưởng Hồ Chí Minh?,Quá trình sản sinh tư tưởng Hồ Chí Minh,Quá trình hiện thực hóa tư tưởng Hồ Chí Minh,Quá trình sản sinh và hiện thực hóa tư tưởng Hồ Chí Minh,Quá trình Đảng Cộng sản vận dụng tư tưởng Hồ Chí Minh,C,
Chương 1,1,Bộ môn tư tưởng Hồ Chí Minh có mấy nhiệm vụ khi nghiên cứu tư tưởng Hồ Chí Minh?,4 nhiệm vụ,5 nhiệm vụ,6 nhiệm vụ,7 nhiệm vụ,C,
Chương 1,1,Tư tưởng Hồ Chí Minh có vị trí như thế nào trong hệ thống tư tưởng Đảng Cộng sản Việt Nam?,Là một bộ phận trong hệ thống tư tưởng của Đảng,Là bộ phận quan trọng trong hệ thống tư tưởng của Đảng,Là bộ phận rất quan trọng trong hệ thống tư tưởng của Đảng,"Là bộ phận nền tảng, kim chí nam cho hành động của Đảng",D,
Chương 1,2,Vấn đề nào mà giáo trình tư tưởng Hồ Chí Minh chưa nêu khi nói về ý nghĩa học tập môn học này đối với sinh viên?,Nâng cao năng lực tư duy lý luận và phương pháp cong tác,Bồi dưỡng phẩm chất đạo đức cách mạng và rèn luyện bãn lĩnh chính trị,"Nâng cao lòng tự hào dân tộc, tự hào về Bác Hồ kính yêu","Bồi dưỡng tình yêu thiên nhiên, ý thức bảo vệ môi trường.",D,
Chương 1,2,"Theo Hồ Chí Minh, học chủ nghĩa Mác- Lênin là để làm gì?",Học thuộc các luận điểm lí luận.,Để chứng tỏ trình độ lí luận,Để sống với nhau có tình có nghĩa.,"Cả a, b và c đều sai",C,
Chương 1,2,Điều mong muốn cuối cùng của Hồ Chí Minh ghi trong Di chúc là gì?,Xây dựng một nước Việt Nam phồn vinh và cường thịnh,"Xây dựng một nước Việt Nam hòa bình, thống nhất, độc lập, dân chủ, giàu mạnh.","Xây dựng một nước Việt Nam dân chủ, công bằng, văn minh",Làm cho mọi người được hạnh phúc,B,
Chương 1,2,Chọn cụm từ đúng: Tư tưởng Hồ Chí Minh là:,Hệ thống các luận điểm toàn diện và sâu sắc về những vấn đề cơ bản của cách mạng Việt Nam,Hệ thống các QUAN ĐIỂM toàn diện và sâu sắc về những vấn đề cơ bản của cách mạng Việt Nam,Hệ thống các tư tưởng toàn diện và sâu sắc về những vấn đề cơ bản của cách mạng Việt Nam,Hệ thống các học thuyết toàn diện và sâu sắc về những vấn đề cơ bản của cách mạng Việt Nam,B,
Chương 1,2,Vận dụng tư tưởng Hồ Chí Minh cần phải nắm vững nguyên tắc gì?,Quan điểm lịch sử thế giới,Quan điểm lịch sử Việt Nam,Quan điểm lịch sử CỤ THỂ,Quan điểm lịch sử toàn diện,C,
Chương 1,2,Ý nghĩa của việc học tập môn Tư tưởng Hồ Chí Minh,Góp phần nâng cao năng lực tư duy lý luận,"Giáo dục và định hướng thực hành đạo đức cách mạng, củng cố niềm tin khoa học gắn liền với trau dồi tình cảm cách mạng, bồi dưỡng lòng yêu nước","Xây dựng, rèn luyện phương pháp và phong cách công tác",Tất cả đều đúng,D,
Chương 1,3,Thống nhất giữa tính đảng và tính khoa học là:,Phương pháp nghiên cứu tư tưởng Hồ Chí Minh,Điều kiện bắt buộc trong nghiên cứu tư tưởng Hồ Chí Minh,Phương pháp luận của việc nghiên cứu tưởng Hồ Chí Minh,Điều kiện cần trong nghiên cứu tư tưởng Hồ Chí Minh,C,
Chương 1,3,"“Đường lối chính trị, nề nếp làm việc và đạo đức cách mạng của Đảng ta hiện nay là đường lối, tác phong và đạo đức Hồ Chủ tịch... Toàn Đảng hãy ra sức học tập đường lối chính trị, tác phong và đạo đức cách mạng của Hồ Chủ tịch; sự học tập ấy là điều kiện tiên quyết làm cho Đảng và làm cho cách mạng đi mau đến thắng lợi hoàn toàn”. Đoạn văn trên được trích trong:",Văn kiện Đại hội II của Đảng tháng 2 năm 1951,Văn kiện Đại hội III của Đảng tháng 9 năm 1960,Văn kiện Đại hội IV của Đảng tháng 12 năm 1976,Tất cả đều đúng,A,
Chương 1,3,"“Thắng lợi to lớn của sự nghiệp chống Mỹ cứu nước cũng như những trang sử chói lọi của cách mạng Việt Nam ngót nửa thế kỷ nay mãi mãi gắn liền với tên tuổi của chủ tịch Hồ Chí Minh, người sáng lập và rèn luyện Đảng ta, người khai sinh nền cộng hòa dân chủ Việt Nam, người vun trồng khối đại đoàn kết dân tộc và xây dựng lực lượng vũ trang cách mạng, vị lãnh tụ thiên tài của giai cấp công nhân và nhân dân ta, người anh hùng dân tộc vĩ đại, người chiến sĩ lỗi lạc của phong trào cộng sản và công nhân quốc tế”. Đoạn văn trên được trích trong:",Văn kiện Đại hội II của Đảng tháng 2 năm 1951,Văn kiện Đại hội III của Đảng tháng 9 năm 1960,Văn kiện Đại hội IV của Đảng tháng 12 năm 1976,Tất cả đều đúng,C,
Chương 1,3,"“Phải kiên định chủ nghĩa Mác – Lênin, tư tưởng Hồ Chí Minh, vận dụng sáng tạo và phát triển phù hợp với thực tiễn Việt Nam”. Đoạn trích trên trích trong:",Văn kiện Đại hội II của Đảng tháng 2 năm 1951,Văn kiện Đại hội III của Đảng tháng 9 năm 1960,Văn kiện Đại hội IV của Đảng tháng 12 năm 1976,Văn kiện Đại hội XII của Đảng tháng 01 năm 2016,D,
Chương 1,4,Chọn câu trả lời đúng nhất: “Thống nhất giữa lý luận và thực tiễn” là:,Nội dung và quan điểm phương pháp luận nghiên cứu tư tưởng Hồ Chí Minh,NGUYÊN TẮC VÀ QUAN ĐIỂM phương pháp luận nghiên cứu tư tưởng Hồ Chí Minh,Nguyên tắc và nội dung phương pháp luận nghiên cứu tư tưởng Hồ Chí Minh,Điều kiện và tiền đề phương pháp luận nghiên cứu tư tưởng Hồ Chí Minh,B,
Chương 1,4,Một trong những nguyên tắc phương pháp luận khi nghiên cứu tư tưởng Hồ Chí Minh là gì?,Kết hợp nghiên cứu các tác phẩm với thực tiễn chỉ đạo cách mạng của Hồ Chí Minh.,Kết hợp nghiên cứu các tác phẩm với thực tiễn cách mạng thế giới.,Kết hợp nghiên cứu các tác phẩm với thực tiễn cách mạng Việt Nam.,Kết hợp thực tiễn cách mạng Việt Nam và cách mạng thế giới.,A,
Chương 2,4,Một trong những nguyên tắc phương pháp luận khi nghiên cứu tư tưởng Hồ Chí Minh là:,Bảo đảm sự thống nhất nguyên tắc tính Đảng và tính khoa học,Bảo đảm sự thống nhất nguyên tắc tính Đảng và tính xã hội chủ nghĩa,Bảo đảm sự thống nhất nguyên tắc tính Đảng và tính dân tộc,Bảo đảm sự thống nhất nguyên tắc tính Đảng và tính cách mạng,A,
Chương 2,4,"Đối với Hồ Chí Minh, ưu điểm lớn nhất trong chủ nghĩa Tam dân của Tôn Trung Sơn là gì?",Chống phong kiến,"Đấu tranh vì tự do, dân chủ",Phù hợp với điều kiện thực tế nước ta,Tu dưỡng đạo đức cá nhân,C,
Chương 2,4,Nguồn gốc lý luận nào quyết định bản chất tư tưởng Hồ Chí Minh,Tư tưởng Tam dân của Tôn Trung Sơn,Tư tưởng của Khổng Tử,Chủ nghĩa Mác – Lênin,Tư tưởng của Giêsu (Jesus),C,
Chương 2,5,Tư tưởng Hồ Chí Minh được hình thành trong bối cảnh lịch sử nào?,Chủ nghĩa tư bản đang trong giai đoạn tự do cạnh tranh,Chủ nghĩa tư bản từ giai đoạn tự do cạnh tranh sang giai đoạn độc quyền,Chủ nghĩa tư bản đang trong giai đoạn hình thành,Chủ nghĩa xã hội đang trong giai đoạn phát triển,B,
Chương 2,5,Tư tưởng Hồ Chí Minh được hình thành và phát triển qua mấy giai đoạn?,3 giai đoạn,4 giai đoạn,5 giai đoạn,6 giai đoạn,C,
Chương 2,5,"Tháng 7 năm 1920, Hồ Chí Minh đọc tác phẩm gì của V.I.Lênin?",Làm gì,Sơ thảo lần thứ nhất Luận cương về các vấn đề dân tộc,Sơ thảo lần thứ nhất những Luận cương về các vấn đề dân tộc và vấn đề thuộc địa,Nhà nước và cách mạng.,C,
Chương 2,5,Một trong những giá trị của văn hoá phương Tây được Hồ Chí Minh tiếp thu góp phần hình thành tư tưởng của Người là:,Tư tưởng dân chủ và cách mạng trong cách mạng Pháp và cách mạng Mỹ,Những mặt tích cực của Nho Giáo,Tư tưởng vị tha của Phật giáo,Chủ nghĩa Tam dân của Tôn Trung Sơn,A,
Chương 2,5,"Một trong những tiền đề tư tưởng, lí luận dẫn đến sự hình thành tư tưởng Hồ Chí Minh là:",Giá trị truyền thống tốt đẹp của dân tộc Việt Nam,Giá trị văn hiến dân tộc Việt Nam,Giá trị tư tưởng dân tộc Việt Nam,Giá trị văn minh dân tộcViệt Nam,A,
Chương 2,5,Một trong những truyền thống tốt đẹp của tư tưởng và văn hoá Việt Nam được Hồ Chí Minh tiếp thu giúp hình thành tư tưởng của Người là:,Chủ nghĩa yêu nước Việt Nam.,Những mặt tích cực của Nho Giáo,Tư tưởng vị tha của Phật giáo,Tư tưởng bác ái của Thiên Chúa Giáo,A,
Chương 2,6,Mục đích chính Hồ Chí Minh muốn ra nước ngoài là:,"Xem nước Pháp và các nước khác làm như thế nào, sẽ trở về giúp đồng bào chúng","Xem nước Pháp và các nước khác học như thế nào, sẽ trở về giúp đồng bào chúng ta","Xem nước Pháp và các nước khác văn minh như thế nào, sẽ trở về giúp đồng bào chúng ta ta","Xem nước Pháp và các nước khác tiến bộ như thế nào, sẽ trở về giúp đồng bào chúng ta",C,
Chương 2,6,Nguyên nhân trực tiếp đẫn đến các phong trào yêu nước theo khuynh hướng dân chủ tư sản ở Việt Nam đầu thế kỷ XX thất bại là:,Giai cấp tư sản Việt Nam còn yếu,Giai cấp tư sản Việt Nam không có người lãnh đạo,Giai cấp tư sản Việt Nam không có đường lối đúng đắn,Giai cấp tư sản Việt Nam không có lực lượng.,C,
Chương 2,6,“Việt Nam vạn tuế” là khẩu hiệu trước khi bị hành hình của các chí sĩ yêu nước tham gia:,Phong trào Cần Vương,Khởi nghĩa Yên Bái,Phong trào Đông Kinh – Nghĩa Thục,"Khởi nghĩa của Nguyễn Thiện Thuật, Đinh Công Tráng",B,
Chương 2,6,Chí sĩ yêu nước Phan Bội Châu khởi xướng phong trào:,Duy tân,Đông du,Đông kinh nghĩa thục,"Chống đi phu, chống thu thuế",B,
Chương 2,6,"Chọn câu trả lời đúng nhất: Dưới ách thống trị, áp bức của thực dân Pháp, xã hội Việt Nam đã xuất hiện các giai cấp mới:","Nông dân, công nhân và địa chủ","Công nhân, tiểu tư sản, tiểu tư sản dân tộc","Công nhân, nông dân và trí thức","tiểu tư sản, tư sản và trí thức",B,
Chương 2,7,Giá trị nào được xem là giá trị xuyên suốt nổi bật nhất trong truyền thống dân tộc Việt Nam? Chọn câu trả lời đúng nhất.,Tinh thần thương người như thể thương thân,Tinh thần lá lành đùm lá rách,Chủ nghĩa yêu nước,Tinh thần chống giặc ngoại xâm.,C,
Chương 2,7,"“Nước Việt Nam có quyền hưởng tự do và độc lập và sự thật đã thành một nước tự do, độc lập. Toàn thể dân tộc Việt Nam quyết đem tất cả tinh thần và lực lượng, tính mạng và của cải để giữ vững quyền tự do, độc lập ấy”. Đoạn văn trên được trích trong:",Tuyên ngôn Độc lập,Lời kêu gọi toàn quốc kháng chiến,Sửa đổi lối làm việc,Đường kách mệnh,A,
Chương 2,7,"Trong khi kế thừa và tiếp thu học thuyết của Nho giáo về quản lý xã hội, Hồ Chí Minh đã kế thừa và đổi mới tư tưởng:",Đức trị và nhân trị,Pháp trị,Đức trị và pháp trị,Đức trị.,A,
Chương 2,7,Chọn ý sai. điều kiện và cơ sở hình thành tư tưởng Hồ Chí Minh?,"Nhu cầu khách quan và bức thiết do cách mạng Việt Nam đặt ra là muốn cứu nước, phải tìm một con đường cách mạng mới.","Quê hương Hồ Chí Minh là mảnh đất giàu truyền thống yêu nước, chống giặc ngoại xâm.","Hồ Chí Minh sinh ra trong một gia đình nhà Nho yêu nước, gần gũi nhân dân, cụ thân sinh có tư tưởng thương dân, chủ trương lấy dân làm hậu thuẫn cho mọi cải cách chính trị.","Ngay từ khi còn nhỏ ở trong trường, Hồ Chí Minh đã nhận thức được đặc điểm thời đại.",,
Chương 2,7,"Đối với Hồ Chí Minh, ưu điểm lớn nhất của học thuyết Khổng Tử là gì?",Tinh thần hiếu học.,Quản lý xã hội bằng đạo đức.,Sự tu dưỡng đạo đức cá nhân.,Quản lý xã hội bằng pháp luật,C,
Chương 2,8,"Nguyễn Ái Quốc gửi “Bản yêu sách của nhân dân An Nam” tới Hội nghị Vécxây, đòi chính phủ Pháp thừa nhận các quyền tự do, dân chủ và bình đẳng của nhân dân Việt Nam vào thời gian nào?",6/1917,6/1918,6/1919,6/1920,C,
Chương 2,8,Nhân tố chủ quan hình thành tư tưởng Hồ Chí Minh bao gồm:,Phẩm chất cá nhân cùng năng lực hoạt động thực tiễn phong phú,Phẩm chất cá nhân của người,Năng lực hoạt động thực tiễn của người.,Khả năng tư duy của người,A,
Chương 2,8,"Hồ Chí Minh xác định, cách mạng Việt Nam phải trải qua những thời kì nào?",Cách mạng tư sản và cách mạng vô sản,Cách mạng giải phóng dân tộc và cách mạng xã hội chủ nghĩa,Cách mạng ruộng đất và cách mạng tư sản,Cách mạng phong kiến và cách mạng vô sản,B,
Chương 2,8,"Trong tư tưởng Hồ Chí Minh về giải phóng dân tộc, giải phóng giai cấp, giải phóng con người. Hồ Chí Minh đặt lên hàng đầu nhiệm vụ gì?",Giải phóng dân tộc.,Giải phóng con người.,Giải phóng giai cấp.,"Cả, a, b và c đều đúng.",A,
Chương 2,8,"Theo Hồ Chí Minh, lực lượng giải phóng dân tộc bao gồm:",Nông dân,,Công nhân,,,
Chương 2,8,"Giải phóng dân tộc theo tư tưởng Hồ Chí Minh, xét về thực chất là: a - Đánh đổ ách áp bức, thống trị của đế quốc, thực dân giành độc lập dân tộc b - Giành độc lập dân tộc, hình thành nhà nước dân tộc độc lập c - Đánh đổ ách áp bức, thống trị của đế quốc, thực dân giành độc lập dân tộc, hình thành nhà nước dân tộc độc lập và tự do lựa chọn con đường phát triển của dân tộc phù hợp với xu thế phát triển của thời đại d - Tất cả đều đúng",,,,,,
Chương 2,8,Hồ Chí Minh dùng hình tượng gì để chỉ chủ nghĩa tư bản?,Con bạch tuộc,Con chim đại bàng,Con đỉa hai vòi,Hai cánh của con chim,C,
Chương 2,8,Chọn phương án trả lời đúng với tư tưởng Hồ Chí Minh:,Cách mạng giải phóng dân tộc giành thắng lợi đồng thời với thắng lợi cách mạng vô sản ở chính quốc.,Thắng lợi của cách mạng vô sản ở thuộc địa phải phụ thuộc vào thắng lợi của cách mạng vô sản ở chính quốc.,Cách mạng giải phóng dân tộc ở thuộc địa có khả năng nổ ra và giành được thắng lợi trước cách mạng vô sản ở chính quốc.,"Cả a, b và c đều sai",C,
Chương 2,9,"Theo Hồ Chí Minh, vấn đề dân tộc và vấn đề giai cấp có mối quan hệ với nhau như thế nào?",Giải phóng dân tộc và giải phóng giai cấp cần được tiến hành song song,Giải phóng dân tộc không liên quan đến giải phóng giai cấp,Giải phóng dân tộc là tiền đề để giải phóng giai cấp,Giải phóng giai cấp là tiền đề để giải phóng dân tộc,C,
Chương 2,9,"Bản chất của chủ nghĩa tư bản ""là một con đỉa có 1 cái vòi bám vào giai cấp vô sản ở chính quốc và 1 cái vòi khác bám vào giai cấp vô sản ở thuộc địa. Nếu muốn giết con vật ấy, người ta phải đồng thời cắt cả hai vòi. Nếu người ta chỉ cắt một vòi thôi thì cái vòi còn lại kia vẫn tiếp tục hút máu của giai cấp vô sản, con vật vẫn tiếp tục sống và cái vòi bị cắt đứt lại sẽ mọc ra"" câu nói đó trích từ tác phẩm nào của Nguyễn Ái Quốc?",Con rồng tre,,Đường cách mệnh,V. I. Lênin và các dân tộc phương Đông,,
Chương 2,9,Vấn đề dân tộc trong tư tưởng Hồ Chí Minh là sự kết hợp nhuần,,Bản án chế độ thực dân Pháp nhuyễn: a - Dân tộc với giai cấp c - Chủ nghĩa yêu nước với chủ nghĩa đế quốc,,,B,
Chương 2,9,Vấn đề dân tộc trong tư tưởng Hồ Chí Minh là vấn đề:,Dân tộc nói chung,Dân tộc Phương Đông,Dân tộc thuộc địa,Hình thành dân tộc,C,
Chương 2,9,"Thực chất của vấn đề dân tộc thuộc địa trong tư tưởng Hồ Chí Minh b - Độc lập dân tộc và chủ nghĩa xã hội d - Cả a, b, c đều đúng là:",Đòi quyền bình đẳng giữa các dân tộc,Đòi quyền tư do dân chủ cho nhân dân,Đòi quyền tự trị dân tộc dưới sự bảo hộ của ngoại bang,"Đấu tranh giải phóng dân tôc, thành lập nhà nước dân tộc độc lập, trong đó nhân dân là chủ thể tối cao của quyền lực nhà nước",D,
Chương 2,9,"Trong tư tưởng Hồ Chí Minh, nhiệm vụ hàng đầu, trên hết, trước hết của cách mạng Việt Nam là: a - Giải phóng dân tộc b - Giải phóng giai cấp c - Giải phóng con người d – Giải phóng giai cấp và giải phóng dân tộc",,,,,,
Chương 2,9,"Các lực lượng thực hiện giải phóng dân tộc, giải phóng giai cấp, giải phóng con người theo tư tưởng Hồ Chí Minh là: a - Đảng Cộng sản b - Khối đại đoàn kết dân tộc, đoàn kết toàn dân mà nòng cốt là lien minh công – nông – tri thức c - Các lực lượng cách mạng d – Tất cả các phương án đều đúng",,,,,,
Chương 2,9,"“Tất cả các dân tộc trên thế giới đều sinh ra bình đẳng, dân tộc nào cũng có quyền sống, quyền sung sướng và quyền tự do”. Hồ Chí Minh nói câu đó trong văn kiện nào?",Tuyên ngôn độc lập (1945),,Bản án chế độ thực dân Pháp,,A,
Chương 2,10,"Theo Hồ Chí Minh, cách mạng là sự nghiệp của ai?",Đảng,Nhà nước,Nhân dân,,C,
Chương 2,10,"Theo Hồ Chí Minh, cách mạng giải phóng dân tộc là sự nghiệp đoàn",Giai cấp công nhân,Đường Cách mệnh,Giai cấp công nhân và nông dân,Công nhân và nông dân kết của:,D,
Chương 2,10,Sức mạnh dân tộc Việt Nam bao gồm những yếu tố chủ yếu nào?,Chủ nghĩa yêu nước,Tinh thần đoàn kết,Ý thức tự lực tự cường,"Cả a, b và c đều đúng",D,
Chương 2,10,"Trước khi Đảng Cộng sản Việt Nam ra đời, tình cảnh cách mạng Việt",Khủng hoảng về đường lối cứu nước,"Công nhân, nông dân, trí thức",Mọi phong trào cách mạng đều thắng lợi,"Toàn dân, trên cơ sở liên minh công - nông Nam như thế nào?",A,
Chương 2,10,Phong trào Đông Du (1906 -1908) do ai lãnh đạo?,Hồ Chí Minh,Phan Chu Trinh,Phan Bội Châu,Nguyễn Thái Học,B,
Chương 2,10,Luận điểm nào sau đây là sai? Sức mạnh dân tộc trong tư tưởng Hồ Chí Minh Việt Nam bao gồm:,Chủ nghĩa yêu nước Việt Nam,,"Tinh thần đoàn kết, ý thức tự lực tự cừơng",,,
Chương 2,10,"Theo tư tưởng Hồ Chí Minh, các loại kẻ thù cần phải đánh đổ trong quá trình giải phóng dân tọc, giải phóng giai cấp, giải phóng con người là:","Nghèo nàn, giốt nát, lạc hậu và chủ nghĩa cá nhân dưới mọi hình thức","Đế quốc, thực dân và tay sai của chúng",Đế quốc và phong kiến,"Đế quốc, thực dân và tay sai của chúng cùng với nghèo nàn, giốt nát, lạc hậu và chủ nghĩa cá nhân dưới mọi hình thức",D,
Chương 2,10,Nội dung cơ bản trong con đường cứu nước của Hồ Chí Minh là:,Độc lập dân tộc gắn liến với chủ nghĩa xã hội,Giành chính quyền về tay nhân dân,Giải phóng con người,Thành lập Đảng Cộng sản Việt Nam,A,
Chương 2,10,"Trong Lời kêu gọi toàn quốc kháng chiến, Hồ Chí Minh xác định: “Chúng ta thà hy sinh tất cả, chứ nhất định […..........], nhất định không chịu làm nô lệ”.",Không chịu đầu hàng,,Không chịu mất nước,,C,
Chương 2,10,Một trong những nội dung cơ bản của Bản Yêu sách gồm tám điểm,Đòi quyền tự trị của dân tộc,Đòi quyền giải phóng dân tộc,Đòi quyền độc lập dân tộc,"Đòi quyền tự do, dân chủ tối thiểu cho nhân dân",D,
Chương 2,10,"Hồ Chí Minh nói: “Tôi chỉ có một sự ham muốn, ham muốn tột bậc, là làm sao cho nước ta được hoàn toàn độc lập, dân ta hoàn toàn được tự do, đồng bào ai cũng có cơm ăn, áo mặc, ai cũng được học hành” vào ngày tháng năm nào?",21/1/1946,,,,A,
Chương 2,11,Một trong những nội dung cơ bản của Bản Yêu sách gồm tám điểm,Đòi quyền tự trị của dân tộc,Đòi quyền giải phóng dân tộc,Đòi quyền độc lập dân tộc,Đòi quyền bình đẳng pháp lý cho nhân dân,D,
Chương 2,11,"Khi nghiên cứu về Cách mạng tư sản Mỹ (1776) và cách mạng tư sản Pháp (1789), Hồ Chí Minh xác định đó là những cuộc cách mạng như thế nào?",Chưa trọn vẹn,Không thành công,Thắng lợi,,,
Chương 2,11,"""Dù phải đốt cháy cả dãy Trừờng Sơn cũng phải giành cho được độc",Tháng 5-1941,Tháng 9-1945,Tháng 8-1945,Tháng 12-1946,D,
Chương 2,11,"Đại hội nào của Đảng khẳng định: “Đảng lấy chủ nghĩa Mác – Lênin, tư tưởng Hồ Chí Minh làm nền tảng tư tưởng và kim chỉ nam cho hành động ”?",Đại hội VII (1991),Đại hội VIII (1996),Đại hội IX (2001),Đại hội X (2006),B,
Chương 2,11,"Chủ tịch Hồ Chí Minh ra Lời kêu gọi toàn quốc kháng chiến “Thà hy sinh tất cả chứ nhất định không chịu mất nước, không chịu làm nô lệ” vào thời điểm nào?",Đêm ngày 18/9/1946,,Đêm ngày 19/12/1946,,C,
Chương 2,11,Hồ Chí Minh là người đấu trạnh đòi quyền độc lập cho:,Cả thế giới,Dân tộc Việt Nam và tất cả các dân tộc bị áp bức trên thế giới,Dân tộc Việt Nam,Ngày 25/11/1946,B,
Chương 2,11,Hồ Chí Minh khẳng định chủ nghĩa dân tộc là một động lực lớn ở các,Chân chính,,Sô vanh nước lớn,Các dân tộc thuộc địa ở phương Đông nước đang đấu tranh giành độc lập dân tộc. Đó là chủ nghĩa dân tộc:,A,
Chương 2,11,Chủ tịch Hồ Chí Minh ra lời kêu gọi toàn quốc kháng chiến vào thời,Đêm ngày 18/9/1946,Trong sáng,Ngày 20/12/1946,Hẹp hòi điểm nào?,D,
Chương 2,11,Hồ Chí Minh bàn về vấn đề dân tộc:,Phong kiến,,Tư sản,,,
Chương 2,11,"Theo Hồ Chí Minh, cách mạng giải phóng dân tộc muốn thắng lợi",Có tiềm lực mạnh,Độc lập,Có một cá nhân xuất sắc lãnh đạo,Thuộc địa . phải:,D,
Chương 2,11,"Theo Hồ Chí Minh, cách mạng giải phóng dân tộc muốn giành được",Tiến hành chủ động và sáng tạo,Dựa vào sự thắng lợi của cách mạng vô sản ở chính quốc,Dựa vào sự thắng lợi của cách mạng ở các nước thuộc địa khác,Dựa vào sự giúp đỡ của các nước xã hội chủ nghĩa,A,
Chương 2,12,"Theo Hồ Chí Minh, cách mạng giải phóng dân tộc muốn giành được thắng lợi cần phải:",Thực hiện bằng con đường bạo lực,"Thực hiện bằng con đường bạo lực, kết hợp lực lượng chính trị của quần chúng với lực lượng vũ trang nhân dân",Kết hợp lực lượng chính trị của quần chúng với lực lượng vũ trang nhân dân,Dựa vào sự thắng lợi của cách mạng vô sản ở chính quốc,B,
Chương 2,12,Luận điểm ”Công cuộc giải phóng anh em chỉ có thể thực hiện bằng sự nổ lực của bản thân anh em” là của ai?,Các Mác,,Lênin,,,
Chương 2,12,"Luận điểm ""Chủ nghĩa tư bản là một con đĩa có một cái vòi bám vào",Bản Án Chế độ thực dân Pháp,Ănghen,Đường Cách mệnh,"Hồ Chí Minh giai cấp vô sản ở chính quốc và một cái vòi bám vào giai cấp vô sản ở các thuộc địa. Nếu muốn giết con vật ấy, người ta phải đồng thời cắt cả hai vòi” của Hồ Chí Minh được trích từ tác phẩm nào?",A,
Chương 2,12,Luận điểm ”Chủ nghĩa dân tộc là một động lực lớn của đất nước” của,"Báo cáo Bắc kỳ, Trung Kỳ và Nam Kỳ",Báo Người Cùng khổ,Đường Cách mệnh,Tuyên ngôn độc lập Hồ Chí Minh được trích từ tác phẩm nào?,A,
Chương 2,12,"“Công nông là gốc của cách mệnh, còn học trò, nhà buôn nhỏ, điền chủ nhỏ là bầu bạn cách mệnh của công nông” được Nguyễn Ái Quốc đề cập đến điều gì?",Phương pháp cách mạng,Báo Người Cùng khổ,Nhiệm vụ của cách mạng,Mục tiêu của cách mạng,,
Chương 2,12,Cuốn “Đường Cách mệnh” tập hợp các bài giảng của Nguyễn Ái Quốc,Pháp,Liên-xô,Việt Nam,Trung Quốc,D,
Chương 2,12,"Theo Hồ Chí Minh độc lập, tự do là:",Quyền thiêng liêng của tất cả các dân tộc,Quyền bất khả xâm phạm của tất cả các dân tộc,Quyền tự quyết dân tộc,Quyền thiêng liêng và bất khả xâm phạm của tất cả các dân tộc,D,
Chương 2,12,"Theo Hồ Chí Minh độc lập, tự do quyền thiêng liêng và bất khả xâm phạm của tất cả các dân tộc vào thời gian nào?",Trong Cách mạng thánh Tám năm 1945,Trong kháng chiến chống Mỹ,Trong Kháng chiến chống Pháp,,,
Chương 2,12,"Theo Hồ Chí Minh, vận dụng chủ nghĩa Mác – Lênin cần phải:","Phù hợp với từng hoàn cảnh, từng đối tượng",Trung thành tuyệt đối với chủ nghĩa Mác – Lênin,Đảm bảo tính chính xác,"Cả a, b và c đều đúng",D,
Chương 2,13,"Kết hợp nhuần nhuyễn dân tộc với giai cấp, độc lập dân tộc và chủ nghĩa xã hội, phản ánh:",Quy luật khách quan của cách mạng giải phóng dân tộc trong thời đại cách mạng vô sản,"Mối quan hệ giữa mục tiêu giải phóng dân tộc, giải phóng giai cấp và con người",Mối quan hệ giữa mục tiêu độc lập dân tộc và chủ nghĩa xã hội,"Cả a, b và c đều đúng",D,
Chương 2,13,Cách mạng giải phóng dân tộc trong thời đại mới phải do ĐảngCộng sản lãnh đạo để:,"Giác ngộ, tổ chức, tập hợp dân chúng; đoàn kết với vô sản và các dân tọc bị áp bức trên thế giới",Đoàn kết với vô sản và các dân tộc bị áp bức trên thế giới.,Đảng thay giai cấp công nhân giành chính quyền về tay nhân dân,"Lập ra chính quyền của dân, do dân, vì dân",A,
Chương 2,13,"Theo Hồ Chí Minh, cách mạng giải phóng dân tộc có khả năng giành thắng lợi trước cách mạng vô sản ở chính quốc, vì:",Kẻ thù ở thuộc địa yếu hơn kẻ thù của giai cấp vô sản ở chính quốc,Lực lượng cách mạng ở thuộc địa đông và mạnh hơn lực lượng cách mạng ở chính quốc,Nộc độc và sức sống của con rắn độc tư bản chủ nghĩa tập trung ở các nước thuộc địa hơn ở các nước chính quốc,Các nước thuộc địa có sự giúp đỡ của quốc tế cộng sản,C,
Chương 2,13,"Kiên trì con đường Hồ Chí Minh đã lựa chọn, nghĩa là:",Hội nhập với nền kinh tế thế giới,Giữ vững nền độc lập dân tộc,Thực hiện mực tiên độc lập gắn liền với chủ nghĩa xã hội,Thực hiện triệt để cuộc cách mạng dân tộc dân chủ nhân dân,C,
Chương 2,13,"Theo Hồ Chí Minh, thực chất của giải phóng giai cấp là:",Xóa bỏ giai cấp bóc lột với tư cách là giai cấp thống trị xã hội,Tiêu diệt cá nhân những con người thuộc giai cấp bọc lột.,Thay giai cấp thống trị này bằng giai cấp thống trị khác,Tất cả các phương án đều đúng,A,
Chương 2,13,"Trong tư tưởng Hồ Chí Minh, giải phóng con người trước hết là:",Giải phóng quần chúng lao động,Giải phóng giai cấp công nhân,Giải phóng giai cấp nông dân,Giải phóng dân tộc,A,
Chương 2,13,Giải phóng con người theo tư tưởng Hồ Chí Minh là:,Giải phóng con người với tư cách từng cá nhân,Giải phóng con người với tư cách là cả loài người,Giải phóng con người với tư cách từng cá nhân và cả loài người,Giải phóng con người với tư cách là cả dân tộc,C,
Chương 2,13,Giải phóng dân tộc theo tư tưởng Hồ Chí Minh là:,"Đánh đổ ách áp bức, thống trị của đế quốc thực dân giành độc lập dân tộc","Đánh đổ ách áp bức, thống trị của đế quốc thực dân giành độc lập dân tộc, hình thành nhà nước dân tộc độc lập và tự do lựa chọn con đường phát triển của dân tộc phù hợp với xu thế của thời đại","Đánh đỗ ách áp bức thống trị của đế quốc, thực dân giành độc lập dân tộc",Đánh đổ địa chủ phong kiến đem lại ruộng đất cho nhân dân,B,
Chương 2,13,"Theo Hồ Chí Minh: “Giải phóng dân tộc, giải phóng giai cấp, giải phóng con người thống nhất nhau là tư tưởng cách mạng [........]”",Triệt để nhất,"Ở các nước châu Á, phương Đông",Phù hợp nhất.,Thông minh nhất,B,
Chương 2,14,"Theo Hồ Chí Minh, chủ nghĩa cộng sản dễ thích ứng ở đâu hơn?",Ở các nước tư bản phát triển nhất,,Ở các nước Châu Âu,,,
Chương 2,14,"Theo Hồ Chí Minh, cách mạng bạo lực là đấu tranh:",Kết hợp vũ trang và chính trị,,Chính trị,,A,
Chương 2,14,Hồ Chí Minh coi yếu tố nào là một động lực lớn của đất nước?,Chủ nghĩa yêu nước Việt Nam,,Chủ nghĩa cá nhân,,,
Chương 2,14,"Trong tư tưởng Hồ Chí Minh, tư tưởng bạo lực cách mạng luôn thống",Tư tưởng nhân đạo hòa bình,Cách mạng không ngừng,Tư tưởng đấu tranh ngoại giao,Đấu tranh chính trị,A,
Chương 2,14,Chọn cụm từ đúng điền vào chỗ trống […......] Đại hội IX của Đảng đã xác định tư tưởng Hồ Chí Minh “là [……] của Đảng và dân tộc ta”,Cẩm nâng,,Tài sản quí báu,,,
Chương 2,14,"Theo Hồ Chí Minh, cách mạng giải phóng dân tộc là sự nghiệp đoàn","Toàn dân, trên cơ sở liên minh công – nông","Công nhân, nông dân và tầng lớp trí thức",Giai cấp công nhân và nông dân,Giai cấp công nhân,A,
Chương 2,14,Chọn cụm từ đúng điền vào chỗ trống […......] theo tư tưởng Hồ Chí Minh. “Toàn quốc đồng bào hãy đúng dậy […......] mà tự giải phóng cho ta”,Dựa vào sự giúp đỡ quốc tế.,Dựa vào sự đoàn kết toàn dân.,Dưới sự lãnh đạo của Đảng. .,Đem sức ta.,D,
Chương 2,14,"Chọn cụm từ đúng điền vào chỗ trống […......] theo tư tưởng Hồ Chí Minh: “Toàn thể dân tộc Việt Nam quyết đem [….....] để giữ vững quyền tự do, độc lập ấy”",Tất cả tinh thần và lực lượng,"Tất cả tinh thần và lực lượng, tính mạng và của cải.",Toàn bộ sức lực.,Toàn bộ của cải.,B,
Chương 2,14,"Chọn cụm từ đúng điền vào chỗ trống […......] theo tư tưởng Hồ Chí Minh: “Tôi chỉ có một ham muốn, ham muốn tột bậc, là làm sao cho nước ta được [……], dân ta được hoàn toàn tự do, đồng bào ta ai cũng có cơm ăn áo mặc, ai cũng được học hành”.",Nhanh chóng độc lập,Thắng lợi,Hoàn toàn độc lập,Giải phóng,C,
Chương 2,14,"Theo Hồ Chí Minh, khát vọng lớn nhất của dân tộc thuộc địa là gì?",Cơm áo và ruộng đất,,Quyền bình đẳng,,,
Chương 2,14,Ham muốn tột bậc của Hồ Chí Minh là gì?,Nước được độc lập.,"Đồng bào ai cũng có cơm ăn, áo mặc, được học hành",Dân được tự do.,"Cả a, b, c đều đúng",D,
Chương 2,15,Tư tưởng cốt lõi trong tư tưởng Hồ Chí Minh về cách mạng Việt Nam là gì?,"Tư tưởng về giải phóng dân tộc, giải phóng giai cấp, giải phóng con người.",Tư tưởng về đạo đức cách mạng,Tư tưởng về kết hợp sức mạnh dân tộc với sức mạnh thời đại,Tư tưởng về độc lập dân tộc gắn liền với CNXH,D,
Chương 2,15,Vấn đề dân tộc trong tư tưởng Hồ Chí Minh là sự kết hợp nhuần nhuyễn giữa:,Dân tộc và giai cấp,Chủ nghĩa yêu nước và chủ nghĩa quốc tế,Độc lập dân tộc và chủ nghĩa xã hội,Cách mạng thuộc địa với cách mạng vô sản Vấn đề dân tộc trong tư tưởng Hồ Chí Minh là sự kết hợp nhuần nhuyễn: a - Dân tộc với giai cấp c - Chủ nghĩa yêu nước với chủ nghĩa đế quốc,D,
Chương 2,15,"Hồ Chí Minh nói câu “Không có gì quí hơn độc lập tự do” vào thời b - Độc lập dân tộc và chủ nghĩa xã hội d - Cả a, b, c đều đúng gian nào? a.1945",,1954,1960,1966 NGUYỄN ÁI QUỐC,D,
Chương 2,15,Nguyễn Tất Thành lên con tàu Amiran Latusơ Tơrơvin để ra đi tìm đường cứu nước tại đâu? Vào thời gian nào?,6/5/1911 tại Bến cảng Nhà Rồng,2/6/1911 tại Sài Gòn,5/6/1911 tại Bến cảng Nhà Rồng,4/6/1911 tại Bến Nhà Rồng,C,
Chương 2,15,Nguyễn Tất Thành lúc ra đi tìm đường cứu nước bao nhiêu tuổi?,19 tuổi,20 tuổi,21 tuổi,24 tuổi,C,
Chương 2,15,Người thầy giáo đầu tiên của Nguyễn Tất Thành là ai?,Vương Thúc Quí,Nguyễn Sinh Sắc,Trần Tấn,Phan Bội Châu,B,
Chương 2,15,Nguyễn Tất Thành vào học trường Pháp -Việt Đông Ba năm nào?,9/1905,9/1906,9/1907,9/1908,B,
Chương 2,15,"Nguyễn Tất Thành nói: “Tôi muốn đi ra ngoài xem nước Pháp và các nước khác làm như thế nào, tôi sẽ trở về giúp đồng bào chúng ta”. Câu nói đó vào thời gian nào?",6/1909,6/1911,7/1910,6/1912,B,
Chương 2,16,Hồ Chí Minh sánh lập “Hội Việt Nam cách mạng thanh niên” vào thời gian nào?,Tháng 5/1925,Tháng 5 /1927,Tháng 6/ 1925,Tháng 5/1926,C,
Chương 2,16,Nguyễn Tất Thành học tại trường Quốc học Huế năm học nào?,Năm học 1905-1906,Năm học 1907-1908,Năm học 1906-1907,Năm học 1911-1912,B,
Chương 2,16,Nguyễn Tất Thành đã tham dự cuộc biểu tình chống thuế của nông dân tỉnh Thừa Thiên vào thời gian nào?,5/1905,5/1908 c .5/1906,,5/1911,B,
Chương 2,16,Nguyễn Tất Thành dạy học ở trường Dục Thanh thời gian nào?,9/1908 đến 9/1909,9/1910 đến 4/1911,9/1910 đến 2/1911,9/1910 đến 5/1911,C,
Chương 2,16,Nguyễn Tất Thành ở Mỹ thời gian nào?,1911- 1912,1912-1913,1912-1914,1913-1914,B,
Chương 2,16,Nguyễn Tất Thành ở nước Anh thời gian nào?,1913- 1914,1914-1915,1914-1916,1914-1917,D,
Chương 2,16,Những tri thức mà Nguyễn Tất Thành có được về nền văn hoá Pháp là do anh đã từng đọc các tác phẩm của ai?,Vôn te,Rút xô,Mông tex kiơ,"Tất cả a, b,c đều đúng",D,
Chương 2,16,Nguyễn Ái Quốc vào Đảng Xã hội Pháp năm nào?,1917,1918,1919,1920,B,
Chương 2,16,"Báo Le Paria (Người Cùng khổ) do Nguyễn Ái Quốc đồng sáng lập, ra số đầu tiên khi nào?",30/12/1920,1/4/1921,1/4/1922,1/4/1923,C,
Chương 2,17,"""Luận cương của V. I. Lênin làm cho tôi rất cảm động, phấn khởi, sáng tỏ, tin tưởng biết bao. Tôi vui mừng đến phát khóc lên. Ngồi một mình trong buồng mà tôi nói to lên như đang nói trước quần chúng đông đảo: hỡi đồng bào bị đọa đày đau khổ? Đây là cái cần thiết cho chúng ta, đây là con đừờng giải phóng của chúng ta"". Nguyễn Ái Quốc nói câu ấy khi đang ở đâu?","Luân Đôn, Anh","Paris, Pháp","Quảng Châu, Trung Quốc","Máxcơva, Liên Xô",C,
Chương 2,17,"""Luận cương của V. I. Lênin làm cho tôi rất cảm động, phấn khởi, sáng tỏ, tin tưởng biết bao. Tôi vui mừng đến phát khóc lên. Ngồi một mình trong buồng mà tôi nói to lên như đang nói trước quần chúng đông đảo: hỡi đồng bào bị đọa đày đau khổ? Đây là cái cần thiết cho chúng ta, đây là con đừờng giải phóng của chúng ta"". Câu nói này của Nguyễn Ái Quốc được trích từ tác phẩm nào?",Đời hoạt động của Hồ Chủ tịch,Con đường dẫn tôi đến với chủ nghĩa Lênin,Lênin vĩ đại,Cách mạng Tháng Mười và con đường giải phóng dân tộc,B,
Chương 2,17,"Trong thời gian ở nước ngoài, Nguyễn Tất Thành đã làm những công việc gì?","Phụ bếp, cào tuyết","Thợ ảnh, làm bánh","Đốt lò, bán báo",Tất cả các công việc trên.,D,
Chương 2,17,Hồ Chi Minh viết tác phẩm “Đường Kách mệnh” vào năm nào?,Năm 1926,Năm 1927,Năm 1928,Năm 1929,B,
Chương 2,17,Tác phẩm “Bản án chế độ thực dân Pháp” của Nguyễn Ái Quốc được xuất bản lần đầu tiên vào năm nào?,Năm 1923,Năm 1925,Năm 1926,Năm 1924,B,
Chương 2,17,Nguyễn Ái Quốc lựa chọn con đường giải phóng dân tộc theo khuynh hường chính trị vô sản vào thời gian nào?,1917,1918,1919,1920,D,
Chương 2,17,Nguyễn Tất Thành lấy tên là Nguyễn Ái Quốc vào thời gian nào?,Khi Bác lên tàu từ bến Nhà Rồng năm 1911;,Khi Bác tham gia sáng lập Đảng Cộng sản Pháp tại Đại hội Tua tháng 12/1920;,Tại Hội nghị Vécxay (Pháp) ngày 18/6/1919;,Khi Bác sang Liên Xô làm việc ở Ban Phương Đông của Quốc tế Cộng sản tháng 6/1923.,C,
Chương 2,18,Nguyễn Ái Quốc từ Liên Xô về Quảng Châu (Trung Quốc) vào thời gian nào?,12/1924,11/1924,12/1925,10/ 1924,A,
Chương 2,18,"Vở kịch Con Rồng tre được Nguyễn Ái Quốc viết nhân dịp vua Khải Định sang Pháp, đó là năm nào?",Tháng 5/1922,Tháng 5/1925,Tháng 5/1923,Tháng 5/1927,D,
Chương 2,18,"“Đuổi hổ cửa trước, rước beo cửa sau” là câu Nguyễn Ái Quốc nói về chủ trương cứu nước của ai?",Nguyễn Thái Học,Hoàng Hoa Thám,Phan Bội Châu,Phan Chu Trinh,C,
Chương 2,18,“Ỷ Pháp cầu tiến bộ chẳng khác nào xin giặc rủ lòng thương” là câu Nguyễn Ái Quốc nhận xét về chủ trương cứu nước của ai?,Nguyễn Thái Học,Hoàng Hoa Thám,Phan Bội Châu,Phan Chu Trinh,D,
Chương 2,18,Lý do chính của việc Nguyễn Ái Quốc đến Pháp?,Để vận động nhân dân Pháp ủng hộ cách mạng Việt Nam,Để tìm hiểu văn minh Pháp,Vì nguồn gốc mọi đau khổ của nhân dân Việt Nam là ở tại “chính quốc”,Để học nghề,B,
Chương 2,18,Đại hội nào của Đảng khẳng định: “Tư tưởng Hồ Chí Minh không chỉ là kết quả của sự vận dụng sáng tạo mà còn phát triển sáng tạo chủ nghĩa Mác - Lênin vào điều kiện cụ thể của nước ta”?,Đại hội VII (1991),Đại hội VIII (1996),Đại hội IX (2001),Đại hội X (2006),C,
Chương 2,18,Nguyễn Tất Thành lần đầu tiên tiếp xúc với khẩu hiệu “Tự do – Bình đẳng – Bác ái” vào năm nào?,1904,1905,1908,1917,A,
Chương 2,18,"Bác Hồ về nước ngày, tháng, năm nào?",28/1/1941,28/1/1942,12/8/1942,19/12/1941,A,
Chương 2,18,Chọn phương án trả lới đúng nhất cho tư tưởng Hồ Chí Minh?,Tư tưởng Hồ Chí Minh là kết quả của sự vận dụng phát triển sáng tạo chủ nghĩa Mác - Lênin vào điều kiện thực tế của nước ta.,Tư tưởng Hồ Chí Minh là kết quả của sự vận dụng và phát triển sáng tạo chủ nghĩa Mác - Lênin vào điều kiện cụ thể của nước ta.,Tư tưởng Hồ Chí Minh là kết quả của sự phát triển sáng tạo chủ nghĩa Mác - Lênin vào điều kiện thực tế của nước ta.,Tư tưởng Hồ Chí Minh là kết quả của sự sáng tạo chủ nghĩa Mác - Lênin vào điều kiện thực tế của nước ta.,B,
Chương 2,19,"Nguyễn Ái Quốc gứi bản “Yêu sách của nhân dân Việt Nam” tới Hội nghị Véc xay vào ngày, tháng, năm nào?",18/6/1917,18/6/1918,18/6/1919,18/6/1920,C,
Chương 2,19,Nguyễn Ái Quốc đọc “Sơ thảo lần thứ nhất về vấn đề dân tộc và thuộc địa” của Lênin vào thời gian nào?,7/1917,7/1920,7/1918,7/1922,B,
Chương 2,19,"Nguyễn Ái Quốc tán thành Quốc tế III, tham gia thành lập Đảng Cộng sản Pháp khi nào?",12/1918,12/1919,12/1920,12/1923,C,
Chương 2,19,Nguyễn tất Thành lấy tên Nguyễn Ái Quốc vào thời gian nào?,18/6/1917,18/6/1918,18/6/1919,18/6/1920,C,
Chương 2,19,Nguyễn Ái Quốc đã thành lập Hội Việt Nam cách mạng thanh niên ở đâu?,Hương Cảng (Trung Quốc),Thượng Hải (Trung Quốc),Quảng Châu (Trung Quốc),Cao Bằng (Việt Nam),C,
Chương 2,19,"Thay mặt Hội những người Việt Nam yêu nước tại Pháp, Nguyễn Ái Quốc gửi bản “Yêu sách của nhân dân Việt Nam” tới Hội nghị Véc xay. Bản Yêu sách của nhân dân Việt Nam gồm mấy điểm:",6 điểm,8 điểm,9 điểm,12 điểm,B,
Chương 2,19,"Theo Hồ Chí Minh, ưu điểm lớn nhất của học thuyết Khổng Tử là gì?",Tinh thần hiếu học,Sự tu dưỡng đạo đức cá nhân,Quản lý xã hội bằng đạo đức,Tinh thần lễ nghĩa,B,
Chương 2,20,Tư tưởng Hồ Chí minh về con đường cách mạng Việt Nam được hình thành về cơ bản vào năm nào?,1917,1920,1930,1945,C,
Chương 2,20,Hồ Chí Minh đến với chủ nghĩa Mác – Lênin và trở thành người cộng sản đầu tiên của Việt Nam vào thời gian nào?,1917,1920,,,B,
Chương 2,20,Các bài giảng của Nguyễn Ái Quốc tại các lớp huấn luyện cán bộ tuyên truyền của hội Liên hiệp các dân tộc bị áp bức bóc lột lập hợp lại và xuất bản thành tác phẩm gì?,Bản án chế độ thực dân Pháp,Lênin và Phương Đông,Con Rồng tre,Đường Cách mệnh,D,
Chương 2,20,Hồ Chí Minh đã tiếp thu những yếu tố nào của Phật Giáo?,Lòng thương người,Tinh thần cứu khổ cứu nạn,"Tinh thần từ bi, bác ái",,,
Chương 2,20,"Theo Hồ Chí Minh, điểm lớn nhất của chủ nghĩa Mác - Lênin là gì?",Bản chất cách mạng.,Bản chất khoa học.,Chủ nghĩa nhân đạo chiến đấu.,,,
Chương 2,20,"Theo Hồ Chí Minh, ưu điểm lớn nhất của tôn giáo GiêSu là gì?",Đức hy sinh,,Lòng nhân ái cao cả,,C,
Chương 2,20,"Theo Hồ Chí Minh, ưu điểm lớn nhất của chủ nghĩa tam dân của Tôn",Chống phong kiến,Lòng cao thượng,"Đem lại độc lập, tự do","Lòng tư bi bác ái Trung Sơn, đối với nước ta là:",D,
Chương 2,20,Tư tưởng Hồ Chí Minh được hình thành từ những nguồn gốc nào?,Truyền thống văn hoá của dân tộc Việt Nam và tinh hoa văn hoá loài người.,Chủ nghĩa Mác – Lênin,Những phẩm chất chủ quan của Hồ Chí Minh,"Cả a, b, c và đều đúng",D,
Chương 2,20,"Trong các nguồn gốc hình thành tư tưởng Hồ Chí Minh, nguồn gốc nào quan trọng nhất, quyết định đối với việc hình thành và phát triển tư tưởng Hồ Chí Minh?",Truyền thống văn hoá của dân tộc Việt Nam.,Những phẩm chất chủ quan của Hồ Chí Minh,Tinh hoa văn hoá loài người d Chủ. nghĩa Mác – Lênin,,C,
Chương 2,20,"Trong những tiền đề lý luận hình thành tư tưởng Hồ Chí Minh, tiền đề nào quyết định bản chất cách mạng và khoa học của tư tưởng Hồ Chí Minh?",Tinh hoa văn hóa dân tộc,,Tinh hoa văn hoá loài người,,,
Chương 2,20,"Hồ Chí Minh viết: “Tất cả các dân tộc trên thế giới đều sinh ra bình đẳng, dân tộc nào cũng có quyền bình đẳng, dân tộc nào cũng có quyền sống, quyền sung sướng và quyền tự do” ở tác phẩm nào?",Đường cách mạng,Bản án chế độ thực dân Pháp,Tuyên ngôn độc lập,Chủ nghĩa Mác – Lênin,C,
Chương 2,21,Nền tảng tư tưởng và kim chỉ nam cho hành động của Đảng và cách,Chủ nghĩa yêu nước,,Tư tưởng Hồ Chí Minh,Tuyên ngôn của Đảng cộng sản mạng Việt Nam là:,D,
Chương 2,21,Trong các truyền thống văn hoá dân tộc hình thành nên tư tưởng Hồ,Chủ nghĩa yêu nước,Truyền thống đoàn kết,Chủ nghĩa Mác - Lênin,"Truyền thống lao động cần cù, sáng tạo.",B,
Chương 2,21,Hồ Chí Minh đã dùng hình tượng nào dưới đây để chỉ CNTB?,Con bạch tuộc.,Con chim đại bàng,Con đỉa hai vòi,"Cả a, b và c đều sai",C,
Chương 2,21,"Theo Hồ Chí Minh, học chủ nghĩa Mác- Lênin là để làm gì?",Học thuộc các luận điểm lí luận.,Để chứng tỏ trình độ lí luận,Để sống với nhau có tình có nghĩa.,"Cả a, b và c đều sai",D,
Chương 2,21,"Phong trào cách mạng Việt Nam cuối thế kỷ XIX, đầu thế kỷ XX có những đặc điểm gì chung?",Tinh thần yêu nước rất cao,,Ý chí căm thù giặc sâu sắc,,,
Chương 2,21,"Theo Hồ Chí Minh, “giặc nội xâm” bao gồm những loại nào?",Tham ô,Gây tiếng vang lớn trong quần chúng nhân dân,Lãng phí,"Cả a, b và c đều đúng",D,
Chương 2,21,"Theo Hồ Chí Minh, ở đời và làm người thì phải làm gì?",Yêu nước,Thương nhân loại bị áp bức,Thương dân,"Cả a, b, c đều đúng.",D,
Chương 2,21,Hồ Chí Minh tiếp thu tư tưởng văn hoá phương Đông chủ yếu từ:,Nho giáo và Thiên Chúa giáo,,Nho giáo và Phật giáo,,C,
Chương 2,21,Nhờ tiếp thu yếu tố nào mà Nguyễn Ái Quốc đã từ một nhà yêu nước,Chủ nghĩa Mác – Lênin,Phật giáo và Thiên Chúa giáo,Chủ nghĩa tam dân,"Cả a, b và c đều đúng. trở thành một người cộng sản?",A,
Chương 2,21,Vì sao giai cấp nông dân không thể lãnh đạo được cuộc cách mạng,Họ đông nhưng không mạnh.,Họ không có chính đảng.,Họ không đại diện cho PTSX tiên tiến,Họ không có hệ tư tưởng độc lập và không đại diện cho PTSX tiên tiến.,D,
Chương 2,21,Việt Nam Quốc Dân Đảng được thành lập vào thời gian nào?,12/ 1927,,11/ 1926,7/1925,A,
Chương 2,21,"Tại hội Đảng toàn quốc lần thứ VI, Đảng ta quyết định đường lối đổi",Đổi mới chính trị,Đổi mới kinh tế,Đổi mới tư duy.,Đổi mới toàn diện đất nước.,D,
Chương 2,21,Cơ quan ngôn luận của tổ chức Việt Nam Thanh niên cách mạng đồng chí hội là tờ báo:,Người cùng khổ,,Thanh niên,,C,
Chương 2,21,"Bác Hồ về nước ngày, tháng, năm nào?",28/1/1941,28/1/1942,12/8/1942,Lao động,A,
Chương 2,22,Chọn cùm từ thích hợp điền vào chỗ trống [……] theo tư tưởng Hồ Chí Minh. “Muốn người ta giúp cho thì trước hết mình phải [……]”,Giúp người ta trước,Tự giúp lấy mình đã,Tự cố gắng đứng dậy,Kêu gọi sự giúp đỡ,B,
Chương 2,22,Một trong những giá trị truyền thống tốt đẹp của dân tộc Việt Nam được Hồ Chí Minh tiếp thu để hình thành tư tưởng của mình là:,Chủ nghĩa Mác – Lênin,Chủ nghĩa yêu nước Việt Nam,Truyền thống đoàn kết của dân tộc Việt Nam,Những mặt tích cực của Nho giáo,B,
Chương 2,22,Một trong những giá trị văn hóa phương Đông được Hồ Chí Minh tiếp thu để hình thành tư tưởng của mình là:,Chủ nghĩa Mác – Lênin,,Chủ nghĩa tam dân,,,
Chương 2,22,Tư tưởng Hồ Chí Minh được hình thành và phát triển qua mấy giai,3 giai đoạn,4 giai đoạn,5 giai đoạn,6 giai đoạn,C,
Chương 2,22,Nguyễn Ái Quốc mở lớp huấn luyện chính trị tại số nhà bao nhiêu phố Văn Minh (Quảng Châu)?,Số 13/1,Số 20/1,Số 15/l,Số 22/1,B,
Chương 2,22,Giai đoạn hình thành cơ bản tư tưởng về con đường cách mạng Việt Nam được tính từ: a - Trước 1911 c – Từ 1920 đến 1930,,,,,,
Chương 2,22,Giai đoạn phát triển và thắng lợi của tư tưởng Hồ Chí Minh được b - Năm 1911 đến 1920 d – Từ 1930 đến 1945 tính từ:,Từ năm 1920 đến 1930,,Từ năm 1930 đến 1945,,,
Chương 2,22,"Giai đoạn vượt qua thử thách , kiên trì con đướng đã xác định cho",,Từ năm 1941 đến 1945 d 1945 đế. Từ năm n 1969 Cách mạng Việt Nam của Hồ Chí Minh được tính từ : a - Năm 1911 đến 1920 b - Năm 1920 đến 1930 c - Năm 1930 đến 1945 d - Năm 1945 đến 1969,,,B,
Chương 2,22,Hồ Chí Minh được UNESCO ra quyết định công nhận là anh hùng giải phóng dân tộc Việt Nam và danh nhân văn hóa kiệt xuất của thế giới vào năm nào?,Năm 1969,Năm 1975,Năm 1987,Năm 1990,D,
Chương 2,22,"Chọn cụm từ đúng điền vào chỗ trống […...] Tháng 7 năm 1920, Hồ Chí Minh đọc tác phẩm [......] của Lênin",Tác phẩm “Làm gì”,Sơ thảo lần thứ nhất Luận cương về các vấn đề dân tộc,Sơ thảo lần thứ nhất về các vấn đề dân tộc và thuộc địa,Sơ thảo lần thứ nhất Luận cương về các vấn đề thuộc địa,C,
Chương 2,23,Chọn cụm từ đúng điền vào chỗ trống […...] Trong Cương lĩnh Chính trị đầu tiên của Đảng do Nguyễn Ái Quốc soạn thảo đã xác định phương hướng chiến lược là: “làm tư sản dân quyền cách mạng và thổ địa cách mạng để đi tới […...]”.,Chủ nghĩa tư bản,Chủ nghĩa xã hội,Xã hội cộng sản,Thời kỳ quá độ lên chủ nghĩa xã hội,C,
Chương 2,23,Nền tảng tư tưởng và kim chỉ nam cho hành động của Đảng và cách mạng Việt Nam là [......] và tư tưởng Hồ Chí Minh.,Chủ nghĩa Mác-Lênin;,Triết học Mác- Lênin;,Kinh tế chính trị Mác- Lênin;,"Cả A, B và C đều sai.",,
Chương 2,23,"Trong các nguồn gốc hình thành tư tưởng Hồ Chí Minh, nguồn gốc quan trọng nhất, quyết định là […...]",Tư tưởng Hồ Chí Minh.,Chủ nghĩa yêu nướC.,Chủ nghĩa Mác-Lênin.,Tinh hoa văn hóa nhân loại.,C,
Chương 2,23,Yếu tố nào là cơ sở thế giới quan và phương pháp luận của tư tưởng Hồ Chí Minh?,Tư tưởng Hồ Chí Minh.,Chủ nghĩa yêu nướC.,Chủ nghĩa Mác-Lênin.,Tinh hoa văn hóa nhân loại.,C,
Chương 2,23,Chọn cụm từ đúng điền vào chỗ trống […...] theo Hồ Chí Minh: “Muốn cứu nước và […...] không con đường nào khác con đường […...]”.,Giải phóng dân tộc; cách mạng vô sản;,Giải phóng dân tộc; cách mạng tư sản;,Giành độc lập; cách mạng vô sản;,"Giành độc lập, tự do; cách mạng văn hóa;",A,
Chương 2,24,"Năm 1941, Nguyễn ái Quốc viết một tác phẩm có câu mởđầu: ""Dân ta phải biết sử ta/ Cho tường gốc tích nước nhà Việt Nam"". Đó là tác phẩm: A.""Đường cách mệnh”",,"""Lịch sử nước ta""","""Bài ca du kích""","""Di chúc""",B,
Chương 2,24,Luận điểm nào sau đây là sai? Tư tưởng Hồ Chí Minh bắt nguồn từ:,Truyền thống đạo đức của dân tộc Việt Nam B.Yêu cầu của cách mạng,,"Kế thừa tư tưởng đạo đức phương Đông và tinh hoa văn hóa nhân loại D.Tư tưởng đạo đức và những tấm gương của Mác, Ăngghen, Lênin.",,A,
Chương 2,24,Hãy lựa chọn câu trả lời đúng nhất:,Hồ Chí Minh là anh hùng giải phóng dân tộc của việt Nam,Hồ Chí Minh là anh hùng giải phóng của dân tộc Việt Nam và danh nhân văn hóa kiệt xuất của thế giới.,Hồ Chí Minh là anh hùng giải phóng dân tộc của Việt Nam và là một nhà văn hóa kiệt xuất,Hồ Chí Minh là anh hùng giải phóng của dân tộc và là nhà văn hóa lớn của thế giới.,B,
Chương 2,24,"Chọn từ điền vào chố trống [.......] để hoàn thiện câu: Văn kiện Đại hội XI của Đảng chỉ rõ: Tư tưởng Hồ Chí Minh [.........] cho cuộc đấu tranh của nhân dân ta giành thắng lợi, là [......] to lớn của Đảng và dân tộc ta.",Mở đường; tài sản tinh thần,Soi đường; tài sản tinh thần,Chỉ đường; tài sản tinh thần,Dẫn đường; tài sản tinh thần,B,
Chương 2,24,Cuộc vận động “Học tập và làm theo tấm gương đạo đức Hồ Chí Minh” được Đảng ta phát động cho đối tượng nào?,Toàn thể cán bọ công chức,,Trong toàn Đảng và hệ thống chính trị,,C,
Chương 3,24,Chon phương án trả lời đúng với tư tưởng Hồ Chí Minh:,"Từ năm 890 đến 1911 : Thời kỳ nghiên cứu, khảo sát thực tế, đến với chủ nghia Mác –","Từ năm 1911 đến 1920: Thời kỳ hình thành tư tưởng yêu nước, chí hướng cứu nước",Từ năm 1921 đến 1930: Thời kỳ hình thành cơ bản con đường cách mạng Việt Nam,"Từ năm 1945 đến 1969: Thời kỳ vượt qua khó khăn, kiên trì con đường đã chọn",C,
Chương 3,24,Bản yêu sách của nhân dân An Nam được Nguyễn Ái Quốc gửi đến hội nghị Versailles năm 1919 nhằm:,Đòi quyền bình đẳng về mặt pháp lý và đòi quyền tự do dân chủ cho nhân dân An Nam,Đòi quyền bình đẳng và quyền tự quyết cho nhân dân An Nam,"Đòi quyền được sống, quyền mưu cầu hạnh phúc cho nhân dân An Nam",Đòi quyền bình đẳng cho nhân dân An Nam,A,
Chương 3,25,"Theo Hồ Chí Minh, độc lập dân tộc phải:",Gắn liền với tự do của nhân dân,Gắn liền với quyền tồn tại của dân tộc,"Gắn liền với tự do, hạnh phúc của nhân dân","Gắn liền với tự do, hạnh phúc của nhân dân và quyền tự quyết của dân tộc[<br>]",C,
Chương 3,25,“Làm cho nước Nam được hoàn toàn độc lập ... dân chúng được tự do ... thủ tiêu hết các thức quốc trái ...”. Đoạn trích này trên được trích trong:,Học thuyết tam dân của Tôn Trung Sơn,Chánh cương vắn tắt của Đảng,Tuyên ngôn độc lập,Tất cả đều sai,B,
Chương 3,25,"“nước Việt Nam là một, dân tộc Việt Nam là một”, được Hồ Chí Minh phát biểu lần đầu vào thời gian nào:",Tháng 2 năm 1958,Tháng 2 năm 1957,Tháng 2 năm 1956,Tháng 2 năm 1955,A,
Chương 3,25,"“Dù khó khăn gian khổ đến mấy, nhân dân ta nhất định sẽ hoàn toàn thắng lợi. Đế quốc Mỹ nhất định phải cút khỏi nước ta. Tổ quốc ta nhất định sẽ thống nhất. Đồng bào Nam Bắc nhất định sum họp một nhà”. Đoạn trích này của Hồ Chí Minh được trích trong:",Di chúc,Lời kêu gọi toàn quốc kháng chiến,Thư gửi đồng bào Nam bộ,Chánh cương vắn tắt,A,
Chương 3,25,Một trong những điểm sáng tạo của Hồ Chí Minh khi nghiên cứu chủ nghĩa Mác Lênin thể hiện ở quan điểm:,"Giải phóng dân tộc gắn với giải phóng giai cấp, trong đó giải phóng dân tộc là trước hết, trên hết; độc lập dân tộc gắn liền với chủ nghĩa xã hội.","Giải phóng dân tộc gắn với giải phóng đất nước, trong đó giải phóng dân tộc là trước hết, trên hết; độc lập dân tộc gắn liền với chủ nghĩa xã hội.","Giải phóng dân tộc gắn với giải phóng người dân, trong đó giải phóng dân tộc là trước hết, trên hết; độc lập dân tộc gắn liền với chủ nghĩa xã hội.","Giải phóng dân tộc gắn với giải phóng giai cấp, trong đó giải phóng dân tộc là quan trọng nhất; độc lập dân tộc gắn liền với chủ nghĩa xã hội.",A,
Chương 3,26,Chọn nội dung đúng nhất trong tư tưởng Hồ Chí Minh. Đảng cộng sản là:,"Đội tiên phong của giai cấp công nhân và nhân dân lao động kiên quyết nhất, hăng hái nhất, trong sạch nhất, tận tâm tận lực phụng sự Tổ quốc","Vừa là đội tiên phong của giai cấp công nhân vừa là đội tiên phong của nhân dân lao động kiên quyết nhất, hăng hái nhất, trong sạch nhất, tận tâm tận lực phụng sự Tổ quốc.","Vừa là đội tiên phong của giai cấp công nhân kiên quyết nhất, hăng hái nhất, trong sạch nhất, tận tâm tận lực phụng sự Tổ quốc","Tổ chức kiên quyết nhất, hăng hái nhất, trong sạch nhất, tận tâm tận lực phụng sự Tổ quốc",B,
Chương 3,26,"Theo Hồ Chí Minh, lực lượng cách mạng giải phóng dân tộc phải bao gồm:",Tầng lớp trí thức và công nhân,"Công nhân, nông dân, trí thức, quân đội.","Công nhân, nông dân, trí thức, quân đội, người Việt ở nước ngoài.",Toàn dân.,D,
Chương 3,26,"Trong các lực lượng của cách mạng, theo Hồ Chí Minh:",Trí thức là chủ của cách mệnh là gốc của cách mệnh,Công nhân là chủ của cách mệnh là gốc của cách mệnh,Công nông là chủ của cách mệnh là gốc của cách mệnh,Nông dân là chủ của cách mệnh là gốc của cách mệnh,C,
Chương 3,26,"Theo Hồ Chí Minh, chủ nghĩa xã hội là:","CNXH trước hết nhằm làm cho nhân dân lao động thoát nạn bần cùng, là làm cho mọi người có công ăn việc làm, được ấm no và sống một đời hạnh phúc, là làm sao cho dân giàu nước mạnh.",là làm sao cho dân giàu nước mạnh.,"CNXH trước hết là làm cho mọi người có công ăn việc làm, được ấm no và sống một đời hạnh phúc, là làm sao cho dân giàu nước mạnh.",CNXH trước hết nhằm làm cho nhân dân lao động thoát nạn bần cùng,A,
Chương 3,27,"Theo Hồ Chí Minh, các nước tiến lên chủ nghĩa cộng sản diễn ra qua:",1 phương thức,2 phương thức,3 phương thức,4 phương thức,B,
Chương 3,27,"Theo Hồ Chí Minh, các nước tiến lên chủ nghĩa xã hội:",Theo những con đường giống nhau,Theo con đường khác nhau,Theo những con đường đồng thời với nhau,Tất cả đều sai,B,
Chương 3,27,Chọn đáp án sai trong tư tưởng Hồ Chí Minh về XHCN:,XHCN là xã hội có chế độ dân chủ,XHCN là xã hội có nền kinh tế phát triển cao dựa trên lực lượng sản xuất hiện đại và chế độ công hữu về tư liệu sản xuất chủ yếu,"Xã hội XHCN có trình độ phát triển cao về văn hóa và đạo đức, bảo đảm sự công bằng, hợp lý trong các quan hệ xã hội",CNXH là công trình của Đảng Cộng sản,D,
Chương 3,27,"Trong cách mạng xã hội chủ nghĩa, theo Hồ Chí Minh:",“Xây” quan trọng hơn “chống”,“Chống” quan trọng hơn “xây”,“Xây” đi đôi với “chống”,“Xây” là quyết định sự thành công của cách mạng.,C,
Chương 3,27,"Theo Hồ Chí Minh, thời kỳ quá độ là thời kỳ:","Cải biến sâu sắc nhất, nhưng phức tạp, lâu dài, khó khăn, gian khổ.","Cải biến sâu sắc nhất, nhưng lâu dài, khó khăn, gian khổ.","Cải biến sâu sắc nhất, nhưng lâu dài",Tất cả đều sai.,A,
Chương 3,27,Đặc điểm lớn nhất của thời kỳ quá độ ở Việt Nam theo Hồ Chí Minh là:,"Từ một nước nông nghiệp lạc hậu tiến thẳng lên CNXH, không trải qua giai đoạn phát triển tư bản chủ nghĩa","Từ một nước phong kiến lạc hậu tiến thẳng lên CNXH, không trải qua giai đoạn phát triển tư bản chủ nghĩa","Từ một nước nông nghiệp lạc hậu tiến thẳng lên CNXH, trải qua giai đoạn phát triển tư bản chủ nghĩa","Từ một nước công nghiệp lạc hậu tiến thẳng lên CNXH, không trải qua giai đoạn phát triển tư bản chủ nghĩa",A,
Chương 3,28,Có bao nhiêu điều kiện để đảm bảo độc lập dân tộc gắn liền với CNXH ở Việt Nam,1,2,3,4,C,
Chương 3,28,"Điền vào chỗ trống trong đoạn trích sau của Hồ Chí Minh: “Hỡi anh em các nước thuộc địa, Anh em phải làm thế nào để được giải phóng? Vận dụng công thức của Các Mác, chúng tôi xin nói với anh em rằng công cuộc giải phóng anh em chỉ có thể thực hiện được bằng ......”:",Sự hỗ trợ của Quốc tế cộng sản,Sự hỗ trợ của Phương Tây,Sự nổ lực của bản thân anh em,Sự nổ lực của người dân,D,
Chương 3,28,Theo Hồ Chí Minh: vấn đề độc lập được hiểu là:,"Độc lập là quyền bất khả xâm phạm, thiêng liêng nhất của các dân tộc",Tự do là quyền thiêng liêng của tất cả các dân tộc,"Độc lập, tự do là thiêng liêng, bất khả xâm phạm của dân tộc","Độc lập, tự do là thiêng liêng, bất khả xâm phạm của tất cả các dân tộc",D,
Chương 3,28,"Cách mạng giải phóng dân tộc, trong điều kiện của Việt Nam, muốn thắng lợi phải do:",Giai cấp công nhân lãnh đạo,Đảng Cộng sản lãnh đạo,Tầng lớp trí thức lãnh đạo,Trí thức và công nhân lãnh đạo,B,
Chương 3,29,Ai là người khai phá tư tưởng độc lập dân tộc gắn liền với CNXH ở Việt Nam ?,V.I Lênin,Đặng Tiểu Bình,,,,
Chương 3,29,Động lực cơ bản và trực tiếp của cách mạng XHCN là gì?,Giai cấp nông dân,Giai cấp công nhân,Giai cấp tư sản,"Cả a, b, c đều đúng",B,
Chương 3,29,"Theo Hồ Chí Minh, để phát huy sức mạnh cá nhân người lao động, cần",Tác động vào nhu cầu và lợi ích của con người,Tác động vào động lực chính trị - tinh thần của con người,Tác động vào sở thích của cá nhân con người,Tác động vào nguyện vọng và mong muốn của họ,A,
Chương 3,29,"Theo Hồ Chí Minh, nhiệm vụ lịch sử của thời kỳ quá độ là:",Xây dựng nền tảng vật chất và kỹ thuật của chủ nghĩa xã hội,Xây dựng nền tảng vật chất và kỹ thuật cho chủ nghĩa xã hội; cải tạo xã hội cũ và xây dựng xã hội mới,Cải tạo nền kinh tế cũ và xây dựng nền kinh tế mới,Đập tan chế độ thực dân và phong kiến,B,
Chương 3,29,"Theo Hồ Chí Minh, trong thời kỳ quá độ, thành phần kinh tế phải đảm bảo ưu tiên cho nó phát triển là:",Kinh tế hợp tác xã,Kinh tế tư bản tư nhân,Kinh tế quốc doanh,Kinh tế cá thể - tiểu chủ,B,
Chương 3,29,Hồ Chí mInh đề cập đến chủ nghĩa xã hội nhiều nhất vào thời gian nào?,1920-1930,1930 – 1945,1945-1954,1954-1969,D,
Chương 3,29,"Theo Hồ Chí Minh, mục tiêu của chủ nghĩa xã hội là:",Không ngững cải thiện đời sống nhân dân,Không ngừng cải thiện và nâng cao đời sống của nhân dân lao động,Không ngừng nâng cao đời sống nhân dân,Đảm bảo quyền làm chủ của nhân dân,B,
Chương 3,29,"Trong chế độ xã hội chủ nghĩa, theo Hồ Chí Minh: “Chủ nghĩa xã hội là lấy nhà máy, xe lửa, ngân hàng làm [……]",Công hữu,Sở hữu chung,,,,
Chương 3,29,"Theo Hồ Chí Minh, đấu tranh chống chủ nghĩa cá nhân nghĩa là:",Chỉ bảo vệ lợi ích của tập thể,Bảo vệ lợi ích cá nhân,,,,
Chương 3,29,"Theo Hồ Chí Minh, động lực quan trọng nhất của chủ nghĩa xã hội là",Khoa học – kỹ thuật,,Văn hóa,Tư hữu gì?,D,
Chương 3,29,"Theo Hồ Chí Minh, chế độ chính trị mà chúng ta xây dựng là chế độ:",Do nhân dân lao động làm chủ,Do nhân dân làm chủ,,Sự giúp đỡ của quốc tế,B,
Chương 3,29,"Theo Hồ Chí Minh, nền kinh tế mà chúng ta xây dựng phải được tạo",Nền nông nghiệp hiện đại,Nền công nghiệp hiện đại,Do giai cấp công nhân làm chủ,Chế độ công hữu về tư liệu sản xuất,D,
Chương 3,30,"Theo Hồ Chí Minh, kẻ thù hung ác của chủ nghĩa xã hội là gì?",Khoa học – kỹ thuật phát triển,Cơ cấu công – nông nghiệp hợp lý,Sỡ hữu xã hội về tư liệu sản xuất,Sỡ hữu tư nhân về tư liệu sản xuất,C,
Chương 3,30,Về tổ chức hợp tác xã hội Hồ Chí Minh nhấn mạnh nguyên tắc:,Làm đồng loạt,Chủ nghĩa cá nhân,Khẩn trương xây dựng cho được các hợp tác xã,Làm nhanh chóng,D,
Chương 3,30,Chọn cụm từ điền vào chỗ trống […...] đúng với tư tưởng Hồ Chí Minh: Việt Nam đi lên CNXH từ một nước thuộc địa nửa phong kiến […...],Bỏ qua giai đoạn phát triển TBCN,,Không kinh qua giai đoạn phát triển TBCN,Xuyên qua CNTB,D,
Chương 3,30,Chọn cụm từ điền vào chỗ trống […...] đúng với tư tưởng Hồ Chí,Công nghiệp,"Bỏ qua chế độ TBCN Minh: “Nông dân giàu thì nước ta giàu, […….] thịnh thì nước ta thịnh”",Thương nghiệp,,B,
Chương 3,30,"Trong thời kỳ quá độ lên chủ nghĩa xã hội, Hồ Chí Minh chủ trương",Không xóa bỏ quyền sở hữu về tư liệu sản xuất của họ,Xóa bỏ quyền sở hữu về tư liệu sản xuất của họ,Đưa họ vào kinh tế tập thể,Đánh đổ họ với tư cách là giai cấp bóc lột,A,
Chương 3,30,"Theo Hồ Chí Minh, cách làm của chủ nghĩa xã hội là:",Phải dựa vào sự giúp đỡ của các nước xã hội chủ nghĩa,Nhà nước phải ban phát từ trên xuống,"Đem tài dân, sức dân, của dân để làm lợi cho dân",Dựa vào Nhà nước và sự giúp đỡ của các nước khác,C,
Chương 3,30,"Theo Hồ Chí Minh, con đường đi lên chủ nghĩa xã hội trong nông nghiệp bao gồm những bước:",Cải cách ruộng đất,Xã hội hóa nông thôn,Xây dựng hợp tác xã cấp thấp và cấp cao,"Cả a, b và c đều đúng",D,
Chương 3,30,Hồ Chí Minh nói về loại hình hợp tác xã khi nào?,1920,1927 .,1945,1954,B,
Chương 3,30,"Luận điểm nào sau đây là sai: Để đảm bảo thực hiện thắng lợi CNXH ở Việt Nam trong thời kỳ quá độ, theo Hồ Chí Minh phải:","Tăng cường sự lãnh đạo của Đảng, vai trò quản lý của Nhà nước",Đẩy mạnh quan hệ quốc tế,"Phát huy tính tích cực, chủ động của các tổ chức chính trị - xã hội","Xây dựng đội ngũ cán bộ đủ sức, đủ tài",B,
Chương 3,30,"Để đảm bảo thực hiện thắng lợi CNXH ở Việt Nam trong thời kỳ quá độ, theo Hồ Chí Minh phải:","Tăng cường sự lãnh đạo của Đảng, vai trò quản lý của Nhà nước","Phát huy tính tích cực, chủ động của các tổ chức chính trị - xã hội","Xây dựng đội ngũ cán bộ đủ sức, đủ tài",Tất cả các phương án đều đúng,D,
Chương 3,31,"Theo Hồ Chí Minh, chủ nghĩa cộng sản dễ thích ứng ở đâu?",Các nước Châu Âu,,Các nước Tư bản phát triển,Các nước kém phát triển,,
Chương 3,31,"Theo tư tưởng Hồ Chí Minh, trong thời kỳ quá độ còn tồn tại hình",Sở hữu của nhà nước,Sở hữu của người lao động riêng lẻ và sỡ hữu của nhà tư bản,Sở hữu của hợp tác xã,Sở hữu công hữu,C,
Chương 3,31,"Theo tư tưởng Hồ Chí Minh, muốn xây dựng chủ nghĩa xã hội, trước hết cần có cái gì?","Con người năng động, sáng tạo",Con người xã hội chủ nghĩa,Có cơ sở vật chất,Có Đảng lãnh đạo,B,
Chương 3,31,"Theo Hồ Chí Minh, nguyên tắc phân phối chủ yếu trong chủ nghĩa xã hội là gì?","Làm theo năng lực, hưởng theo nhu cầu","Làm theo nhu cầu, hưởng theo lợi ích","Làm theo năng lực, hưởng theo lao động",Phân phối bình quân cho tất cả mọi người,B,
Chương 3,31,"Theo Hồ Chí Minh, muốn cho chủ nghĩa xã hội được thực hiện, cần có những yếu tố nào?",Đất kỹ nghệ.,Tất cả mọi người được phát triển hết khả năng của mình.,Nông nghiệp,"Cả a,b,c đều đúng",D,
Chương 3,31,"Chọn phương án trả lời sai: Theo Hồ Chí Minh, để xác định bước đi và tìm cách làm cho chủ nghĩa xã hội phù hợp với Việt Nam cần phải:","Có thể tham khảo, học tập kinh nghiệm của các nước anh em",Có người lãnh đạo xuất chúng,"Xuất phát từ điều kiện thực tế, đặc điểm dân tộc, nhu cầu và khả năng thực tế của nhân dân.",Quán triệt các nguyên lý cư bản của chủ nghĩa Mác -Lênin,B,
Chương 3,32,"Theo Hồ Chí Minh, đặc trưng nổi bật về chính trị của chủ nghĩa xã hội là gì?",Đảng Cộng sản lãnh đạo,Mọi người được hưởng các quyền tự do dân chủ,Thực hiện một nền dân chủ triệt để,Mọi lợi ích đều từ nhân dân,C,
Chương 3,32,"Theo Hồ Chí Minh, nội dung nào được coi là nhiệm vụ trung tâm của thời kỳ quá độ lên chủ nghĩa xã hội:",Công nghiệp hóa,Phát triển kinh tế,Phát triển kinh tế và văn hóa,Xây dựng thành công chủ nghĩa xã hội,A,
Chương 3,32,"Theo Hồ Chí Minh, quá độ lên Chủ nghĩa xã hội ở Việt Nam là kiểu quá độ:",Trực tiếp,Gián tiếp C.Vừa trực tiếp vừa gián tiếp,,Đặc biệt,B,
Chương 3,32,"Theo Hồ Chí Minh, trong mối quan hệ giữa hai nhiệm vụ cải tạo xã hội cũ và xây dựng xã hội mới thì:","Cải tạo xã hội cũ là nhiệm vụ trung tâm, chủ chốt","Cải tạo xã hội cũ trước, xây xựng xã hội mới sau","Xây dựng xã hội mới là trọng tâm, cốt yếu, chủ chốt, lâu dài",Cải tạo xã hội cũ và xây dựng xã hội mới đều là nhiệm vụ trọng tâm,C,
Chương 3,32,"Theo Hồ Chí Minh, yếu tố nào là hạt nhân trong hệ động lực của chủ nghĩa xã hội?",Sự quản lý của nhà nước,Sự lãnh đạo đúng đắn của Đảng,Kinh tế,Con người,B,
Chương 3,32,"Đường lối công nghiệp hoá xã hội chủ nghĩa, hiện đại hoá ở nước ta được đề ra ở Đại hội nào của Đảng?",Đại hội III (1960),Đại hội V (1982) C.Đại hội IV (1976),,Đại hội VI (1986),A,
Chương 3,33,"Theo Hồ Chí Minh, tại sao cần thực hiện chế độ làm khoán dưới chủ nghĩa xã hội?",Khuyến khích được lợi ích của người lao động,Có lợi cho nhà nước,"Kết hợp được lợi ích của người lao động, lợi ích của tập thể và nhà nước",Khuyến khích được lợi ích của tập thể và xã hội,C,
Chương 3,33,"Theo Hồ Chí Minh, trong thời kỳ quá độ lên chủ nghĩa xã hội ở nước ta còn tồn tại mấy hình thức sở hữu?",2 hình thức,3 hình thức,4 hình thức,5 hình thức,C,
Chương 3,33,"Theo Hồ Chí Minh, trong thời kỳ quá độ lên chủ nghĩa xã hội ở nước ta còn tồn tại mấy thành phần kinh tế?",3,4,5,6,C,
Chương 3,33,"Muốn phát huy động lực của chủ nghĩa xã hội, theo Hồ Chí Minh cần phải chống:","Chia rẽ, bè phái, mất đoàn kết, vô kỷ luật B.Chủ nghĩa cá nhân; tham ô, lãng phí, quan liêu; chia rẽ, bè phái, vô kỷ luật C.Tham ô, lãng phí, quan liêu",,,Chủ nghĩa cá nhân,A,
Chương 3,33,"Theo Hồ Chí Minh, biện pháp nào quan trọng nhất trong xây dựng chủ nghĩa xã hội?","Tranh thủ tối đa sự giúp đỡ, viện trợ quốc tế",Kết hợp cải tạo xã hội cũ và xây dựng xã hội mới,Huy động các nguồn lực sẵn có trong dân,Kết hợp xây dựng và bảo vệ đất nước,B,
Chương 3,33,Đặc điểm nổi bật nhất của tình hình thế giới hiện nay là gì?,Có nguy cơ diễn ra chiến tranh thế giới thứ ba,Nạn khủng bố hoành hành,Xuất hiện các vấn đề toàn cầu,Cuộc cách mạng khoa học và công nghệ phát triển mạnh mẽ.,D,
Chương 3,34,Chọn phương án trả lời sai trong các nhận định sau đây:,Cách mạng khoa học và công nghệ thúc đẩy xu thế toàn cầu hóa,Cách mạng khoa học và công nghệ làm xuất hiện các vấn đề toàn cầu,Cách mạng khoa học và công nghệ là xu thế tất yếu của toàn cầu hóa,Cách mạng khoa học và công nghệ thúc đẩy sự phát triển của thế giới,C,
Chương 3,34,Xu thế phát triển chủ đạo của thế giới hiện nay là:,Đối đầu giữa các quốc gia và dân tộc .,Đụng độ giữa các nền văn minh và các nền văn hóa,"Hòa bình, hợp tác và phát triển",Xung đột dân tộc và tôn giáo,B,
Chương 3,34,Thành tựu nổi bật nhất của Việt Nam về chính trị trong những năm đổi mới là:,Chính trị ổn định .,Phát triển theo định hướng xã hội chủ nghĩa,"GIữ vững độc lập tự chủ, kinh tế phát triển","Không có xung đột sắc tộc, tôn giáo",A,
Chương 3,34,"Theo Hồ Chí Minh, về bước đi trong thời kỳ quá độ, chúng ta phải:",Trải qua nhiều bước,Làm thật mau và rầm rộ,Không cần trải qua bước nào,"Cả a, b và c đều đúng",A,
Chương 3,34,"Theo Hồ Chí Minh, về bước đi trong thời kỳ quá độ, chúng ta phải:",Theo bước đi của các nước xã hội chủ nghĩa,Căn cứ vào đặc điểm lịch sử cụ thể của nước ta từ đó có bước đi phù hợp,"Căn cứ vào đặc điểm lịch sử cụ thể của nước ta từ có có bước đi phù hợp, đi bước nào vững chắc bước ấy",Theo bước đi và cách làm của Liên Xô,C,
Chương 3,34,"Theo Hồ Chí Minh, để xác định bước đi trong thời kỳ quá độ, chúng ta phải:","Quán triệt các nguyên lý cơ bản của của chủ nghĩa Lênin về xây dựng chế độ mới, có thể tham khảo, học tập kinh nghiệm của các nước anh em B.Xuất phát từ điều kiện thực tế, đặc điểm dân tộc, nhu cầu và khả năng thực tế của nhân dân",,Cả a và b đều đúng,Cả a và b đều sai,C,
Chương 3,35,"Căn cứ vào thực tiến xây dựng chủ nghĩa xã hội ở Việt Nam, theo Hồ Chí Minh, độ dài của thời kỳ quá độ lên chủ nghĩa xã hội ở nước ta là:",15 năm,20 năm,100 năm,Lâu dài,C,
Chương 3,35,Theo Hồ Chí Minh có mấy loại hình đi lên chủ nghĩa xã hội?,Một,Hai,Ba,Bốn,B,
Chương 3,35,Theo Hồ Chí Minh: Việt Nam quá độ lên chủ nghĩa xã hội thuộc loại hình nào?,Quá độ trực tiếp,Quá độ gián tiếp,"Vừa trực tiếp, vừa gián tiếp",Phát triển tuần tự,B,
Chương 3,35,"Theo Hồ Chí Minh, nhiệm vụ lịch sử của thời kỳ quá độ lên chủ nghĩa xã hội ở nước ta là:",Xây dựng nền tảng vật chất và kỷ thuật của chủ nghĩa xã hội,Cải tạo nền kinh tế cũ và xây dựng nền kinh tế mới,Không có phương án nào đúng,Không có phương án nào sai,D,
Chương 3,35,"Luận điểm nào sau đây là sai? Theo tư tưởng Hồ Chí Minh, trong thời kỳ quá độ còn tồn tại các hình thức sở hữu:",Sỡ hữu nhà nước,Sỡ hữu tập thế,Sở hữu công cộng,Sở hữu của người lao động và của nhà tư bản,D,
Chương 3,35,"Hồ Chí Minh nói: ""Chủ nghĩa xã hội cộng với khoa học sẽ đưa loài người đến [............ ]"". Hãy điền vào ô trống để hoàn thiện câu trên",Hạnh phúc vô tận;,Tương lai xán lạn;,,,,
Chương 4,35,Tìm luận điểm không đúng với tư tưởng Hồ Chí Minh:,Công nghiệp hóa là con đường tất yếu phải đi của chúng ta,Công nghiệp hóa phải bắt đầu từ xây dựng và phát triển công nghiệp nặng,Tự do;,Sự phát triển toàn diện.,C,
Chương 4,36,"Đảng cộng sản Việt Nam ra đời ngày tháng năm nào, tại đâu?",Ngày 3/2/1930 tại Hương Cảng- Trung Quốc,,Ngày 26/3/1931 tại Hương Cảng- Trung Quốc,,C,
Chương 4,36,Tư tưởng Hồ Chí Minh về Đảng Cộng sản được hình thành trên cơ sở,Lý luận,Thực tiễn,Không có cơ sở nào,Cả lý luận và thực tiễn,D,
Chương 4,36,"Theo Hồ Chí Minh, Đảng Cộng sản Việt Nam là Đảng của:",Giai cấp công nhân,Nhân dân lao động,Giai cấp nông dân,"Giai cấp công nhân, nhân dân lao động và của dân tộc Việt Nam",D,
Chương 4,36,"Theo Hồ Chí Minh, mục tiêu, lý tưởng của Đảng Cộng sản Việt Nam là:",Vì lợi ích của giai cấp công nhân,"Phụng sự tổ quốc, phục vụ nhân dân",Xây dựng một nước Việt Nam giàu mạnh,"Đảng ta không có mục đích , lý tưởng nào",B,
Chương 4,36,Ai là người chủ trì Hội nghị thành lập Đảng Cộng sản Việt Nam?,Nguyễn Ái Quốc,Trường Chinh,Lê Hồng Phong,Trần Phú,B,
Chương 4,36,Đại biểu các tổ chức nào đã tham dự Hội nghị thành lập Đảng năm 1930?,"Đông Dương CS Đảng, An Nam CS Đảng và Đông Dương CS Liên Đoàn",Đông Dương Cộng Sản Đảng và An Nam cộng sản Đảng,An Nam Cộng sản Đảng và Đông Dương Cộng Sản Liên Đoàn,Đông Dương Cộng Sản Đảng và Đông Dương Cộng Sản Liên Đoàn.,B,
Chương 4,36,Đảng ta có tên gọi Đảng Lao động Việt Nam từ khi nào?,1941,1945,1951,,C,
Chương 4,36,"Khi mới thành lập, Đảng ta có tên gọi là gì?",Đảng Cộng sản Đông Dương,Đảng Cộng sản Việt Nam,,,B,
Chương 4,36,"Theo Hồ Chí Minh, một trong những nguyên tắc tổ chức và sinh hoạt",Thiểu số phục tùng đa số,Biểu quyết hoặc bỏ phiếu kín .,Cấp dưới phục tùng cấp trên,Tập trung dân chủ,D,
Chương 4,36,Bản chất giai cấp công nhân của Đảng Cộng sản Việt Nam thể hiện ở:,"Nền tảng lý luận, mục tiêu, nguyên tắc tổ chức của Đảng",Mục tiêu của Đảng,Số lượng đảng viên trong Đảng,Trình độ đảng viên trong Đảng,A,
Chương 4,36,Chon câu trả lời đúng nhất theo tư tưởng Hồ Chí Minh:,Đảng Cộng sản Việt Nam là Đảng của giai cấp công nhân,Đảng Cộng sản Việt Nam là Đảng của nhân dân lao động,"Đảng Cộng sản Việt Nam là Đảng của giai cấp công nhân, nhân dân lao động và của dân tộc Việt Nam",Đảng Cộng sản Việt Nam là Đảng của giai cấp công nông,C,
Chương 4,36,Chọn câu trả lời sai theo tư tưởng Hồ Chí Minh về nguyên tắc xây dựng Đảng Cộng sản Việt Nam?,Tập trung dân chủ,,Tự phê bình và phê bình,,,
Chương 4,37,"Theo Hồ Chí Minh, Đảng Cộng sản Việt Nam phải được xây dựng",3 nguyên tắc,4 nguyên tắc .,5 nguyên tắc,6 nguyên tắc,C,
Chương 4,37,"Theo tư tưởng Hồ Chí Minh, Đảng Cộng sản Việt Nam vừa là người lãnh đạo, vừa là người đầy tớ trung thành của nhân dân, Đảng phải chăm lo mối quan hệ giữa Đảng với nhân dân là nhằm: a - Xác định vị thế cầm quyền của Đảng b - Xác định năng lực cầm quyền của Đảng c - Xác định phương thức cầm quyền của Đảng d – Tất cả các phương án đều đúng",,,,,,
Chương 4,37,Nguyên tắc xây dựng Đảng kiểu mới theo tư tưởng Hồ Chí Minh là:,Tập trung dân chủ; Tập thể lãnh đạo cá nhân phụ trách;,Tự phê bình và phê bình,Đoàn kết thống nhất trong Đảng,Tất cả các nguyên tắc đều đúng,D,
Chương 4,37,"Luận điểm: “Đảng muốn vững thì phải có chủ nghĩa làm cột, trong Đảng ai cũng phải hiểu, ai cũng phải theo chủ nghĩa ấy. Đảng mà không có chủ nghĩa như người không có trí khôn, tàu không có bản chỉ nam”, được trích từ tác phẩm nào của Hồ Chí Minh?",Tuyên ngôn độc lập,Điều lệ vắn tắt,Đường Cách mệnh,Thường thức Chính trị,D,
Chương 4,37,Đảng Cộng sản Việt Nam trở thành Đảng cầm quyền năm nào?,1930 b,1945,1951,1975,B,
Chương 4,37,Hồ Chí Minh đã xác định: “Đảng ta là một đảng cầm quyền” trong văn kiên nào?,Chánh cương vắn tắt của Đảng,Bác cáo Chính trị tại Đại hội đại biểu toàn quốc lần thứ II của Đảng,Đường Cách mệnh,Di chúc,C,
Chương 4,37,"""Chúng ta làm cách mệnh thì cũng phải liên lạc tất cả những đảng cách mệnh trong thế giới để chống lại tư bản và đế quốc chủ nghĩa"". Câu nói đó được Nguyễn Ái Quốc viết trong tác phẩm nào?",Bản án chế độ thực dân Pháp,Đường cách mệnh,V. I. Lênin và các dân tộc thuộc địa,Trung Quốc và Thanh niên Trung Quốc,B,
Chương 4,37,"""Trước hết phải có Đảng cách mệnh để trong thì vận động và tổ chức dân chúng, người thì liên lạc với dân tộc bị áp bức và vô sản giai cấp mọi nơi."" Câu nói đó được Nguyễn Ái Quốc viết trong tác phẩm nào?",Đường cách mệnh,,Đây “công lý” của thực dân Pháp ở Đông Dương,,A,
Chương 4,37,"Luận điểm: “Phải giữ gìn Đảng ta thật trong sạch, phải xứng đáng là người lãnh đạo, là người đầy tớ thật trung thành của nhân dân” được trích từ tác phẩm nào của Hồ Chí Minh?",Sửa đổi lối làm việc,Di chúc,Đường Cách mệnh,V. I. Lênin và Phương Đông,B,
Chương 4,38,"Quan điểm: “Đảng là đạo đức, là văn minh” được Hồ Chí Minh trình",Bác cáo Chính trị tại Đại hội đại biểu toàn quốc lần thứ II của Đảng,Bài nói chuyện tại lễ kỷ niệm 30 năm thành lập Đảng,Sách lược vắn tắt,Đường Cách mệnh,B,
Chương 4,38,"Theo Hồ Chí Minh, trong quan hệ với quần chúng, Đảng phải:",Luôn nghe theo quần chúng,Thực hiện theo yêu cầu của quần chúng,Không được theo đuôi quần chúng,Luôn lắng nghe và thực hiện theo yêu cầu của quần chúng,C,
Chương 4,38,"Theo Hồ Chí Minh, nguy cơ lớn nhất của một đảng cầm quyền là:",Diến biến hòa bình,Chệch hướng,"Sai lầm về đường lối và sự suy thoái đạo đức của cán bộ, đảng viên.",Tụt hậu,C,
Chương 4,38,"Chọn cụm từ điền vào chỗ trống […...]: Trong Di chúc, Hồ Chí Minh đã xác định: “Đảng ta là một đảng cầm quyền. Mỗi đảng viên phải thực sự thấm nhuần [……]”.",Mục tiêu của Đảng,Nền tảng tư tưởng của Đảng,Đường lối của Đảng,Đạo đức cách mạng,D,
Chương 4,38,"Theo tư tưởng Hồ Chí Minh, luận điểm Đảng Cộng sản Việt Nam là sản phẩm của sự kết hợp giữa chủ nghĩa MácLênin với phong trào công nhân và phong trào yêu nước là: a - Xác định nhiệm vụ của Đảng c - Xác định nguồn gốc ra đời của Đảng",,,,,,
Chương 4,38,"Theo tư tưởng Hồ Chí Minh, luận điểm Đảng Cộng sản Việt Nam là nhân tố quyết định hàng đầu để đưa cách mạng Việt Nam đi đến thắng lợi là: b - Xác định bản chất của Đảng d - Xác định năng lực của Đảng a - Xác định vị thế cầm quyền của Đảng c - Xác định vai trò lãnh đạo của Đảng",,,,,,
Chương 4,38,"Theo tư tưởng Hồ Chí Minh, luận điểm Đảng Cộng sản Việt Nam là Đảng của giai cấp công nhân, đồng thời là Đảng của nhân dân lao động và của dân tộc Việt Nam nhằm: b - Xác định bản chất của Đảng d - Xác định nhiệm vụ của Đảng a - Xác định vị thế cầm quyền của Đảng b - Xác định bản chất của Đảng c - Xác định nguồn gốc ra đời của Đảng",,,,,,
Chương 4,38,"Theo tư tưởng Hồ Chí Minh, Đảng Cộng sản Việt Nam phải lấy chủ d - Xác định năng lực của Đảng nghĩa Mác – Lênin ”làm cốt”, nghĩa là:",Đảng Cộng sản Việt Nam phải lấy chủ nghĩa Mác – Lênin làm nền tảng tư tưởng,"Đảng Cộng sản Việt Nam phải lấy chủ nghĩa Mác – Lênin làm chủ trương, đường lối",Đảng Cộng sản Việt Nam phải lấy chủ nghĩa Mác – Lênin làm học thuyết của Đảng,Đảng Cộng sản Việt Nam phải căn cứ hoàn toàn vào chủ nghĩa Mác – Lênin để lãnh đạo cách mạng,A,
Chương 4,38,"Nguyễn Ái Quốc đã trích dẫn luận điểm nổi tiếng của V. I. Lênin : ""không có lý luận cách mệnh thì không có cách mệnh vận động ... chỉ có theo lý luận cách mệnh tiền phong, Đảng cách mệnh mới làm nổi trách nhiệm cách mệnh tiền phong"" câu nói được ghi ở trang đầu tiên của cuốn sách nào?",Bản án chế độ thực dân Pháp,Nhật ký trong tù Việt Nam,Đường cách mệnh,V. I. Lênin và các dân tộc thuộc địa,C,
Chương 4,39,"""Công nông là gốc cách mệnh, còn học trò, nhà buôn nhỏ, địa chủ nhỏ, ... là bầu bạn cách mệnh của công nông"". Nguyễn ái Quốc viết câu đó trong tác phẩm nào?",Bản án chế độ thực dân Pháp,Nông dân Trung Quốc,,,,
Chương 4,39,"“Tất cả các dân tộc trên thế giới đều sinh ra bình đẳng, dân tộc nào cũng có quyền sống, quyền sung sướng và quyền tự do”. Hồ Chí Minh nói câu đó trong văn kiện nào?",Quân lệnh số 1 của Uỷ ban khởi nghĩa toàn quốc.,Lời kêu gọi Tổng khởi nghĩa của Hồ Chí Minh,Hiệu triệu Tổng khởi nghĩa của Tổng bộ Việt Minh.,Lời kêu gọi Toàn quốc kháng chiến của Hồ Chí Minh,D,
Chương 4,39,"Theo tư tưởng Hồ Chí Minh, mục đích, lý tưởng của Đảng cầm quyền là:",Xây dựng một nước Việt Nam giàu mạnh,"Vì lợi ích của Tổ quốc, của nhân dân",,"Không tham ô, tham những",D,
Chương 4,39,Tại sao nói Đảng Cộng sản Việt Nam ra đời đánh dấu bước ngoặt,"Vì đó là một tất yếu lịch sử, phản ánh đúng xu thế khách quan của lịch sử cách mạng Việt Nam.","Vì nó đã chấm dứt thời kỳ khủng hoảng về đường lối cứu nước của cách mạng Việt Nam, đánh dấu sự chín muồi và tự giác của phong trào công nhân Việt Nam","Vì Đảng ra đời đã đưa giai cấp công nhân lên vũ đài chính trị nắm quyền lãnh đạo cách mạng Việt Nam, đưa cách mạng nước ta đi từ thắng lợi này đến thắng lợi khác.","Cả a, b và c đều đúng",D,
Chương 4,39,Mâu thuẫn cơ bản và chủ yếu ở Việt Nam đầu thế kỷ XX là mâu thuẫn nào?,Mâu thuẫn giữa giai cấp nông dân với giai cấp địa chủ phong kiến.,Mâu thuẫn giữa giai cấp công nhân với giai cấp tư sản,Mâu thuẫn giữa giai cấp công nhân và nông dân với đế quốc phong kiến,Mâu thuẫn giữa dân tộc Việt Nam với đế quốc xâm lược và tay sai của chúng.,D,
Chương 4,39,Khi nào phong trào công nhân Việt Nam hoàn toàn trở thành một phong trào tự giác?,Năm 1920 (tổ chức công hội ở Sài Gòn được thành lập),Năm 1925 (Cuộc bãi công Ba Son ),Năm 1929 (sự ra đời của ba tổ chức Cộng sản ),Năm 1930 (Đảng cộng sản Việt Nam ra đời).,D,
Chương 4,39,"Chọn cụm từ đúng điền vào chỗ trống […...] Trong xây dựng Đảng, Hồ Chí Minh xác định: “Mục đích phê bình cốt để [……], giúp nhau tiến bộ”.",Sửa chữa sai lầm,Giúp nhau sữa chữa,Chỉ ra sai lầm cải tạo,Giúp nhau,B,
Chương 4,39,"Theo Hồ Chí Minh: “Đảng có vững, [……] mới thành công, cũng như người cầm lái có vững thì [……]”.",Cách mệnh; thuyền chạy;,,Cách mạng; thuyền mới chạy;,,,
Chương 4,39,Đông Dương Cộng Sản Đảng và An Nam Cộng Sản Đảng được ra đời,Tân việt cách mạng Đảng,Cách mạng; thuyền chạy,Hội Việt Nam cách mạng Thanh niên,Cách mệnh; thuyền mới chạy từ Tổ chức nào?,C,
Chương 4,40,"Theo tư tưởng Hồ Chí Minh, Đảng Cộng sản Việt Nam là sản phẩm",Phong trào giải phóng dân tộc,Phong trào vì hoà bình,Phong trào yêu nước,Phong trào đoàn kết dân tộc,C,
Chương 4,40,Ai là Tổng Bí thư đầu tiên của Đảng Cộng sản Việt Nam?,Hồ Chí Minh,,,,,
Chương 4,40,Giai cấp nào không có hệ tư tưởng riêng?,Giai cấp tư sản,,Giai cấp vô sản,,,
Chương 4,40,Ai là người sáng lập và rèn luyện Đảng Cộng sản việt Nam?,Nguyễn Ái Quốc,,Trần Phú,,A,
Chương 4,40,Mặt trận Việt Nam độc lập đồng minh (Mặt trận Việt Minh) được,1940,Trường Chinh,1942,Lê Hồng Phong,C,
Chương 4,40,"Liên minh giữa giai cấp công nhân, nông dân và tầng lớp trí thức là",Mong muốn của công nhân,"Do đòi hỏi khách quan của công nhân, nông dân và trí thức",Yêu cầu của trí thức,Yêu cầu của nông dân,B,
Chương 4,40,"Đảng cộng sản Việt Nam là đội tiên phong của […. …] Việt Nam, đại biểu trung thành lợi ích của giai cấp công nhân, nhân dân lao động và của cả dân tộc.",Giai cấp công nhân.,Giai cấp tư sản,Giai cấp nông dân,Giai cấp tiểu tư sản,A,
Chương 4,40,"Luận điểm sau đây là của ai? “Đảng là trí tuệ, lương tâm, danh dự của dân tộc và thời đại”",Các Mác,Ăng ghen,,,,
Chương 4,40,"Theo Hồ Chí Minh: “Đảng CS Việt Nam ra đời là sản phẩm của sự kết hợp của chủ nghĩa Mác – Lênin, với phong trào công nhân và […. …] ở nước ta vào những năm cuối thập kỷ của thế kỷ XX”.",Phong trào nông dân,,Phong trào trí thức,Hồ Chí Minh,C,
Chương 4,40,"Theo Hồ Chí Minh, Đảng phải thường xuyên tự đổi mới, tự chỉnh đốn",Chính trị.,Tư tưởng,Tổ chức,"Cả chính trị, tư tưởng và tổ chức",D,
Chương 4,40,"Theo Hồ Chí Minh, nhân tố quyết định hàng đầu để đưa cách mạng Việt Nam đến thắng lợi là:",Đại đoàn kết dân tộc,,,Sự giúp đỡ của Quốc tế cộng sản,,
Chương 4,40,"Theo tư tưởng Hồ Chí Minh, luận điểm Đảng Cộng sản Việt Nam là Đảng của giai cấp công nhân, đồng thời là Đảng của nhân dân lao động và của dân tộc Việt Nam nhằm:",Xác định vị thế cầm quyền của Đảng,Xác định vai trò lãnh đạo của Đảng,Xác định bản chất giai cấp công nhân của Đảng,Xác định nhiệm vụ của Đảng,C,
Chương 4,41,"Theo Hồ Chí Minh, nền tảng tư tưởng của Đảng phải dựa trên:",Chủ nghĩa Mác – Lênin,Nguyên tắc tập trung dân chủ,Nguyên tắc tự phê bình và phê bình,Đại đoàn kết dân tộc,A,
Chương 4,41,Sự ra đời của Đảng cộng sản Việt Nam là kết hợp giữa,Chủ nghĩa Mác – Lênin; phong trào dân chủ; phong trào công nhân,Chủ nghĩa Mác – Lênin; phong trào dân chủ; phong trào nông dân,Chủ nghĩa Mác – Lênin; phong trào yêu nước; phong trào công nhân,Chủ nghĩa Mác – Lênin; phong trào yêu nước; phong trào nông dân,C,
Chương 4,41,Bước phát triển sáng tạo của Hồ Chí Minh so với lý luận của Lênin về đảng kiểu mới của giai cấp vô sản thể hiện ở quan điểm:,"Xây dựng Đảng để cho Đảng xứng đáng là Đảng đạo đức, văn minh",Xây dựng nguyên tắc hoạt động riêng của Đảng cộng sản Việt Nam,Xây dựng bộ máy lãnh đạo Đảng mà nòng cốt là công nhân,Xây dựng Đảng vững mạnh,A,
Chương 4,41,"Theo Hồ Chí Minh, Đảng phải:",Phục vụ lợi ích của giai cấp công nhân,Phục vụ lợi ích của giai cấp nông dân,Phục vụ dân,Tất cả đều sai,C,
Chương 4,41,"Theo Hồ Chí Minh, phải coi trọng công tác cán bộ, vì:",Cán bộ mang chính sách của Đảng và chính phủ đến với nhân dân và ngược lại đem tình hình của nhân dân báo cáo cho Đảng và cho chính phủ.,Cán bộ hoạch định chính sách cho nhân dân,Cán bộ xuất phát từ dân,Tất cả đều sai.,A,
Chương 4,41,Theo Hồ Chí Minh: trong công tác cán bộ cần phải:,"Hiểu, đánh giá đúng cán bộ; chú trọng huấn luyện, đề bạt đúng cán bộ","Hiểu, đánh giá đúng cán bộ; chú trọng huấn luyện, đề bạt đúng, sắp xếp đúng cán bộ; chống bệnh cục bộ địa phương; kết hợp cán bộ trẻ với cán bộ cũ; phòng chống tiêu cực trong cán bộ; phải thường xuyên kiểm tra, giúp đỡ cán bộ.","Hiểu, đánh giá đúng cán bộ; sắp xếp đúng cán bộ; chống bệnh cục bộ địa phương; kết hợp cán bộ trẻ với cán bộ cũ; phòng chống tiêu cực trong cán bộ; phải thường xuyên kiểm tra, giúp đỡ cán bộ","Hiểu, đánh giá đúng cán bộ; chú trọng huấn luyện, đề bạt đúng, sắp xếp đúng cán bộ; chống bệnh cục bộ địa phương; kết hợp cán bộ trẻ với cán bộ cũ; phòng chống tiêu cực trong cán bộ.",B,
Chương 4,42,Chọn ý sai. Đâu không phải nội dung trong tư tưởng Hồ Chí Minh về Nhà nước Việt Nam:,Nhà nước Việt Nam là nhà nước của toàn dân,Nhà nước Việt Nam là nhà nước mang bản chất giai cấp công nhân,Nhà nước Việt Nam mang bản chất giai cấp,"Nhà nước Việt Nam là nhà nước dân chủ nhân dân, dựa trên nền tảng liên minh công nông, do giai cấp công nhân lãnh đạo.",A,
Chương 4,42,Đảng Cộng sản Việt Nam cầm quyền bằng:,"Bằng đường lối quan điểm, chủ trương để nhà nước thể chế hóa thành pháp luật, chính sách, kế hoạch.","Bằng hoạt động của các tổ chức đảng và đảng viên của mình trong bộ máy, cơ quan nhà nước",Bằng công tác kiểm tra.,Tất cả đều đúng,D,
Chương 4,42,Bản chất giai cấp của nhà nước Việt Nam thể hiện ở:,Tính dân chủ,Tính định hướng xã hội chủ nghĩa trong sự phát triển,"Tính nhân dân, dân tộc, đại chúng",Tất cả đều đúng,B,
Chương 4,42,Bản chất giai cấp công nhân của nhà nước Việt Nam thể hiện ở nguyên tắc:,Nói đi đôi với làm,Xây đi đôi với chống,Tập trung dân chủ,Tất cả đều sai,C,
Chương 4,42,Nhà nước của nhân dân là:,"Nhà nước do dân, vì dân",Tất cả quyền lực đều thuộc về nhân dân,"Nhà nước do dân, vì dân, phụ thuộc vào dân",Tất cả đều sai,B,
Chương 4,43,"Theo Hồ Chí Minh, nhân dân thực thi quyền lực nhà nước thông qua hình thức:",Bầu cử,phản biện xã hội,dân chủ trực tiếp và dân chủ gián tiếp,Dân chủ đại diện,C,
Chương 4,43,Chọn ý đúng,Luật pháp dân chủ là công cụ quyền lực của nhân dân,Luật pháp dân chủ là công cụ quyền lực của công nhân,Luật pháp dân chủ là công cụ quyền lực của công nông,Luật pháp dân chủ là công cụ quyền lực của công – nông – trí,A,
Chương 4,43,"Theo Hồ Chí Minh, Nhà nước do nhân dân là:",Là nhà nước do nhân dân lập nên sau thắng lợi của cách mạng dưới sự lãnh đạo của Đảng Cộng sản Việt Nam.,Dân làm chủ,Cả A và B sai,Cả A và B đúng,D,
Chương 4,43,Tư tưởng Hồ Chí Minh về Hiếp pháp và pháp luật được thể hiện lần đầu trong:,Bản án chế độ thực dân Pháp,Tác phẩm “con rồng tre”,Yêu sách của nhân dân An Nam,Tác phẩm “Nhật ký trong tù”,C,
Chương 4,43,"Trong tư tưởng Hồ Chí Minh, nhà nước quản lý xã hội chủ yếu bằng:",Cưỡng chế thi hành,Hiến pháp và pháp luật,Khuyên răn và giáo dục,Cưỡng chế và pháp luật,B,
Chương 4,43,"Theo Hồ Chí Minh, “Pháp quyền nhân nghĩa” là:","Nhà nước phải tôn trọng, bảo đảm thực hiện đầy đủ các quyền con người, chăm lo đến lợi ích của mọi người.","Nhà nước phải tôn trọng, bảo đảm thực hiện đầy đủ các quyền cùa nhân dân, chăm lo đến lợi ích của nhân dân.","Nhà nước phải tôn trọng nhân dân, bảo đảm thực hiện đầy đủ các quyền con người, chăm lo đến lợi ích của mọi người","Nhà nước phải tôn trọng, bảo đảm thực hiện đầy đủ các quyền dân chủ, chăm lo đến lợi ích của mọi người",A,
Chương 4,44,"Theo Hồ Chí Minh “giặc nội xâm”, “giặc ở trong lòng” là:","Tư túng, chia rẽ, kiêu ngạo","Lãng phí, tham ô, nhũng nhiễu","Tham ô, lãng phí, quan liêu",Tất cả đều đúng.,C,
Chương 4,44,Chọn ý đúng theo tư tưởng Hồ Chí Minh về Nhà nước,Nhà nước tự xác lập quyền lực nhà nước,Quyền lực nhà nước là “thừa ủy quyền” của giai cấp công nhân,Quyền lực nhà nước là “thừa ủy quyền” của nhân dân,Quyền lực nhà nước là “thừa ủy quyền” của công nông,C,
Chương 4,44,Chọn phát biểu sai:,Đảng cộng sản Việt Nam “không phải trên trời sa xuống”,Đảng cộng sản Việt Nam “không phải là một tổ chức để làm quan phát tài”,"Đảng cộng sản Việt Nam “là đảng cách mạng, một đảng vì dân vì nước”",Đảng cộng sản Việt Nam “là đảng của giai cấp công nhân”,D,
Chương 5,44,"Hồ Chí Minh lưu ý, phải xây dựng đội ngũ cán bộ Đảng viên:","Vừa có đức, vừa có tài, trong sạch, vững mạnh","Trong sạch, vững mạnh","Vừa có đức, vừa có tài","Vừa có đức, vừa trong sạch, vững mạnh",A,
Chương 5,44,Tư tưởng đại đoàn kết dân tộc của Hồ Chí Minh được hình thành trên dựa trên cơ sở nào,"Từ truyền thống đoàn kết nhân ái, tinh thần gắn kết cộng đồng dân tộc Việt Nam",Từ quan điểm của chủ nghĩa Mác –Lênin về vai trò của quần chúng nhân dân,Từ thực tiễn thành công và thất bại của phong trào cách mạng Việt Nam và thế giới,Tất cả các phương án đều đúng,D,
Chương 5,45,Tư tưởng Hồ Chí Minh về đại đoàn kết dân tộc có mấy luận điểm:,Tổ chức của giai cấp nông dân,Tổ chức của giai cấp công nhân,Tổ chức của công nhân và nông dân,Tổ chức của các tầng lớp nhân dân,B,
Chương 5,45,"Trong tư tưởng Hồ Chí Minh, đại đoàn kết dân tộc là:",Là nhiệm vụ hàng đầu của cách mạng,Là nhiệm vụ quan trọng nhất của cách mạng,"Là mục tiêu, nhiệm vụ hàng đầu của cách mạng, của dân tộc",Là mục tiêu của cách mạng,C,
Chương 5,45,"Trong tư tưởng Hồ Chí Minh, nền tảng của khối đại đoàn kết dân tộc là:",Liên minh công – nông,Liên minh công – nông – lao động trí óc,Liên minh công – nông và các lực lượng khác,Liên minh công – nông và các tầng lớp khác,B,
Chương 5,45,"Sức mạnh dân tộc trong tư tưởng Hồ Chí Minh, bao gồm:",Chủ nghĩa yêu nước,Văn hóa truyền thống Việt Nam,"Tinh thần đoàn kết, ý thức đấu tranh cho độc lập dân tộc",Tất cả các phương án đếu đúng,D,
Chương 5,45,"Sức mạnh đoàn kết quốc tế trong tư tưởng Hồ Chí Minh, bao gồm:",Sức mạnh liên minh chiến đấu giữa lao động ở các nước thuộc địa và lao động thuộc địa với vô sản chính quốc,"Sức mạnh của giai cấp vô sản, cacha mạng vô sản và Đảng Cộng sản",Sứa mạnh của ba dòng thác cách mạng và tiến bộ khoa học công nghệ,Tất cả các phương án đếu đúng,D,
Chương 5,45,"Theo Hồ Chí Minh, Mặt trận Dân tộc thống nhất phải dựa trên cơ sở:","Đảm bảo lợi lích tối cao của dân tộc, quyền lợi cơ bản của các tầng lớp nhân dân",Đảm bảo quyền lợi cơ bản của công – nông,Đảm bảo lợi ích của nhân dân lao động,Đảm bảo lợi ích tối cao của giai cấp công nhân,A,
Chương 5,45,Tìm yếu tố không nằm trong Mặt trận Dân tộc thống nhất?,Đảng Cộng sản,Nhà nước xã hội chủ nghĩa,Các tổ chức chính trị - xã hội,Tòa án nhân dân,B,
Chương 5,45,"Theo Hồ Chí Minh, đoàn kết quốc tế có vai trò như thế nào đối với thắng lợi của cách mạng:",Là vấn đề có ý nghĩa chiến lược quyết định sự thắng lợi,,Vừa quan trọng vừa quyết định,,,
Chương 5,45,"Trong tư tưởng Hồ Chí Minh, đại đoàn kết dân tộc là:",Đoàn kết công – nông – lao động trí óc,Quyết đinh,Đoàn kết công – nông,Quan trọng,B,
Chương 5,46,"Theo tư tưởng Hồ Chí Minh, trong Mặt trận Dân tộc thống nhất, Đảng Cộng sản là:","Vừa là thành viên, vừa là lực lượng lãnh đạo Mặt trận Dân tộc thống nhất.",Lực lượng lãnh đạo Mặt trận Dân tộc thống nhất,Thành viên của Mặt trận Dân tộc thống nhất,Đại biểu của giai cấp công nhân trong Mặt trận Dân tộc thống nhất.,A,
Chương 5,46,Chọn cụm từ điền vào chỗ trống [……] đúng với tư tưởng Hồ Chí Minh: “Chính sách ngoại giao của Chính phủ thì chỉ có một điều tức là thân thiện với [……] trên thế giới để giữ gìn hòa bình”,Các nước xã hội chủ nghĩa,Các nước lớn,Tất cả các nước dân chủ,Mọi nước,C,
Chương 5,46,Tên khối đoàn kết dân tộc do Hội nghị Trung ương Đảng lần thứ 6 (11/1939) xác định là mặt trận nào?,Mặt trận dân tộc giải phóng,Mặt trận dân chủ Đông Dương,Mặt trận dân tộc thống nhất phản đế Đông Dương,Mặt trận Việt Minh,B,
Chương 5,46,Chọn cụm từ điền vào chỗ trống [……] theo tư tưởng Hồ Chí Minh: “Cần phải giữ gìn sự đoàn kết nhất trí của Đảng như giũ gìn [……]”,Tài sản của mình,,Tính mạng của mình,,,
Chương 5,46,"Theo tư tưởng Hồ Chí Minh, một trong những nhân tố đóng vai trò",Đoàn kết quốc tế,Nhân cách của mình,Đoàn kết dân tộc,Con ngươi của mắt mình quyết định thắng lợi của cách mạng là:,C,
Chương 5,46,"Theo tư tưởng Hồ Chí Minh, một trong những nguyên tắc đoàn kết",Không dùng vũ lực và đe doạ dùng vũ lực,Các bên cùng có lợi,"Đoàn kết trên cơ sở thống nhất mục tiêu và lợi ích, có lý, có tình.","Có đi, có lại",C,
Chương 5,46,"Theo tư tưởng Hồ Chí Minh, yếu tố nào được xác định là mục tiêu, nhiệm vụ hàng đầu của Đảng, của dân tộc?",Đoàn kết dân tộc kết hợp với đoàn kết quốc tế,Đoàn kết quốc tế,Giải phóng dân tộc,Đại đoàn kết dân tộc,D,
Chương 5,46,Chọn câu trả lời đúng với tư tưởng Hồ Chí Minh?,Đại đoàn kết dân tộc là vấn đề sách lược,Đại đoàn kết dân tộc là thủ đoạn chính trị,Đại đoàn kết dân tộc là vấn đề chiến lược,Đại đoàn kết dân tộc là vấn đề cấp bách,B,
Chương 5,46,Chủ trương trong quan hệ quốc tế của Việt Nam hiện nay là:,Việt Nam sẵn sàng là bạn của các nước trong cộng đồng quốc tế.,"Việt Nam muốn là bạn, là đối tác của các nước trong cộng đồng quốc tế.","Việt Nam sẵn sàng là bạn, là đối tác tin cậy của các nước trong cộng đồng quốc tế.",Việt Nam sẵn sàng là bạn tin cậy của các nước trong cộng đồng quốc tế.,C,
Chương 5,46,Mặt trận Việt Nam độc lập đồng minh (Việt Minh) được thành lập vào thời gian nào?,19/5/1940,,,,,
Chương 5,46,Mặt trận Liên -Việt được thành lập vào thời gian nào?,1941,1945,19/5/1942,19/5 /1945,B,
Chương 5,47,Mặt trận Tổ Quốc Việt Nam được thành lập vào thời gian nào?,1941,1945,1951,1955,D,
Chương 5,47,Chọn cụm từ điền vào chỗ trống [……] để hoàn chỉnh câu thơ của Hồ,Lao động thế giới,Bốn phương vô sản,Đông tây nam bắc,Vàng đen trắng đỏ,C,
Chương 5,47,"Trong kháng chiến Chống Mỹ, Hồ Chí Minh đã thành công trong việc xây dựng loại mặt trận nào?",Mặt trận đại đoàn kết dân tộc,Mặt trận đoàn kết ba nước Đông Dương,Mặt trận nhân dân tiến bộ thế giới đoàn kết với Việt Nam,"Cả a, b và c đều đúng",D,
Chương 5,47,Động lực chủ đạo của sự phát triển nước ta hiện nay là gì?,Đại đoàn kết dân tộc,Sự ủng hộ quốc tế,,,A,
Chương 5,47,"Trong tư tưởng Hồ Chí Minh, lực lượng chủ yếu của khối đại đoàn",Công nhân,"Học trò, nhà buôn",Khoa học công nghệ,Vốn đầu tư nước ngoài kết dân tộc là:,D,
Chương 5,47,Luận điểm: “Cách mệnh An Nam cũng là một bộ phận trong cách,Đông Dương (1923-1924),,Đường Cách mệnh,"Công nhân, nông dan, lao động trí óc mệng thế giới. Ai làm cách mệnh trong thế giới đều là đồng chí của dân An Nam cả” được trích từ tác phẩm nào của Hồ Chí Minh?",C,
Chương 5,47,"Chọn phương án đúng nhất đối với tư tưởng Hồ Chí Minh: Để tranh thủ sự giúp đỡ của các nước xã hội chủ nghĩa trong đấu tranh cách mạng, cần coi trọng nhân tố:",Có sự lãnh đạo đúng đắn của Đảng,"Tự lực cánh sinh, dựa vào sức mình là chính","Có đường lối độc lập, tự chủ",Dựa vào nguồn lực ngoại sinh là chính,B,
Chương 5,47,Mối quan hệ giữa nội lực và ngoại lực trong phát triển kinh tế là:,Nội lực là chính.,Ngoại lực trong thời kì đầu là chính để phá vỡ “cái vòng luẩn quẩn”.,"Nội lực là chính, ngoại lực là rất quan trọng.",Nội lực và ngoại lực quan trọng như nhau.,C,
Chương 5,47,"Chọn cụm từ đúng điền vào chỗ trống: “Việt Nam muốn làm bạn với (1) ……...., không gây thù oán với một ai”",Các nước xã hội chủ nghĩa,Các dân tộc thuộc địa bị áp bức,Mọi nước dân chủ,Các nước phát triển cao,C,
Chương 5,47,Chọn phương án trả lời đúng theo tư tưởng Hồ Chí Minh về nguyên tắc ngoại giao:,Phải cứng rắn về nguyên tắc,Phải mềm dẻo về sách lược,"Vừa cứng rắn về nguyên tắc, vừa mềm dẻo về sách lược","“Dĩ bất biến, ứng vạn biến”",C,
Chương 5,48,Thông cáo về chính sách ngoại giao của nước Cộng hòa Dân chủ Việt Nam ngày 03/10/1945 xác định mục tiêu đối ngoại của Việt Nam là góp phần “đưa nước nhà đến sự [……] và vĩnh viễn”.,Tự do hoàn toàn,Độc lập hoàn toàn,Hạnh phúc vô tận,Độc lập vô tận,B,
Chương 5,48,"Luận điểm “Đoàn kết, đoàn kết, đại đoàn kết; Thành công, thành công, đại thành công” của Hồ Chí Minh được trích từ tác phẩm:",Bài nói chuyện tại trong buổi bế mặc Đại hội thành lập Mặt trận Tổ Quốc Việt Nam,Bài nói chuyện tại Hội nghị mở rộng Ủy ban Mặt trận Tổ quốc Việt Nam,Bài nói chuyện tại Đại hội đại biểu Mặt trận Tổ Quốc Việt Nam lần thứ II,Tuyên ngôn độc lập,A,
Chương 5,48,Luận điểm ”Lao động tất cả các nước đoàn kết lại” là của ai?,Các Mác,,,,,
Chương 5,48,"Khẩu hiệu ”Giai cấp vô sản tất cả các nước và các dân tộc bị áp bức,",Các Mác,Ăng ghen,Lênin,Hồ Chí Minh đoàn kết lại” là của ai?,C,
Chương 5,48,"Trong các luận điểm sau, luận điểm nào là của Hồ Chí Minh:","Vô sản tất cả các nước, đoàn kết lại",Vô sản tất cả các nước và các dân tộc bị áp bức đoàn kết lại,Vô sản tất cả các nước liên hiệp lại,Hồ Chí Minh,D,
Chương 5,48,"Theo Hồ Chí Minh, khối đại đoàn kết toàn dân tộc phải dựa trên lập trường của:","Giai cấp công nhân, nông dân và tầng lớp trí thức",Dân tộc,Giai cấp công nhân,Giai cấp công nhân và Dân tộc,C,
Chương 5,48,"Theo Hồ Chí Minh, kế thừa truyền thống yêu nước, nhân nghĩa, đoàn kết của dân tộc là:",Nguyên nhân của khối đại đoàn kết toàn dân tộc,Điều kiện của khối đại đoàn kết toàn dân tộc.,Hạt nhân của khối đại đoàn kết toàn dân tộc,Yêu cầu của khối đại đoàn kết toàn dân tộc,B,
Chương 5,48,"Theo Hồ Chí Minh, khối đại đoàn kết toàn dân tộc chỉ có sức mạnh khi:",Được lãnh đạo,Được tập hợp thành một khối,Được trang bị vũ khí,Được trang bị lý luận.,B,
Chương 5,49,"Theo Hồ Chí Minh, Mặt trận dân tộc thống nhất phải được xây dựng và hoạt động dựa trên:",3 nguyên tắc,4 nguyên tắc,5 nguyên tắc,6 nguyên tắc,A,
Chương 5,49,"Theo Hồ Chí Minh, đoàn kết quốc tế nhằm:",Kết hợp sức mạnh dân tộc với sức mạnh thời đại,"Kết hợp sức mạnh dân tộc với sức mạnh thời đại, tạo sức mạnh tổng hợp cho cách mạng.",Tạo sức mạnh tổng hợp cho cách mạng.,"Tận dụng sự giúp đỡ, hỗ trợ của nhân dân tiến bộ các nước.",B,
Chương 5,49,"Theo tư tưởng Hồ Chí Minh, lực lượng của đoàn kết quốc tế bao gồm:",Phong trào cộng sản và công nhân Quốc tế,Phong trào đấu tranh giải phóng dân tộc,"Các lực lượng tiến bộ, những người yêu chuộng hòa bình, dân chủ, tự do và công lý.",Tất cả đều đúng,D,
Chương 5,49,"Theo Hồ Chí Minh, trong đoàn kết quốc tế:","Nội lực là quyết định, ngoại lực là cơ bản","Nội lực là quyết định, ngoại lực phát huy thông qua nội lực","Nội lực là cơ bản, ngoại lực là quyết định",Nội lực và ngoại lực có tầm quan trọng như nhau.,B,
Chương 5,49,"Quan điểm “Đại đoàn kết dân tộc là đường lối chiến lược của cách mạng Việt Nam, là động lực và nguồn lực to lớn trong xây dựng và bảo vệ Tổ quốc” được Đảng xác định tại:",Đại hội Đảng lần thứ X,Đại hội Đảng lần thứ XI,Đại hội Đảng lần thứ XII,Đại hội Đảng lần thứ IX,C,
Chương 5,49,"Theo Hồ Chí Minh, hạt nhân của sự đoàn kết là:",Sự đoàn kết và thống nhất trong Đảng,Sự đồng thuận trong nhân dân,Sự hài hòa về lợi ích của nhân dân,Sự tin tưởng của nhân dân.,A,
Chương 6,50,Chủ thể của khối đại đoàn kết toàn dân tộc là:,Toàn thể nhân dân Việt Nam yêu nước,Toàn thể giai cấp công nhân Việt Nam,Toàn thể Đảng viên Đảng Cộng sản Việt Nam,"Toàn thể giai cấp công nhân, nông dân và tầng lớp trí thức.",A,
Chương 6,50,"So với các nền dân chủ trước đây, dân chủ XHCN có điểm gì khác biệt cơ bản:",Không còn mang tính giai cấp,Là nền dân chủ phi lịch sử,Là nền dân chủ rỗng rãi cho giai cấp công nhân và nhân dân lao động.,Là nền dân chủ thuần tuý,D,
Chương 6,50,Cơ chế vận hành của hệ thống chính trị nước ta là:,"Đảng và nhà nước lãnh đạo, quản lý, nhân dân làm chủ","Đảng lãnh đạo, nhà nước quản lý, nhân dân làm chủ","Nhà nước lãnh đạo, Đảng quản lý, nhân dân làm chủ","Nhà nước làm chủ, Đảng lãnh đạo, nhân dân quản lý",B,
Chương 6,50,Quốc hội đầu tiên của nước Việt Nam dân chủ cộng hoà được nào?,4/1/1946,,,,,
Chương 6,50,"Cho đến nay, nước ta đã từng có mấy bản Hiến pháp?",Một,Hai,Ba,Bốn,D,
Chương 6,50,Hiến pháp 1980 được thông qua tại Quốc hội nước Cộng hoà xã hội,Quốc hội khoá V,Quốc hội khoá VI,Quốc hội khoá VII,Quốc hội khoá VIII,B,
Chương 6,50,Bầu cử các đại biểu Quốc hội và Hội đồng Nhân dân các cấp của dân vào các cơ quan quyền lực nhà nước thuộc loại hình dân chủ nào?,18 tuổi,19 tuổi,20 tuổi,21 tuổi,D,
Chương 6,50,"Trong hệ thống chính trị, Hồ Chí Minh coi trọng vai trò của:",Bộ Chính trị,,Ban Bí thư,,,
Chương 6,50,"Ở nước ta hiện nay, công dân từ bao nhiêu tuổi trở lên thì có quyền",18 tuổi,Ban Chấp hành Trung Ương,,Chi bộ ứng cử vào đại biểu Quốc hội?,D,
Chương 6,50,"Xây dựng nhà nước pháp quyền XHCN của dân, do dân, vì dân ở",Tăng cường sự lãnh đạo của Đảng,Dân chủ hoá tổ chức và hoạt động của bộ máy Nhà nước.,"Xây dựng hệ thống luật pháp hoàn chỉnh và phân lập rõ các quyền lập pháp, hành pháp và tư pháp.",Đưa luật pháp vào cuộc sống.,C,
Chương 6,51,"Dưới đây là một số luận điểm của Hồ Chí Minh về một nhà nước của dân, do dân, vì dân. Hỏi luận điểm nào trực tiếp thể hiện tư tưởng nhà nước vì dân?",Nhà nước,"Dân “Việc gì có lợi cho [……], ta phải hết sức làm “Việc gì có hại cho [……], ta phải hết sức tránh…”",Hễ chính phủ nào mà có hại cho dân chúng thì dân chúng phải đạp đổ chính phủ ấy đi và gây nên chính phủ khác.,"Việc gì có lợi cho dân ta phải hết sức làm. Việc gì hại đến dân, ta phải hết sức tránh. 12 Chọn cụm từ điền vào chỗ trống [……] đúng với tư tưởng Hồ Chí Minh:",B,
Chương 6,51,"Theo tư tưởng Hồ Chí Minh, nhà nước ta mang bản chất của:",Nhà nước do Đảng của giai cấp công nhân lãnh đạo,Nhà nước hoạt động theo nguyên tắc tập trung dân chủ,Giai cấp công nhân là lực lượng cơ bản của nhà nước,Nhà nước định hướng đưa đất nước đi lên chủ nghĩa xã hội,C,
Chương 6,51,"Luận điểm nào sau đây là sai? Theo tư tưởng Hồ Chí Minh, Đảng lãnh đạo Nhà nước bằng:",Chăm lo mọi mặt đời sống của nhân dân,Mọi quyền lực trong nhà nước và trong xã hội đều thuộc về nhân dân,Mọi công việc của nhà nước do dân quyết định,Đại biểu của nhà nước do dân bầu ra,B,
Chương 6,52,"Luận điểm nào sau đây là sai? Theo Hồ Chí Minh, trong xây dựng đường lối chính trị Đảng cần phải:","Thật sự là đội tiên phong dũng cảm, là bộ tham mưu sáng suốt của giai cấp công nhân, nhân dân lao động và của cả dân tộc",Dựa trên cơ sở lý luận của chủ nghĩa Mác – Lênin,Vận dụng kinh nghiệm của các Đảng cộng sản và anh em vào điều kiện cụ thể của nước ta trong thời kỳ quá độ,Tập hợp các nhà nghiên cứu lý luận giỏi,D,
Chương 6,52,"Theo tư tưởng Hồ Chí Minh, nhà nước vì dân là nhà nước:",Tất cả đều vì lợi ích của nhân dân,Do nhân dân làm chủ,Phục vụ nhân dân,Chăm lo mọi mặt đời sống nhân dân,A,
Chương 6,52,"Luận điểm nào sau đây là sai? Theo tư tưởng Hồ Chí Minh, nhà nước vì dân là nhà nước:",Tất cả đều vì lợi ích của nhân dân,Do nhân dân làm chủ,Phục vụ nhân dân,Chăm lo mọi mặt đời sống nhân dân,B,
Chương 6,52,"Chọn cụm từ điền vào chỗ trống [……] theo tư tưởng Hồ Chí Minh: “Chế độ ta là chế độ dân chủ, nghĩa là [……] làm chủ”",Công nhân,,,,,
Chương 6,52,"Chọn cụm từ điền vào chỗ trống […..] theo tư tưởng Hồ Chí Minh : “ nước ta là nước [….] , nghĩa là do nhân dân [….]” a.cộng hòa , quản lý c.dân chủ , làm chủ",,,,,,
Chương 6,52,"Chọn cụm từ điền vào chỗ trống […..] theo tư tưởng Hồ Chí Minh: “ tất cả các cơ quan nhà nước đều phải dựa vào […..], liên hệ chặt chẽ với b.vì dân, kiểm soát d.dân chủ kiểm soát",,,Nhân dân [….] lắng nghe chú ý chịu sự kiểm soát của […….]”. c.Nhân dân b.Quốc hội a.Công nhân,Công - nông,C,
Chương 6,52,"Chọn cụm từ điền vào chỗ trống […..] theo tư tưởng Hồ Chí Minh: “ nước nhà thịnh hay suy , yếu hay mạnh một phần lớn do các […..] “. a.thanh niên c.Thiếu nhi , nhi đồng 29 Theo Hồ Chí Minh , chế độ chính trị mà chúng ta xây dựng là chế độ: b.Cấn bộ nhà nước d.Chính phủ d.tri thức",Nhà nước phải chịu sự lãnh đạo của Đảng,Nhà nước phải chịu sự giám sát của nhân dân,Nhà nước phải quản lý đất nước bằng Hiến pháp và pháp luật,Đẩy mạnh quan hệ quốc tế,C,
Chương 6,53,Chọn phương án đúng theo tư tưởng Hồ Chí Minh: a.Pháp luật đúng là pháp luật thể hiện và bảo vệ được lợi ích của dân.,,Pháp luật đúng là pháp luật thể hiện và bảo vệ giai cấp cầm quyền.,Pháp luật đúng là pháp luật duy trì sự cầm quyền của Đảng,Phấp luật đúng là công cụ thống trị của thế lực cầm quyền .,,
Chương 6,53,Nhà nước do dân theo tư tưởng Hồ Chí Minh là :,Đại biểu của nhà nước do dân lựa chọn. Nhà nước phải liên hệ chặt chẽ với dân .,"Dân ủng hộ, giúp đỡ , đóng thuế để nhà nước chi tiêu hoạt động","Dân có quyền kiểm soát , giám sát , bãi miễn nếu đại biểu không làm tròn sự ủy thác của dân","Cả a,b,c đều đúng",D,
Chương 6,53,Nhà nước vì dân theo tư tưởng Hồ Chí Minh là:,Phục vụ vì lợi ích và nguyện vọng chính đáng của nhân dân,"Dân làm chủ , chính phủ là đầy tớ . Mọi chủ trương, chính sách, pháp luật đều xuất phát từ lợi ích của dân","Nhà nước trong sạch không có bất cứ một đặc quyền , đặc lợi nào","Cả a,b,c đều đúng",A,
Chương 6,53,Điền vào chỗ trống [……] đúng theo tư tưởng Hồ Chí Minh: Nhà nước Việt Nam […..]: a.Mang bản chất giai cấp công nhân,Bệnh thành tích,Có tĩnh dân tộc và tính nhân dân sâu sắc,"Đặc quyền , đặc lợi","Mang tính dân tộc 37 Luận điểm nào sau đây là sai ?Trong quá trình lãnh đạo nhà nước , Hồ Chí Minh nhắc nhở cần phải đề phòng và khắc phục những tiêu cực như",A,
Chương 6,53,Một nhà nước pháp quyền có pháp lý mạnh mẽ theo Hồ Chí Minh phải,Coi trọng pháp luật trong quản lý xã hội,Kiệm,Đảm bảo tính nghiêm minh và hiệu lực của công việc,Kết hợp nhuân nhuyễn cả pháp luật và đạo đức trong quản lý xã hội,D,
Chương 6,54,Tư tưởng đạo đức của Hồ Chí Minh bắt nguồn từ : a.Truyền thông đạo đức của dân tộc Việt Nam b.Kế thừa tư tưởng đạo đức phương đông và tinh hoa văn hóa nhân loại,,,"Tư tưởng đạo đức và những tấm gương đạo đức của Mác, Anghen, Lênin",Tất cả phương án trên đều đúng,D,
Chương 6,54,"Theo Hồ Chí Minh , đức tính cần thiết cho một con người là gì ?",Cần,,"Liêm, Chính",,,
Chương 6,54,"Theo Hồ Chí Minh , văn hóa có mấy chức năng ?",3 chức năng,4 chức năng,5 chức năng d.6 chức năng,,A,
Chương 6,54,"Câu nói sau đây là của ai ? “ Người mà không liêm , không bằng súc vật “",Tấn Đạt Đa,,,,,
Chương 6,54,"Luận điểm nào sau đây sai ? Theo Hồ Chí Minh , học để làm gì ?",làm cán bộ,,,,,
Chương 6,54,Phẩm chất đạo đức cơ bản đạo đức của người Việt Nam trong thời đại,"Trung với nước , Hiếu với dân. Yêu thường con người","Cần, Kiệm, Liêm, Chính , Chí công vô tư",Có tinh thần quốc tế trong sáng,"Cả a,b,c đều đúng",D,
Chương 6,54,Hãy lựa chọn câu trả lời đúng nhất theo tư tưởng Hồ Chí Minh :,"Vì lợi ích mười năm trồng người , vì lợi ích trăm năm trồng cây","Vì lợi ích mười năm trồng cây , vì lời ích trăm năm trồng người","Vì lợi ích mười năm, trồng cây ; vì lợi ích trăm năm , trồng người","Vì lợi ích mười năm trồng cây , vì lợi ích trăm năm trồng người",D,
Chương 6,54,Con người theo quan điểm của Hồ Chí Minh là :,"Vốn quý nhất , nhân tố quan trọng của cách mạng","Vốn quý nhất , nhân tố quyết định thành công của cách mạng",Vốn quý của cách mạng,Động lực của cách mạng,B,
Chương 6,54,Khái niệm con người theo quan niệm của Hồ Chí Minh:,Một con người cụ thể,Một cộng động người,Con người cụ thể gắn với hoàn cảnh lịch sử cụ thể,"Con người trừu tượng , chung chung",C,
Chương 6,54,Theo Hồ Chí Minh “[…..] là gốc của người cách mạng “ .,Tài năng và đạo đức,Đạo đức,Tài năng,Phẩm chất chính trị,B,
Chương 6,54,Hồ Chí Minh đề cập đến đạo đức trong những quan hệ nào sau đây ?,Tuyên ngôn độc lập,Điều lệ vắn tắt,Đường cách mệnh,Bản án chế độ thực dân Pháp,C,
Chương 6,55,"Theo Hồ Chí Minh , để phát huy động lực con người , cần phải?",Phát huy sức mạnh của cả cộng đồng và sức mạnh của cá nhân người lao động,Phát huy sức mạnh đoàn kết của cả cộng đồng dân tộc,Phát huy sức mạnh của các nhân con người,Kêu gọi toàn dân,A,
Chương 6,55,"Theo tư tưởng Hồ Chí Minh, tính đại chúng của nền văn hóa được thể hiện ở chỗ :",Nền văn hóa ấy phải phục vụ cho nhân dân và do nhân dân xây dựng nên,Phát huy sức mạnh đoàn kết của cả cộng dồng dân tộc,Phát huy sức mạnh của cá nhân con người,kêu gọi toàn dân,A,
Chương 6,55,"Theo tư tưởng Hồ Chí Minh, cán bộ nhà nước là gì của nhân dân ?",Là người lãnh đạo c.Là chủ,,,,,
Chương 6,55,"Chọn cụm từ điền vào chỗ trống [……] đúng với tư tưởng Hồ Chí Minh:“ Người cách mạng phải có […..] , không có [….] thì dù tài giỏi mấy cũng không lãnh đạo được nhân dân” d.Là người quản lý",,Đạo đức cách mạng,Ý chí cách mạng,,B,
Chương 6,55,. Chọn cụm từ điền vào chỗ trống [……] đúng với tư tưởng Hồ Chí b.Đạo đức cách mạng d.Phương pháp cách mạng Minh: “ Văn hóa [……] cho quốc dân đi “ a.Dẫn đường,,,,,,
Chương 6,55,. Chọn cụm từ điền vào chỗ trống [……] đúng với tư tưởng Hồ Chí,,Tương đối quan trọng,Rất quan trọng,Rất nên làm,C,
Chương 6,55,"Theo tư tưởng Hồ Chí Minh, đạo đức có vai trò như thế nào ?",Là nền tảng lý luận của người cách mạng,"Là cái gốc , nên tảng của người cách mạng",Là định hướng lý tưởng của người cách mạng,Là cơ sở tư tưởng của người cách mạng,B,
Chương 6,55,"Theo tư tưởng Hồ Chí Minh , một trong những yêu cầu về xây dựng đội ngũ cán bộ công chức nhà nước là :",Tiếp tục phát triển kinh tế,Ra sức phát triển văn hóa,Công việc đối với con người,Phát triển khoa học kỹ thuật,C,
Chương 6,56,Câu nói nào sau đây là của Hồ Chí Minh ?,Đường lối lãnh đạo,Cán bộ tốt hay kém,Cán bộ lãnh đạo,Phương pháp lãnh đạo,B,
Chương 6,56,"Theo tư tưởng Hồ Chí Minh , trong mỗi con người bao giờ cũng có :",8-1941,Đào tạo nhân lực,8-1943,"Mở rộng hiểu biết nâng cao dân trí 71 Lần đầu tiên, Hồ Chí Minh đưa ra định nghĩa văn hóa vào thời gian nào ?",C,
Chương 6,56,Quan điểm xây dựng một nền văn hóa có nội dung xã hội chủ nghĩa b.8-1942 d.8-1945 còn có tính dân tộc được Hồ Chí Minh nêu ra vào thời gian nào ? c.1960,1951,,,,,
Chương 6,56,"Luận điểm nào sau đây là SAI ? Theo tư tưởng Hồ Chí minh , chức",Bồi dưỡng tư tưởng và tĩnh cảm cao đẹp,"Bồi dưỡng những phẩm chất, phong cách và lối sống tốt đẹp , lành mạnh hướng con người đến chân , thiện , mỹ để hoàn thiện bản thân.",Giải trí cho con người,"Mở rộng hiểu biết , nâng cao dân trí",C,
Chương 6,57,"Bác Hồ viết : Nay chúng ta đã giành được quyền độc lập,một trong những công việc phải thực hiện cấp tốc lúc này , là nâng cao dân trí [……] Phụ nữ lại càng cần phải học, đã lâu chị em bị kìm hãm, đây là lúc chị em phải có gắng để kịp nam giới “Đoạn văn trên trích từ văn bản nào của Hồ Chí Minh ?",Chống nạn thất học,Sắc lệnh thành lập Nha bình dân học vụ,Đời sống mới,Sắc lệnh thiết lập Hội đồng cố vấn học chính,A,
Chương 6,57,"Trong phiên họp đầu tiên của chính phủ nước Việt Nam dân chủ cộng hòa , dưới sự của chủ tịch Hồ Chí Minh, Người đã nói :” nạn dốt là một trong những phương pháp độc ác mà bọn thực dân dùng để cai trị chúng ta. Hơn chin mươi phần trăm đồng bào chúng ta mù chữ.. Một dân tộc dốt là một dân tộc yếu. Vì vậy, tôi đề nghị một chiến dịch để chống nạn mù chữ “ Phiên họp đó diễn ra vào lúc nào ?","Dân tộc, dân chủ","Dân tộc , giải phóng","Dân tộc , giải cấp","Dân chủ , công bằng",A,
Chương 6,57,Phong trào mà Hồ Chí Minh chủ trương để xóa nạn mù chữ sau năm 1945 gọi là gì ?,Bình dân học vụ,Xây dựng nếp sống mới,Xóa bỏ văn hóa thực dân nô dịch phản động,Bài trừ các tệ nạn xã hội,A,
Chương 6,57,"Đặc điểm “ Nền văn hóa tiên tiến, đậm đà bản sắc dân tộc “ được nêu đầu tiên tại Đại hội nào của Đảng ?",Đại hội V (1982 ),Đại hội VI ( 1986),Đại hội VII (1991),Đại hội X ( 2006),C,
Chương 6,58,"Từ sau cách mạng tháng Tám năm 1945, văn hóa được Hồ Chí Minh xác định là :",Đời sống vật chất và tinh thần của xã hội,"Đời sống tinh thần của xã hội , thuộc về kiên trúc thượng tầng",Thuộc về cơ sở hạ tầng,Đời sống vật chất của xã hội,B,
Chương 6,58,"Theo tư tưởng Hồ Chí minh, một trong những chức năng cơ bản của Văn hóa là :",Định hướng cho sự phát triển,Bồi dưỡng nhân tài,"Mở rộng hiểu biết, nâng cao dân trí",Nâng cao dân lực,C,
Chương 6,58,Đặc trưng cốt lõi của tư tưởng đạo đức Hồ Chí Minh là gì ?,Lòng thương người,Sự quan tâm đến con người,Chủ nghĩa nhân đạo chiến đấu,"Cả a,b,c đều sai",C,
Chương 6,58,"Theo Hồ Chí Minh , đạo đức là :",Gốc của người cách mạng,Phẩm chất của người cách mạng,Yêu cầu của người cách mạng,Tính cách của người cách mạng,A,
Chương 6,58,Hồ Chí Minh ví tuổi trẻ như mùa nào trong năm?,Mùa xuân,Mùa thu,Mùa hạ,Mùa đông CON NGƯỜI,D,
Chương 6,58,"Vào năm 1987, được tổ chức UNESCO ghi nhận Hồ Chí Minh là","Anh hùng giải phóng dân tộc, danh nhân văn hóa thế giới","Anh hùng giải phóng dân tộc, danh nhân văn hóa Việt Nam","Anh hùng giải phóng dân tộc, nhà văn hóa kiệt xuất Việt Nam","Anh hùng giải phóng nhân loại, danh nhân văn hóa kiệt xuất thế giới",C,
Chương 6,58,Hồ Chí Minh có:,3 cách tiếp cận về văn hóa,4 cách tiếp cận về văn hóa,5 cách tiếp cận về văn hóa,6 cách tiếp cận về văn hóa,B,
Chương 6,59,"Trong mối quan hệ với kinh tế, Hồ Chí Minh cho rằng:",Văn hóa là cơ sở hạ tầng của kinh tế,Văn hóa thuộc kiến trúc thượng tầng,Văn hóa và kinh tế tách biệt nhau,Văn hóa và kinh tế có mối quan hệ phát sinh.,B,
Chương 6,59,Chọn câu đúng theo tư tưởng Hồ Chí Minh:,Xã hội thế nào văn hóa thế ấy,Đời sống Xã hội phụ thuộc văn hóa,Văn hóa sinh ra đời sống xã hội,Tất cả đều sai,A,
Chương 6,59,"Theo Hồ Chí Minh, lòng yêu nước, thương nòi, tinh thần độc lập, tự cường, tự tôn dân tộc là:",Nội dung của bản sắc văn hóa dân tộc,Hình thức của bản sắc văn hóa dân tộc,Bản chất của bản sắc văn hóa dân tộc,Động lực của bản sắc văn hóa dân tộc,A,
Chương 6,59,"Theo tư tưởng Hồ Chí Minh, tiếp biến văn hóa là:",Bản chất của văn hóa,Quy luật của văn hóa,Động lực của văn hóa,Điều kiện của văn hóa,B,
Chương 6,59,"Theo Hồ Chí Minh, mục đích của tiếp thu văn hóa nhân loại là để:",Bổ sung và phát triển cho văn hóa Việt Nam.,"Làm giàu cho văn hóa Việt Nam, xây dựng văn hóa Việt Nam với tinh thần dân chủ.",Xây dựng tinh thần dân chủ cho văn hóa Việt Nam.,"Phát triển, xây dựng văn hóa Việt Nam với tinh thần dân chủ.",B,
Chương 6,59,Chọn phát biểu đúng của Hồ Chí Minh:,"Đạo đức là gốc, nền tảng, sức mạnh, tiêu chuẩn hàng đầu","Đạo đức là gốc, cơ sở, sức mạnh, tiêu chuẩn hàng đầu","Đạo đức là gốc, nền tảng, sức mạnh, động lực hàng đầu","Đạo đức là gốc, nền tảng, cơ sở, tiêu chuẩn hàng đầu",A,
Chương 6,59,"“Cũng như sông thì có nguồn mới có nước, không có nguồn thì sông cạn. Cây phải có gốc, không có gốc thì cây héo. Người cách mạng phải có đạo đức, không có đạo đức thì dù tài giỏi mấy cũng không lãnh đạo được nhân dân. Vì muốn giải phóng dân tộc, giải phóng cho loài người là một công việc to tát mà tự mình không có đạo đức, không có căn bản, tự mình đã hủ hóa, xấu xa thì còn làm nổi việc gì?”. Đoạn trích trên được trích trong tác phẩm nào của Hồ Chí Minh:",Bản án chế độ thực dân Pháp,Tác phẩm “con rồng tre”,Sửa đổi lối làm việc,Tác phẩm “Nhật ký trong tù”,C,
Chương 6,60,"Theo Hồ Chí Minh, tiêu chuẩn cho mục đích hành động là:",Đạo đức,Tài năng,Trí tuệ,Sức mạnh,A,
Chương 6,60,"Theo Hồ Chí Minh, phẩm chất đạo đức được xem là bao trùm, quan trọng nhất và chi phối các phẩm chất khác là:","Cần, kiệm, liêm, chính, chí công vô tư",Chuyên cần,"Trung với nước, hiếu với dân",Yêu thương con người,C,
Chương 6,60,"Theo Hồ Chí Minh, nội dung cốt lõi của đạo đức cách mạng là:","Cần, kiệm, liêm, chính, chí công vô tư",Chuyên cần,"Trung với nước, hiếu với dân",Yêu thương con người,A,
Chương 6,60,"Theo Hồ Chí Minh, tinh thần Quốc tế trong sáng, chủ nghĩa Quốc tế có nguồn gốc từ:",Bản chất của giai cấp công nhân,Lý tưởng của những người cộng sản,Truyền thống văn hóa Việt Nam,Tinh hoa văn hóa nhân loại,A,
Chương 6,60,Nguyên tắc xây dựng đạo đức cách mạng theo tư tưởng Hồ Chí Minh là:,"Nói đi đôi với làm, noi gương về đạo đức; xây đi đôi với chống; tu dưỡng đạo đức suốt đời","Nói đi đôi với làm, noi gương về đạo đức; xây quan trọng hơn chống; tu dưỡng đạo đức suốt đời","Làm quan trọng hơn nói, noi gương về đạo đức; xây đi đôi với chống; tu dưỡng đạo đức suốt đời","Nói đi đôi với làm, noi gương về đạo đức; xây đi đôi với chống; trau dồi tri thức suốt đời",A,
Chương 6,61,"Theo tư tưởng Hồ Chí Minh, “mỗi người tự rèn luyện, tu dưỡng ý thức, kết hợp với xây dựng cơ chế, tính khoa học của bộ máy và tạo dựng nền dân chủ” được hiểu là:",Ý nghĩa của việc xây dựng con người,Phương pháp xây dựng con người,Động lực xây dựng con người,Nội dung xây dựng con người.,B,
Chương 6,61,Chọn nội dung đúng nhất theo tư tưởng Hồ Chí Minh về “trồng người”:,Xây dựng con người,Giáo dục con người,"Trách nhiệm của Đảng, nhà nước, các đoàn thể chinh trị - xã hội kết hợp với tính tích cực, chủ động của từng người.",Tất cả đều sai,C,
Chương 6,61,"Theo Hồ Chí Minh, động lực của cách mạng là:",Tinh thần yêu nước,Con người,Giai cấp công nhân,Giai cấp nông nhân,B,
Chương 6,61,"Chọn từ điền vào chỗ trống: Văn hóa chính trị là một trong những.......... soi đường cho quốc dân đi......quốc dân để thực hiện độc lập, tự cường, tự chủ.",Điều khiển,Lãnh đạo,Dẫn dắt,Thúc đẩy,B,
Chương 6,62,Yếu tố cốt lõi đầu tiên tạo nên nền tảng tư tưởng đạo đức Hồ Chí Minh là:,Tình yêu thương con người,Tình yêu quê hương,Tình cảm gia đình,Tinh thần hiếu để,A,
Chương MỞ ĐẦU,62,"Theo Hồ Chí Minh, nội dung của tiếp thu văn hóa thế giới là:",Toàn diện,Chọn lọc,Đánh giá trước khi tiếp thu,Tất cả đều sai,A,
Chương MỞ ĐẦU,62,Khái niệm “Tư tưởng Hồ Chí Minh” lần đầu tiên được Đảng ta đưa ra tại Đại hội lần thứ mấy? a)Đại hội VI b)Đại hội VII c)Đại hội VIII d)Đại hội IX,,,,,,
Chương MỞ ĐẦU,62,Luận điểm “trong thực tế tư tưởng Hồ Chí Minh đã trở thành một tài sản tinh thần quý báu của Đảng và của cả dân tộc” được trích từ Văn kiện Đại hội lần thứ mấy của Đảng? a)Đại hội VI b)Đại hội VII c)Đại hội VIII d)Đại hội IX,,,,,,
Chương MỞ ĐẦU,62,Thời thiếu niên Chủ tịch Hồ Chí Minh có tên là: a)Nguyễn Tất Thành b)Nguyễn Sinh Cung c)Nguyễn Văn Ba d)Nguyễn Ái Quốc,,,,,,
Chương MỞ ĐẦU,62,"“Tôi muốn đi ra ngoài, xem nước Pháp và các nước khác. Sau khi xem xét họ làm như thế nào, tôi sẽ trở về giúp đồng bào chúng ta”. Câu nói này được Nguyễn Tất Thành nói vào thời điểm nào? a)1905 b)1910 c)1911 d)1912",,,,,,
Chương MỞ ĐẦU,63,Nguyễn Tất Thành ra đi tìm đường cứu nước vào ngày tháng năm nào? a)6/5/1910 b)5/6/1911 c)7/5/1917 d)7/5/1919,,,,,,
Chương MỞ ĐẦU,63,"Học tập, vận dụng và phát triển tư tưởng Hồ Chí Minh cần nắm vững các nguyên tắc phương pháp luận nào? a)Quan điểm thực tiễn và nguyên tắc lý luận gắn liễn với thực tiễn. b)Quan điểm toàn diện và hệ thống. c)Quan điểm kế thừa và phát triển. d)Tất cả các đáp án trên",,,,,,
Chương MỞ ĐẦU,63,Chọn đáp án đúng nhất với khái niệm Tư tưởng Hồ Chí Minh a)Tư tưởng Hồ Chí Minh là kết quả sự vận dụng sáng tạo và phát triển Chủ nghĩa Mác Lênin vào điều kiện cụ thể của nước ta. b)Tư tưởng Hồ Chí Minh là kết quả của sự vận dụng sáng tạo Chủ nghĩa Mác – Lênin vào điều kiện thực tế của nước ta. c)Tư tưởng Hồ Chí Minh là kết quả sự phát triển sáng tạo Chủ nghĩa Mác Lênin vào điều kiện cụ thể của nước ta. d)Tư tưởng Hồ Chí Minh là kết quả sáng tạo của Hồ Chí Minh xuất phát từ thực tiễn cách mạng Việt Nam và thế giới.,,,,,,
Chương MỞ ĐẦU,63,"Hãy lựa chọn câu dịch đúng nhất trong các phương án sau: Nghị quyết Đại hội đồng UNESCO lần thứ 24 vinh danh Hồ Chí Minh là: a)Anh hùng giải phóng dân tộc, nhà tư tưởng lớn của Việt Nam. b)Anh hùng giải phóng dân tộc, nhà cách mạng vĩ đại của Việt Nam. c)Anh hùng giải phóng dân tộc, nhà văn hóa kiệt xuất của Việt Nam. d)Anh hùng dân tộc vĩ đại, nhà văn hóa lớn của Việt Nam.",,,,,,
Chương 1,63,"Tên gọi “Nguyễn Ái Quốc” xuất hiện chính thức lần đầu tiên trong sự kiện nào? a)Rời bến cảng Nhà Rồng ra đi tìm đường cứu nước, năm 1911. b)Gửi bản Yêu sách của nhân dân An Nam tới Hội nghị Versailles, năm 1919. c)Dự Đại hội IV Quốc tế Cộng sản, năm 1922. d)Hội nghị Hợp nhất các tổ chức cộng sản, thành lập Đảng, năm 1930.",,,,,,
Chương 1,63,Truyền thống quý báu nhất của dân tộc Việt Nam được Hồ Chí Minh kế thừa và phát triển là gì? a)Chủ nghĩa yêu nước b)Lòng nhân ái c)Tinh thần hiếu học d)Cần cù lao động,,,,,,
Chương 1,63,Tìm một điểm nhầm lẫn trong đoạn viết sau: Một trong những nguồn gốc của tư tưởng Hồ Chí Minh là tiếp thu văn hóa phương Đông. Cụ thể là: a)Những mặt tích cực của Nho giáo b)Kế thừa tư tưởng pháp trị hà khắc của Pháp gia c)Tư tưởng vị tha của Phật giáo d)Kế thừa những tư tưởng tích cực trong chủ nghĩa Tam dân của Tôn Trung Sơn.,,,,,,
Chương 1,64,"Nguyên nhân quan trọng nhất dẫn đến sự thất bại của các phong trào yêu nước Việt Nam cuối thế kỷ XIX đầu thế kỷ XX là gì? a)Diễn ra rời rạc, tự phát b)Thiếu đường lối cứu nước đúng đắn c)Thua kém về vũ khí và sức mạnh quân sự d)Chưa phát huy được sức mạnh đoàn kết toàn dân",,,,,,
Chương 1,64,"Khi tham gia phong trào chống thuế ở Trung Kỳ, Nguyễn Tất Thành đang là: a)Học sinh b)Thầy giáo c)Công nhân d)Thợ ảnh",,,,,,
Chương 1,64,“ Đất nước đẹp vô cùng nhưng Bác phải ra đi/ Cho tôi làm sóng dưới chân tàu đưa tiễn Bác” là câu thơ của tác giả nào? a)Tố Hữu b)Chế Lan Viên c)Cù Huy Cận d)Trường Chinh,,,,,,
Chương 1,64,“ Mong manh áo vải hồn muôn trượng/ Hơn tượng đồng phơi những lối mòn” là câu thơ của tác giả nào? a)Tố Hữu b)Chế Lan Viên c)Cù Huy Cận d)Trường Chinh,,,,,,
Chương 1,64,Tư tưởng Hồ Chí Minh được hình thành từ những nguồn gốc nào? a)Giá trị tư tưởng- văn hóa truyền thống của dân tộc Việt Nam b)Tinh hoa văn hóa nhân loại c)Chủ nghĩa Mác – Lênin và những phẩm chất của Hồ Chí Minh d)Tất cả các phương án trên,,,,,,
Chương 1,64,Tư tưởng Hồ Chí Minh về con đường cách mạng Việt Nam được hình thành cơ bản vào khoảng thời gian nào? a)Giai đoạn 1911-1920 b)Giai đoạn 1921-1930 c)Giai đoạn 1931-1945 d)Giai đoạn 1946- 1969,,,,,,
Chương 1,64,"Chọn phương án đúng trong các phương án sau: Hồ Chí Minh đã tiếp thu những yếu tố nào của Phật giáo? a)Tư tưởng về một thế giới đại đồng b)Tinh thần tự sám hối c)Tư tưởng lễ giáo, đề cao đạo đức d)Tư tưởng vị tha, từ bi, bác ái",,,,,,
Chương 1,65,"Chọn phương án trả lời đúng với tư tưởng Hồ Chí Minh a)Từ năm 1890 đến năm 1911: Thời kỳ nghiên cứu, khảo sát thực tế, đến với chủ nghĩa Mác- Lênin b)Từ năm 1911 đến năm 1920: Thời kỳ hình thành tư tưởng yêu nước, chí hướng cứu nước c)Từ năm 1921 đến năm 1930: Thời kỳ hình thành cơ bản tư tưởng về con đường cách mạng Việt Nam d)Từ năm 1930 đến năm 1945: Thời kỳ tìm kiếm và xác định con đường cứu nước, giải phóng dân tộc",,,,,,
Chương 1,65,"Chọn cụm từ đúng điền vào dấu “...” Tháng 7-1920, Hồ Chí Minh đọc “...” của V.L. Lênin? a)Chính sách kinh tế mới (NEP) b)Sơ thảo lần thứ nhất những luận cương về vấn đề dân tộc và vấn đề thuộc địa c)Tác phẩm Làm gì d)Tác phẩm Bút ký triết học",,,,,,
Chương 1,65,"Sau hành trình tìm đường cứu nước, Hồ Chí Minh về nước trực tiếp lãnh đạo phong trào cách mạng vào thời gian? a)Tháng 5 - 1930 b)Tháng 1 - 1941 c)Tháng 9 - 1943 d)Tháng 8 – 1945",,,,,,
Chương 1,65,Địa danh đầu tiên của Tổ quốc mà Hồ Chí Minh đặt chân lên khi về nước tại cột mốc 108 trên bia giới Việt –Trung thuộc địa phận nào tỉnh Cao Bằng? a)Hà Quảng b)Hòa An c)Nguyên Bình d)Quản Bạ,,,,,,
Chương 1,65,Hồ Chí Minh đến với chủ nghĩa Mác – Lênin và trở thành người cộng sản đầu tiên của Việt Nam vào thời gian nào? a)Năm 1919 b)Năm 1920 c)Năm 1925 d)Năm 1930,,,,,,
Chương 1,65,"Nguyễn Ái Quốc lấy tên là Hồ Chí Minh vào thời gian nào? a)Năm 1911, khi Người ra đi tìm đường cứu nước tại bến cảng Nhà Rồng b)Năm 1920, khi Người hoạt động tạo Pháp c)Năm 1941, khi Người về nước và hoạt động tại Pác Bó- Cao Bằng d)Năm 1942, khi Người có chuyến công tác sang Trung Quốc",,,,,,
Chương 1,65,"Trong những tiền đề lý luận hình thành tư tưởng Hồ Chí Minh, tiền đề nào quyết định bản chất khoa học và cách mạng của tư tưởng Hồ Chí Minh? a)Những giá trị truyền thống của dân tộc b)Những tinh hoa văn hóa của nhân loại c)Chủ nghĩa Mác – Lênin d)Cả ba tiền đề cùng có ý nghĩa quyết định",,,,,,
Chương 1,66,“ Luận cương Leenin theo Người về quê Việt/ Đất nước còn xa những hạnh phúc đã gần rồi”là câu thơ của tác giả nào? a)Tố Hữu b)Sóng Hồng c)Huy Cận d)Chế Lan Viên,,,,,,
Chương 1,66,"Theo sách “ Giáo trình Tư tưởng Hồ Chí Minh” (Nxb Chính trị quốc gia – Sự thật, Hà Nội, 2011), quá trình hình thành và phát triển tư tưởng Hồ Chí Minh được chia mấy thời kỳ? a)3 b)4 c)5 d)6",,,,,,
Chương 1,66,"Thời kỳ Hồ Chí Minh vượt qua thử thách, kiên trì giữ vững lập trường cách mạng diễn ra trong khoảng thời gian nào? a)Trước năm 1911 b)1911-1920 c)1921-1030 d)1930-1945",,,,,,
Chương 2,66,"Thời kỳ Hồ Chí Minh tìm thấy con đường cứu nước, giải phóng dân tộc diễn ra trong khoảng thời gian nào? a)1911-1920 b)1921-1930 c)1930- 1945 d)1945-1969",,,,,,
Chương 2,66,Chọn phương án trả lời đúng nhất với tư tưởng Hồ Chí Minh a)Cách mạng giải phóng dân tộc ở thuộc địa có khả năng giành thắng lợi trước cách mạng vô sản ở chính quốc b)Cách mạng giải phóng dân tộc giành thắng lợi đồng thời với thắng lợi của cách mạng vô sản ở chính quốc c)Thắng lợi của cách mạng vô sản ở thuộc địa phải phụ thuộc vào thắng lợi của cách mạng vô sản ở chính quốc d)Cách mạng giải phóng dân tộc ở thuộc địa cần trông chờ vào sự giúp đỡ của cách mạng vô sản ở chính quốc,,,,,,
Chương 2,66,Hãy chọn cụm từ đúng điền vào chỗ trống trong câu nói sau của Hồ Chí Minh “ Giờ quyết định cho vận mệnh dân tộc ta đã đến. Toàn quốc đồng bào hãy đứng dậy...giải phóng cho ta” a)Đoàn kết toàn dân mà tự b)Đem sức ta mà tự c)Dựa vào sự giúp đỡ của quốc tế mà d)Dựa vào sự lãnh đạo của Đảng mà,,,,,,
Chương 2,67,"Thực chất vấn đề dân tộc thuộc địa trong tư tưởng Hồ Chí Minh là gì? a)Đấu tranh giai cấp, chống chủ nghĩa tư bản và xóa bỏ chế độ phong kiến b)Đấu tranh giai cấp, giải phóng dân tộc c)Đấu tranh chống chủ nghĩa thực dân, giải phóng dân tộc d)Đấu tranh chống chủ nghĩa tư bản, xây dựng chủ nghĩa xã hội",,,,,,
Chương 2,67,"Chọn phương án sai, theo tư tưởng Hồ Chí Minh: Cách mạng giải phóng dân tộc theo thời đại mới phải do Đảng Cộng sản lãnh đạo để: a)Thực hiện mục tiêu xây dựng thành công chủ nghĩa xã hội b)Giác ngộ dân chúng c)Tổ chức, tập hợp dân chúng d)Đoàn kết với giai cấp vô sản và các dân tộc bị áp bức trên thế giới",,,,,,
Chương 2,67,Chủ tịch Hồ Chí Minh chỉ ra một động lực lớn của đất nước và con người sẽ không thể làm gì được cho người Việt Nam nếu không dựa trên động lực vĩ đại và duy nhất này. Động lực đó là? a)Chủ nghĩa dân tộc b)Chủ nghĩa dân túy c)Chủ nghĩa dân quyền d)Chủ nghĩa dân sinh,,,,,,
Chương 2,67,"Chọn phương án đúng theo tư tưởng Hồ Chí Minh: Lực lượng của cách mạng giải phóng dân tộc: a)Là quân đội nhân dân Việt Nam b)Liên minh giai cấp công nhân, giai cấp nông dân và tầng lớp tri thức c)Những người Việt Nam yêu nước và những người yêu chuộng hòa bình thế giới d)Toàn dân tộc với nòng cốt là liên minh công- nông",,,,,,
Chương 2,67,"Trong tư tưởng Hồ Chí Minh, nhiệm vụ hàng đầu, trên hết, trước hết của cách mạng Việt Nam là: a)Giải phóng dân tộc b)Giải phóng xã hội c)Giải phóng giai cấp d)Giải phóng con người",,,,,,
Chương 2,67,"Theo tư tưởng Hồ Chí Minh, hình thức của bạo lực cách mạng trong giai cấp cách mạng giải phóng dân tộc Việt Nam là: a)Đấu tranh vũ trang b)Đấu tranh chính trị c)Đấu tranh vũ trang tách biệt với đấu tranh chính trị d)Đấu tranh vũ trang kết hợp với đấu tranh chính trị",,,,,,
Chương 2,67,"Chọn cách diễn đạt đúng nhất quan điểm của Đảng Cộng sản Việt Nam về việc kiên trì con đường Hồ Chí Minh đã chọn: a)Giải phóng dân tộc, thống nhất đất nước b)Bảo vệ Tổ quốc, giữ vững nền độc lập dân tộc c)Độc lập dân tộc gắn liền với chủ nghĩa xã hội d)Xây dựng chủ nghĩa xã hội trên phạm vi toàn quốc.",,,,,,
Chương 2,68,"Khi bị chính quyền thực dân Anh bắt giam ở nhà tù Hồng Kông (1931), Nguyễn Ái Quốc đã mang bí danh gì? a)Nguyễn Ái Quốc b)Tống Văn Sơ c)Lý Thụy d)Hồ Quang",,,,,,
Chương 2,68,"Theo tư tưởng Hồ Chí Minh, mục tiêu của cách mạng giải phóng dân tộc là: a)Đánh đổ chế độ thực dân, phong kiến, xây dựng chế độ dân chủ nhân dân b)Đánh đổ chủ nghĩa thực dân, giải phóng giai cấp công nhân và những người lao động nghèo khổ c)Đánh đổ chủ nghĩa tư bản, giải phóng giai cấp công nhân d)Đánh đổ chủ nghĩa thực dân, giành độc lập dân tộc và thiết lập chính quyền của nhân dân",,,,,,
Chương 2,68,"Theo tư tưởng Hồ Chí Minh, đối tượng của cách mạng giải phóng dân tộc ở Việt Nam là: a)Địa chủ, phong kiến b)Chủ nghĩa tư bản c)Chủ nghĩa phát xít d)Chủ nghĩa thực dân và tay sai phản động",,,,,,
Chương 2,68,"Theo tư tưởng Hồ Chí Minh, cách mạng giải phóng dân tộc muốn thắng lợi phải đi theo con đường nào? a)Cách mạng của giai cấp công nhân b)Cách mạng tư sản c)Cách mạng vô sản d)Cách mạng xã hội chủ nghĩa",,,,,,
Chương 2,68,"Theo tư tưởng Hồ Chí Minh, cách mạng là sự nghiệp của? a)Chính phủ dân chủ b)Dân chúng bị áp bức c)Giai cấp tư sản d)Giới trí thức tiến bộ",,,,,,
Chương 2,68,"Theo tư tưởng Hồ Chí Minh, cách mạng giải phóng dân tộc trong thời đại mới phải do: a)Giai cấp tư sản lãnh đạo b)Vĩ nhân kiệt xuất lãnh đạo c)Tầng lớp trí thức lãnh đạo Đảng Cộng sản lãnh đạo . d)",,,,,,
Chương 2,68,"“Tất cả các dân tộc trên thế giới đều sinh ra bình đẳng, dân tộc nào cũng có quyền sống, quyền sung sướng và quyền tự do”. Câu trích này từ trong văn kiện nào sau đây? a)Tuyên ngôn Độc lập của Mỹ (1776). b)Tuyên ngôn Nhân quyền và Dân quyền của Cách mạng Pháp năm (1791). c)Tuyên ngôn Độc lập của Việt Nam (1945). d)Tuyên ngôn của Liên Hợp Quốc (1945).",,,,,,
Chương 2,69,"“Nước Việt Nam có quyền hưởng tự do và độc lập, và sự thật đã thành một nước tự do độc lập. Toàn thể dân tộc Việt Nam quyết đem tất cả tinh thần và lực lượng, tính mạng và của cải để giữ vững quyền tự do, độc lập ấy”. Câu trích này từ văn kiện nào sau đây của Hồ Chí Minh? a)Tuyên ngôn Độc lập của Việt Nam (1945). b)Lời kêu gọi toàn quốc kháng chiến chống Pháp (1946). c)Lời kêu gọi toàn quốc kháng chiến chống Mỹ (1966). d)Di chúc (1969).",,,,,,
Chương 3,69,"Chọn đáp án đúng nhất của Hồ Chí Minh: a)Cách mạng Pháp cũng như cách mạng Mỹ, nghĩa là cách mạng tư sản triệt để, tuy nhiên tiếng là cộng hòa và dân chủ, kỳ thực trong thì nó tước lục công nông, ngoài thì nó áp bức thuộc địa. b)Cách mạng Pháp cũng như cách mạng Mỹ, nghĩa là cách mạng tư sản, cách mạng không đến nơi, tiếng là cộng hòa và dân chủ, kỳ thực trong thì nó tước lục công nông, ngoài thì nó áp bức thuộc địa.",,,"Cách mạng Pháp cũng như cách mạng Mỹ, nghĩa là cách mạng vô sản, cách mạng đến nơi, là cộng hòa và dân chủ. d)Cả a, b và c đều sai.",,,
Chương 3,69,Chọn phương án sai: Đặc trưng bản chất tổng quát của chủ nghĩa xã hội ở Việt Nam là:,Chủ nghĩa xã hội là một xã hội có nền kinh tế phát triển cao gắn liền với sự phát triển của khoa học – kỹ thuật.,Chủ nghĩa xã hội là một chế độ chính trị do giai cấp công nhân làm chủ.,Chủ nghĩa xã hội là chế độ không còn người bóc lột người.,"Chủ nghĩa xã hội là một xã hội phát triển cao về văn hóa, đạo đức.",B,
Chương 3,69,"Theo tư tưởng Hồ Chí Minh, lực lượng xây dựng chủ nghĩa xã hội là:",Công nhân.,Nông dân.,Trí thức.,Nhân dân.,D,
Chương 3,69,"Theo tư tưởng Hồ Chí Minh, nền kinh tế xã hội chủ nghĩa là nền kinh tế:","Có công nghiệp, nông nghiệp hiện đại, có khoa học kỹ thuật tiên tiến.","Có công nghiệp hiện đại, nông nghiệp phát triển.","Có nông nghiệp hiện đại, công nghiệp và dịch vụ đa dạng.","Có khoa học, kỹ thuật tiên tiến và hội nhập với các nước xã hội chủ nghĩa.",A,
Chương 3,69,"Theo tư tưởng Hồ Chí Minh, muốn xây dựng chủ nghĩa xã hội trước hết cần có:","Con người có tinh thần sáng tạo, dám nghĩ, dám làm.",Con người xã hội chủ nghĩa.,"Con người có đức, có tài.","Con người vừa hồng, vừa chuyên.",B,
Chương 3,70,"Chọn phương án sai: Theo tư tưởng Hồ Chí Minh, hững trở lực kìm hãm sự phát triển của chủ nghĩa xã hội là:","Bệnh tham ô, lãng phí, quan liêu.",Chủ nghĩa cá nhân.,"Sự thiếu nhất quán trong đường lối, chính sách của Đảng.","Sự chia rẽ bè phái, mất đoàn kết.",C,
Chương 3,70,"Theo tư tưởng Hồ Chí Minh, đặc điểm lớn nhất của thời kỳ quá độ lên chủ chủ nghĩa xã hội ở Việt Nam là:","Nông nghiệp, công nghiệp lạc hậu, khoa học kỹ thuật kém phát triển.",Không trải qua các giai đoạn phát triển tư bản chủ nghĩa.,Xây dựng chủ nghĩa xã hội theo tuần tự từng bước.,"Từ trước nông nghiệp lạc hậu tiến thẳng lên chủ nghĩa xã hội, không qua giai đoạn phát triển tư bản chủ nghĩa.",D,
Chương 3,70,"Theo tư tưởng Hồ Chí Minh, nhiệm vụ lịch sử của thời kỳ quá độ lên chủ nghĩa xã hội ở Việt Nam là:",Xây dựng nền văn hóa của chủ nghĩa xã hội.,Xây dựng nền tảng vật chất và kỹ thuật của chủ nghĩa xã hội.,Xây dựng con người của chủ nghĩa xã hội.,Xây dựng hệ thống chính trị của chủ nghĩa xã hội.,B,
Chương 3,70,"Theo tư tưởng Hồ Chí Minh, biện pháp cơ bản, quyết định, lâu dài trong xây dựng chủ nghĩa xã hội ở nước ta là:","Phát huy sức mạnh của giai cấp công nhân, dưới sự lãnh đạo của Đảng cộng sản.","Phát huy sức mạnh của khối liên minh giai cấp công nhân – nông dân – trí thức, dưới sự lãnh đạo của Đảng Cộng sản.","Đem của dân, tài dân, sức dân làm lợi cho dân, dưới sự lãnh đạo của Đảng Cộng sản Việt Nam.","Kết hợp sức mạnh dân tộc với sức mạnh thời đại, phát huy nội lực đồng thời tranh thủ sự giúp đỡ của bạn bè quốc tế.",C,
Chương 3,70,"Theo tư tưởng Hồ Chí Minh, đặc trưng kinh tế nổi bật nhất của chủ nghĩa xã hội là:",Chế đô phân phối theo lao động.,"Nền kinh tế phát triển cao, gắn liền với sự phát triển của khoa học - kỹ thuật.",Cơ cấu công – nông nghiệp hợp lý.,Sở hữu xã hội về tư liệu sản xuất.,D,
Chương 3,70,"Theo tư tưởng Hồ Chí Minh, nguyên tắc phân phối chủ yếu trong chủ nghĩa xã hội là:",Phân phối bình quân cho tất cả mọi người.,"Làm theo năng lực, hưởng theo nhu cầu.","Làm theo năng lực, hưởng theo lao động.","Làm theo năng lực, hưởng theo hướng đóng góp.",C,
Chương 3,70,Ham muốn tột bậc của Hồ Chí Minh là:,Nước ta được hoàn toàn độc lập.,Dân ta được hoàn toàn tự do.,"Đồng bào ta ai cũng có cơm ăn, áo mặc, được học hành.",Tất cả các phương án trên.,D,
Chương 3,71,"Theo tư tưởng Hồ Chí Minh, mục tiêu cao nhất của chủ nghĩa xã hội là:",Khoa học kỹ thuật tiên tiến.,Kinh tế phát triển.,Giải phóng con người,Nâng cao đời sống nhân dân.,D,
Chương 3,71,"Theo tư tưởng Hồ Chí Minh, mục tiêu tổng quát của chủ nghĩa xã hội là:","Một nền kinh tế hiện đại, có sức tăng trưởng cao.",Phát triển mạnh mẽ khoa học – kỹ thuật.,Không ngừng cải thiện và nâng cao đời sống của nhân dân lao động.,Bảo đảm quyền làm chủ của nhân dân lao động.,C,
Chương 3,71,"Theo tư tưởng Hồ Chí Minh, động lực quyết định nhất của chủ nghĩa xã hội là:",Khoa học – kỹ thuật.,Con người.,Chính trị.,"Sự giúp đỡ, ủng hộ quốc tế.",B,
Chương 4,71,Chọn đáp án sai với quan điểm Hồ Chí Minh: Tính chất phức tạp và khó khăn của thời kỳ quá độ lên chủ nghĩa xã hội ở Việt Nam được Người lý giải trên các phương diện sau:,"Nước ta xây dựng chủ nghĩa xã hội với xuất phát điểm thấp, kinh tế nông nghiệp nghèo nàn, lạc hậu, khoa học kỹ thuật kém phát triển.","Đây là cuộc cách mạng làm đảo lộn mọi mặt của đời sống xã hội, cả lực lượng xã hội, cả lực lượng sản xuất và quan hệ sản xuất, co sở thượng tầng cà kiến trúc thượng tầng.","Trong sự nghiệp xây dựng chủ nghĩa xã hội, Đảng nhà nước và nhân dân ta chưa có kinh nghiệm.",Sự nghiệp xây dựng chủ nghĩa xã hội ở nước ta luôn bị các thế lực phản động trong và ngoài nước tìm cách chống phá.,A,
Chương 4,71,"Theo tư tưởng Hồ Chí Minh, sự ra đời của Đảng Cộng sản Việt Nam bắt nguồn từ sự kết hợp giữa các yếu tố nào?",Sự kết hợp giữa chủ nghĩa Mác - Lênin với các phong trào đấu tranh của dân tộc Việt Nam.,Sự kết hợp giữa chủ nghĩa Mác – Lênin với phong trào công nhân và phong trào yêu nước.,Sự kết hợp giữa chủ nghĩa Mác – Lênin và phong trào đấu tranh của công nhân thế giới.,Sự kết hợp giữa chủ nghĩa Mác – Lênin với phong trào công nhân Việt Nam.,B,
Chương 4,71,"Theo tư tưởng Hồ Chí Minh, Đảng Cộng sản Việt Nam là đảng của ai?",Của giai cấp công nhân.,Của nhân dân lao động.,Của toàn dân.,"Của giai cấp công nhân, của nhân dân lao động và của dân tộc Việt Nam.",D,
Chương 4,72,"Chọn phương án sai: Theo tư tưởng Hồ Chí Minh, những nguyên tắc tổ chức, sinh hoạt đảng là:",Tập trung dân chủ.,"Tập thể lãnh đạo, cá nhân phụ trách.",Tự phê bình và phê bình.,"Thẳng thắn, thật thà, có tinh thần trách nhiệm.",D,
Chương 4,72,"Căn cứ vào Giáo trình Tư tưởng Hồ Chí Minh, chọn phương án đúng nhất điền vào dấu “…” Trong câu trích sau đây: “Hồ Chí Minh nhận thức rất rõ vị trí, vai trò của…trong sự nghiệp cách mạng. Muôn việc thành công hay thất bại là do …tốt hay kém”:",Chính trị.,Tư tưởng.,Cán bộ.,Đạo đức.,C,
Chương 4,72,Hội nghị thành lập Đảng tháng 2 – 1930 đã quyết định lấy tên Đảng là gì?,Đảng Cộng sản Việt Nam,Đảng Cộng sản Đông Dương,Đảng lao động Việt Nam,An Nam Cộng sản Đảng.,A,
Chương 4,72,"Theo tư tưởng Hồ Chí Minh, Đảng lãnh đạo nhà nước bằng phương thức nào?","Lãnh đạo xây dựng luật pháp để quản lý, điều hành xã hội.","Thường xuyên coi trọng công tác giáo dục, đào tạo, bồi dưỡng đội ngũ cán bộ, viên chức hoạt động trong bộ máy nhà nước.","Thực hiện chế độ kiểm tra và phát huy vai trò tiên phong của đội ngũ đảng viên, cán bộ đảng.",Tất cả các phương án trên.,D,
Chương 4,72,"Luận điểm : “Cách mệnh trước hết phải có cái gì? Trước hết phải có đảng cách mệnh, để trong thì vận động và tổ chức dân chúng, ngoài thì liên lạc với dân tộc bị áp bức và vô sản giai cấp mọi nơi” được trích từ tác phẩm nào của Nguyễn Ái Quốc?",Bản án chế độ thực dân Pháp.,Đường kách mệnh.,Chánh cương vắn tắt của Đảng.,Thường thức chính trị.,B,
Chương 4,72,"Luận điểm: “Đảng muốn vững thì phải có chủ nghĩa làm nòng cốt, trong đảng ai cũng phải hiểu, ai cũng phải theo chủ nghĩa ấy. Đảng mà không có chủ nghĩa cũng như người không có trí khôn, tàu không có bàn chỉ nam” được trích từ tác phẩm nào của Nguyễn Ái Quốc?",Đường kách mệnh.,Tuyên ngôn độc lập.,Điều lệ vắn tắt của Đảng,Thường thức chính trị.,A,
Chương 4,73,"Theo tư tưởng Hồ Chí Minh, vai trò lãnh đạo của giai cấp công nhân trong cách mạng Việt Nam do yếu tố nào quy định?",Do số lượng của giai cấp công nhân.,Do đặc tính của giai cấp công nhân.,Do nguyện vọng của nhân dân.,Tất cả các phương án trên.,B,
Chương 4,73,Chọn từ thích hợp điền vào dấu “…” “Công việc thành công hay thất bại đều do cán bộ”:,Tốt hay xấu.,Tốt hay kém.,Giỏi hay dốt.,Mạnh hay yếu.,B,
Chương 4,73,Theo tư tưởng Hồ Chí Minh: Công tác gốc của Đảng là gì?,Công tác chính trị.,Công tác tư tưởng.,Công tác cán bộ.,Công tác lý luận.,C,
Chương 4,73,"Điền cụm từ thiếu vào dấu “…” trong câu sau đây: Theo Hồ Chí Minh, “Đảng phải giữ vững thì phải có chủ nghĩa…, trong đảng ai cũng phải hiểu, ai cũng phải theo chủ nghĩa ấy”:",Làm căn cứ.,Làm cốt,Làm kim chỉ nam.,Làm nền tảng tư tưởng.,B,
Chương 4,73,"Điền cụm từ thích hợp điền vào dấu “…” trong đoạn trích dưới đây: “Một dân tộc, một đảng và mỗi con người, ngày hôm qua là vĩ đại, có sức hấp dẫn lớn, không nhất định hôm nay và ngày mai vẫn được mọi người yêu mến và ca ngợi, nếu lòng dạ không trong sáng nữa, nếu sa vào…”:","Tham ô, tham nhũng.",Chủ nghĩa quân phiệt.,Chủ nghĩa cá nhân.,"Ham danh, hám lợi.",C,
Chương 4,73,"Theo tư tưởng Hồ Chí Minh, Đảng ta là người đầy tớ thật trung thành của nhân dân, nghĩa là…",Theo đuổi quần chúng.,Cung phụng quần chúng.,Làm theo mệnh lệnh quần chúng.,"Tận tâm, tận lực phụng sự nhân dân nhằm đem lại quyền lực và lợi ích cho nhân dân. đây?",D,
Chương 5,73,Cụm từ “Đảng cầm quyền” được Hồ Chí Minh ghi trong tác phẩm nào sau,Thường thức chính trị.,Di chúc,Đường kách mệnh,Chánh cương vắn tắt.,B,
Chương 5,74,"Chọn phương án đúng nhất trong các phương án sau: Theo tư tưởng Hồ Chí Minh, sức mạnh dân tộc Việt Nam là gì? a)Sức mạnh của giai cấp công nhân dưới sự lãnh đạo của Đảng. b)Sức mạnh của khối liên minh giai cấp công nhân - nông dân – trí thức dưới sự lãnh đạo của Đảng. c)Sức mạnh tổng hợp của các yếu tố nội sinh và ngoại sinh. d)Sức mạnh tổng hợp của các yếu tố vật chất và tinh thần.",,,,,,
Chương 5,74,"Chọn phương án sai: Theo tư tưởng Hồ Chí Minh, sức mạnh thời đại bao gồm yếu tố nào? a)Sức mạnh của liên minh công – nông. b)Sức mạnh của khoa học – kỷ thuật. c)Sức mạnh của giai cấp công nhân quốc tế. d)Sự đoàn kết của các dân tộc bị áp bức.",,,,,,
Chương 5,74,"Theo tư tưởng Hồ Chí Minh, động lực chủ yếu của sự phát triển nước ta là gì? a)Tài nguyên thiên nhiên phóng phú. b)Đại đoàn kết dân tộc. c)Sự ủng hộ của bạn bè quốc tế. d)Các nguồn vốn viện trợ đầu tư phát triển.",,,,,,
Chương 5,74,"Theo tư tưởng Hồ Chí Minh, nền tảng của khối đại đoàn kết dân tộc là: a)Công nhân, nông dân và lao động trí óc. b)Công nhân, nông dân và các tầng lớp nhân dân lao động khác. c)Công nhân, nông dân và những lực lượng tiến bộ. d)Toàn thể dân tộc Việt Nam.",,,,,,
Chương 5,74,"Theo tư tưởng Hồ Chí Minh, đại đoàn kết dân tộc có vai trò gì? a)Là vấn đề then chốt, quyết định thành bại của cách mạng. b)Là vấn đề cơ bản của mọi cuộc cách mạng. c)Là vấn đề có ý nghĩa chiến lược, quyết định thành công của cách mạng. d)Là vấn đề quan trọng, động lực chủ yếu để xây dựng và bảo vệ Tổ quốc.",,,,,,
Chương 5,74,"Cơ sở hình thành tư tưởng Hồ Chí Minh về đại đoàn kết dân tộc là: a)Từ truyền thống yêu nước, nhân ái, tinh thần cố kết cộng đồng dân tộc. b)Từ tổng kết những kinh nghiệm của phong trào cách mạng Việt Nam và phong trào cách mạng thế giới. c)Từ quan điểm của chủ nghĩa Mac – Lê Nin về cách mạng giải phóng dân tộc và vai trò của quần chúng nhân dân trong cách mạng. d)Tất cả các phương án trên.",,,,,,
Chương 5,74,Chọn phương án đúng trong các phương án sau: Theo tư tưởng Hồ Chí Minh: Đoàn kết là: a)“Điếm sáng”. b)“Điểm mẹ”. c)“Điểm lớn”. d)“Điểm gốc”.,,,,,,
Chương 5,75,"Chọn phương án đúng trong các phương án sau theo lời dạy của Chủ tịch Hồ Chí Minh: a)“Khó trăm lần không dân cũng chịu, dễ vạn lần dân liệu cũng xong”. b)“Dễ vạn lần không dân cũng chịu, khó trăm lần dân liệu cũng xong”. c)“Khó vạn lần không dân cũng chịu, dễ trăm lần dân liệu cũng xong”. d)“Dễ mười lần không dân cũng chịu, khó trăm lần dân liệu cũng xong”.",,,,,,
Chương 5,75,"Theo tư tưởng Hồ Chí Minh, đại đoàn kết dân tộc là: a)Mục tiêu, nhiệm vụ hàng đầu của cách mạng. b)Mục tiêu, nhiệm vụ hàng đầu của Đảng. c)Mục tiêu, nhiệm vụ hàng đầu của dân tộc. d)Cả b và c.",,,,,,
Chương 5,75,"Khái niệm “dân” và “nhân dân” trong tư tưởng Hồ Chí Minh được hiểu là: a)Giai cấp công nhân, nông dân và tầng lớp trí thức. b)Mọi con dân nước Việt, mọi con rồng cháu Tiên. c)54 dân tộc anh em. d)Người Việt Nam ở trong nước và kiều bào ở nước ngoài.",,,,,,
Chương 5,75,Tên gọi nào dưới đây không phải là tên gọi của Mặt trận dân tộc thống nhất qua các thời kỳ: a)Mặt trận Việt Minh. b)Mặt trận dân tộc giải phóng miền Nam Việt Nam. c)Mặt trận Việt – Miên – Lào. d)Mặt trận Tổ quốc Việt Nam.,,,,,,
Chương 5,75,"Theo tư tưởng Hồ Chí Minh, nguyên tắc hoạt động của Mặt trận dân tộc thống nhất là: a)Hiệp thương dân chủ, bảo đảm đoàn kết ngày càng rộng rãi và bền vững. b)Tập trung dân chủ, dưới sự lãnh đạo của Đảng Cộng sản. c)Tự do dân chủ, tôn trọng ý kiến cá nhân. d)Hợp tác thống nhất, bình đẳng giữa các giai cấp, tầng lớp.",,,,,,
Chương 5,75,"Theo tư tưởng Hồ Chí Minh, thực hiện đoàn kết quốc tế nhằm: a)Kết hợp sức mạnh của chủ nghĩa yêu nước với sức mạnh của tinh thần quốc tế vô sản trên toàn thế giới, tạo sức mạnh tổng hợp cho cách mạng. b)Kết hợp sức mạnh bên trong với sức mạnh bên ngoài, tạo sức mạnh tổng hợp cho cách mạng. c)Kết hợp sức mạnh dân tộc với sự giúp đỡ bạn bè quốc tế, tạo sức mạnh tổng hợp cho cách mạng. d)Kết hợp sức mạnh nội sinh với sức mạnh ngoại sinh, tạo sức mạnh tổng hợp cho cách mạng.",,,,,,
Chương 5,75,"Theo tư tưởng Hồ Chí Minh, những nguyên tắc đoàn kết quốc tế là: a)Đoàn kết trên cơ sở nhiệt thành giúp đỡ lẫn nhau, không làm phương hại đến lợi ích chung và lợi ích riêng của từng dân tộc. b)Đoàn kết trên cơ sở thống nhất mục tiêu và lợi ích, có lý, có tình. c)Đoàn kết trên cơ sở độc lập, tự chủ, tự lực, tự cường. d)Cả a, b, c.",,,,,,
Chương 6,76,"Theo quan điểm Hồ Chí Minh, vị trí của Đảng Cộng trong Mặt trận dân tộc thống nhất là: a)Đại biểu của giai cấp công nhân trong Mặt trận dân tộc thống nhất. b)Thành viên của Mặt trận dân tộc thống nhất. c)Lực lượng lãnh đạo Mặt trận dân tộc thống nhất. d)Vừa là thành viên, vừa là lực lượng lãnh đạo Mặt trận dân tộc thống nhất.",,,,,,
Chương 6,76,Hiến pháp đầu tiên của nước ta được thông qua năm nào? a)Năm 1945,,Năm 1946,Năm 1959,Năm 1992,B,
Chương 6,76,"Theo quan niệm của Hồ Chí Minh, dân chủ có nghĩa là:",Dân là chủ,Dân làm chủ,Dân là chủ và dân làm chủ,Nhà nước là chủ và dân làm chủ,C,
Chương 6,76,"Theo tư tưởng Hồ Chí Minh, Nhà nước của dân là:",Nhà nước do nhân dân tổ chức nên.,Mọi quyền lực trong Nhà nước và trong xã hội đều thuộc về nhân dân.,"Nhà nước phục vụ nhân dân, đem lại lợi ích cho nhân dân.",Mọi công việc của Nhà nước đều do dân quyết định.,B,
Chương 6,76,"Lựa chọn phương án sai: theo tư tưởng Hồ Chí Minh, Nhà nước Việt Nam mang bản chất giai cấp công nhân vì:","Nhà nước ta bảo vệ quyền và lợi ích cơ bản của giai cấp công dân, do giai cấp công nhân lãnh đạo.",Nhà nước ta do Đảng cộng sản Việt Nam lãnh đạo.,Nhà nước ta thể hiện tính định hướng xã hội chủ nghĩa của sự phát triển đất nước.,Nguyên tắc tổ chức và hoạt động cơ bản của Nhà nước ta là nguyên tắc tập trung dân chủ.,A,
Chương 6,76,"Hãy chọn cụm từ đúng điền vào dấu “…” trong câu sau của Chủ tịch Hồ Chí Minh: “cách mệnh rồi thì quyền giao cho…, chớ để trong tay một bọn ít người”.","Giai cấp công nhân, nông dân và tầng lớp trí thức.",Giai cấp công nhân và nhân dân lao động.,Dân chúng số nhiều.,Đảng cộng sản.,C,
Chương 6,76,Chọn một phương án đúng điền vào chỗ trống: “Chống… và bệnh quan liêu cũng quan trọng và cần kíp như việc đánh giặc trên mặt trận”.,"Hách dịch, cửa quyền.",Phá hoại của công,Vi phạm pháp luật,"Tham ô, lãng phí",D,
Chương 6,77,Một trong những nét đặc sắc nhất của tư tưởng Hồ Chí Minh về xây dựng nhà nước pháp quyền dân chủ nhân dân là:,Bảo đảm tính nghiêm minh và hiệu lực của pháp luật.,Coi trọng yếu tố “pháp trị” trong quản lý xã hội.,Đề cao “đức trị” trong quản lý xã hội.,Kết hợp nhuần nhuyễn cả “pháp trị” và “đức trị” trong quản lý xã hội.,D,
Chương 6,77,"Theo tư tưởng Hồ Chí Minh, nhà nước do dân là:",Nhà nước do dân lập nên và tham gia quản lý.,Đại biểu nhà nước do dân lựa chọn và bãi miễn.,"Dân ủng hộ, giúp đỡ, đóng thuế để nhà nước chi tiêu hoạt động.",Tất cả các phương án trên.,D,
Chương 6,77,"Theo tư tưởng Hồ Chí Minh, nhà nước vì dân được hiểu là:",Nhân dân xây dựng và tham gia quản lý nhà nước.,Tất cả quyền bính đều thuộc về nhân dân.,Tất cả đều vì lợi ích của nhân dân.,Dân là chủ và dân làm chủ,C,
Chương 6,77,"Lựa chọn phương án đúng theo tư tưởng Hồ Chí Minh, để xây dựng nhà nước trong sạch, vững mạnh, hoạt động có hiệu quả thì phải:",Đề phòng và khắc phục những tiêu cực trong hoạt động của nhà nước.,Đề phòng sự chống phá của các thế lực trong và ngoài nước.,Tăng cường tính nghiêm minh của pháp luật đi đôi với đẩy mạnh giáo dục đạo đức cách mạng.,"Cả a,b và c",D,
Chương 6,77,"Hồ Chí Minh ví cán bộ, công chức nhà nước là:","“Ông chủ”, “quan trên” của dân.","“Công bộc”, “đầy tớ” của dân.","“Nô lệ”, “người hầu” của dân.",“Người làm công” cho dân.,B,
Chương 6,77,Lựa chọn phương án đúng theo quan điểm của Hồ Chí Minh:,Bản chất của nhà nước ta thống nhất giữa bản chất của giai cấp công nhân với bản chất của giai cấp nông dân và đội ngũ trí thức.,Bản chất của nhà nước ta thể hiện tính nhân dân và tính dân tộc sâu sắc.,Bản chất của nhà nước ta thống nhất giữa tính giai cấp và tính đảng.,Bản chất của nhà nước ta thống nhất giữa bản chất của giai cấp công nhân với tính nhân dân và tính dân tộc.,D,
Chương 6,77,"Hãy lựa chọn cụm từ đúng điền vào chỗ trống trong câu ca sau của Hồ Chí Minh: “Bảy xin hiến pháp ban hành, Trăm điều phải có…”",Anh minh pháp quyền.,Công minh pháp quyền.,Thần linh pháp quyền.,Nghiêm minh pháp quyền,C,
Chương 7,78,"Trong các câu nói sau đây, câu nào không phải của Hồ Chí Minh:",“Công việc thành công hay thất bại đều do cán bộ tốt hay kém”.,"“Tham ô, lãng phí và bệnh quan liêu, dù cố ý hay không, cũng là bạn đồng minh của thực dân và phong kiến”","“Trời không có mắt có tai, dân nhìn tức là trời nhìn, dân nghe tức là trời cho”.","“Việc gì lợi cho dân, ta phải hết sức làm. Việc gì hại đến dân, ta phải hết sức tránh”.",C,
Chương 7,78,"Lựa chọn phương án đúng: Tính chất của nền văn hóa mới (văn hóa xã hội chủ nghĩa) theo quan điểm của Hồ Chí Minh bao gồm ba tính chất: a)Tính truyền thống, tính hiện đại, tính kế thừa. b)Tính giai cấp, tính dân tộc, tính xã hội hóa. c)Tính dân tộc, tính khoa học, tính đại chúng. d)Tính khoa học, tính kế thừa, tính sáng tạo",,,,,,
Chương 7,78,Lựa chọn phương án đúngtheo quan điểm của Hồ Chí Minh về vai trò và sức mạnh của đạo đức. a)Đạo đức là gốc của người cách mạng. b)Đạo đức là chỗ dựa của người cách mạng. c)Đạo đức là vũ khí của người cách mạng. d)Đạo đức là nền tảng của người cách mạng.,,,,,,
Chương 7,78,"Lựa chọn cụm từ đúng điền vào dấu “…” trong câu sau của Hồ Chí Minh: “Cũng như sông thì có nguồn mới có nước, không có nguồn thì sông cạn. Cây phải có gốc, không có gốc thì cây héo. Người cách mạng phải có…, không có … thì dù tài giỏi mấy cũng không lãnh đạo được nhân dân.” a)Trí b)Đạo đức c)Nhân d)Tâm",,,,,,
Chương 7,78,"Chuẩn mực đạo đức “trung” và “hiếu” trong quan niệm của Hồ Chí Minh được hiểu là: a)Trung với vua, hiếu với cha mẹ. b)Trung với dân, hiếu với Đảng. c)Trung với Đảng, hiếu với cha mẹ. d)Trung với nước, hiếu với dân.",,,,,,
Chương 7,78,"Lựa chọn cụm từ đúng điền vào dấu “…” trong câu thơ sau của Hồ Chí Minh: “Trời có bốn mùa: Xuân, Hạ, Thu, Đông Đất có bốn phương: Đông, Tây, Nam, Bắc Người có bốn đức: ……” a)Nhân, Nghĩa, Trí Dũng. b)Trung, Hiếu, Lễ, Tín. c)Cần, Kiệm, Liêm, Chính. d)Nhân, Tâm, Chính, Thiện.",,,,,,
Chương 7,79,"Chữ “Cần” trong quan niệm của Hồ Chí Minh được hiểu là: a)Cần cù. b)Chuyên cần. c)Chăm chỉ, chịu khó. d)Siêng năng, chăm chỉ, cố gắng dẻo dai.",,,,,,
Chương 7,79,Chữ “Kiệm” trong quan niệm của Hồ Chí Minh được hiểu là:,Tiết kiệm.,Không xa xỉ.,"Không hoang phí, không bừa bãi.",Tất cả các phương án trên.,D,
Chương 7,79,"Theo tư tưởng Hồ Chí Minh, tiết kiệm bao gồm: a)Tiết kiệm tiền bạc, tiết kiệm của cải, tiết kiệm thời gian. b)Tiết kiệm tiền bạc, tiết kiệm nguyên vật liệu, tiết kiệm sức lao động. c)Tiết kiệm của cải, tiết kiệm thời gian, tiết kiệm sức lao động. d)Tiết kiệm của cải, Tiết kiệm của cải, tiết kiệm thời gian.",,,,,,
Chương 7,79,"Chữ “Liêm” trong quan niệm của Hồ Chí Minh được hiểu là: a)Liêm khiết. b)Thanh liêm c)Trong sạch, không tham lam, d)Ngay thẳng, thật thà.",,,,,,
Chương 7,79,"Chữ “Chính” trong quan niệm của Hồ Chí Minh được hiểu là: a)Chính trực. b)Chân chính. c)Chính nghĩa. d)Thẳng thắn, đúng đắn.",,,,,,
Chương 7,79,"Chọn phương án sai: Theo tư tưởng Hồ Chí Minh về nguyên tác xây dựng đạo đức mới là: a)Phải thường xuyên tuyên truyền, giáo dục. b)Nói phải đi đôi với làm, phải nêu gương. c)Xây đi đôi với chống. d)Phải tu dưỡng đạo đức suốt đới.",,,,,,
Chương 7,79,"Khái niệm “con người” trong tư tưởng Hồ Chí được hiểuà: a)Một cá nhân. b)Con người chung chung, một cộng đồng người. c)Con người cụ thể gắn với hoàn cảnh lịch sử cụ thể. d)Nhân dân, nhân loại.",,,,,,
Chương 7,79,Vai trò của con người trong quan điểm của Hồ Chí Minh:,Là mục tiêu và động lực của cách mạng.,"Là vốn quý nhất, nhân tố quyết định thanh công của cách mạng.","Là công cụ của cách mạng, quyết định sự thành bại của cách mạng.","Cả a, b, c.",D,
Chương 7,79,"Lựa chọn cụm từ đúng điền vào dấu “…” trong câu nói sau của Hồ Chí Minh: “ Muốn xây dựng chủ nghĩa xã hội, trước hết phải có…xã hội chủ nghĩa. a)Tư tưởng b)Con người. c)Văn hóa. d)Đạo đức.",,,,,,
Chương 7,80,"Trong các câu nói sau đây, câu nào không phải của Hồ Chí Minh. a)“Hiền, dữ phải đâu tính sẳn. Phần nhiều do giáo dục mà nên”. b)“ Hiền tài là nguyên khí của quốc gia, nguyên khí thịnh thì thế nước mạnh mà hưng thịnh, nguyên khí suy thì thế nước yếu mà thấp hèn” c)“Học để làm việc, làm người làm cán bộ. Học để phục sự Đoàn thể, phụng sự giai cấp và nhân dân, phụng sự Tổ quốc và nhân loại” d)“Non sông Việt Nam có trở nên tươi đẹp được hay không, dân tộc Việt Nam có bước tới đài vinh quang sánh vai với các cường quốc năm châu được hay không, chính là nhờ một phần lớn ở công học tập của các em”.",,,,,,
Chương 7,80,"Tư tưởng Hồ Chí Minh về đạo đức cách mạng bao gồm những vấn đề nào ? a.Phải thương yêu con người ; có tinh thần trong sáng b.Trung với nước , hiếu với dân",,,"Cần , Kiệm, Liêm , Chính, Trí công vô tư.","Cả a,b,c đều đúng",D,
Chương 7,80,"Theo tư tưởng Hồ Chí minh, văn hóa có quan hệ như thế nào với chính trị ?",Văn hóa phải phục vụ nhiệm vụ chính trị,Văn hóa tồn tại độc lập chính trị,Văn hóa mở đường cho chính trị phát triển,Văn hóa nằm trong chính trị,D,
Chương 7,80,Chủ thể của các nền văn hóa là gì ? a.Thượng đế b.Tôn giáo c.Con người,,,,Vĩ nhân,,
Chương 7,80,Bản “ Đề cường Văn hóa Việt Nam “ do trường chinh trực tiếp dự thảo đã xác định những nguyên tắc của nền văn hóa mới là gì ?,"Dân tộc hóa , đại chúng hóa , khoa học hóa","Đại chúng hóa , khoa học hóa , hiện đại hóa","Dân tộc hóa , đại chúng hóa , hiện đại hóa","Dân tộc hóa , khoa học hóa , hiện đại hóa",A,
Chương 7,80,chọn cụm từ đúng điền vào chỗ trống [……] Chủ tịch Hồ Chí Minh nói : “ Một dân tộc dốt là một dân tộc […..] “ a.Chậm phát triển,,Yếu,Lạc hậu,Không phát triển,B,
Chương 7,80,"Theo tư tưởng Hồ Chí minh, chữ Người nghĩa là ?","Gia đình , anh em , họ hàng , bầu bạn",Loài người,Đồng bảo cả nước,"Cả a,b,c đều đúng",D,
Chương 7,80,"Năm 1943, Hồ Chí Minh đã vạch chương trình xây dựng văn hóa nước Việt Nam. Chương trình đó gồm mấy điểm ? b.4 c.5 a.3 d.6 d.6 b.4c.5 b.4c.5d.6 b.4c.5d.6 23 Theo Hồ Chí minh, Văn hóa có mấy chức năng ?",3,,,,A,
Chương 7,81,"Theo Hồ Chí minh, có mấy nguyên tắc xây dựng đạo đức mới ?",3,,,,,
Chương 7,81,". Theo Hồ Chí minh, có mấy chuẩn mực đạo đức cơ bản ?",3,,,,,
Chương 7,81,". Theo Hồ Chí minh,văn hóa có mấy lĩnh vực chính ?",2,,,,,
Chương 7,81,"Theo Hồ Chí minh, các lĩnh vực chính của văn hóa là :",Văn hóa giáo dục,Văn hóa văn nghệ,Văn hóa đời sống,Tất cả các lĩnh vực đều đúng,D,
Chương 7,81,"Theo Hồ Chí minh, muốn xây dựng đạo đức mới , một trong những nguyên tắc là b.3c.4d.5 phải:",Nói đi đôi với làm,"Nói trước , làm sau","Nói một đường, làm một nẻo",Nhân dân làm theo sự chỉ đạo của Đảng,A,
Chương 7,81,"Theo Hồ Chí minh, muốn xây dựng đạo đức mới , phải :","Nói đi đôi với làm , xây đi đôi với chống ; tu dưỡng đạo đức suốt đời","Nói đi đôi với làm , xây đi đôi với chống ; rèn luyện phẩm chất đạo đức","Nói đi đôi với làm , chống chủ nghĩa cá nhân ; tu dưỡng đạo đức cá nhân","Nói trước , làm sau ; xây đi đôi với chống ; tu dưỡng đạo đức suốt đời",A,
Chương 7,81,"Theo Hồ Chí minh, mục tiêu của giáo dục là ;","Xóa nạn mù chữ , làm cho người dân biết đọc , biết viết","Đào tạo những con người tốt , những cán bộ tốt",Hình thành đội ngũ trí thức cách mạng,Đào tạo nhân tài cho đất nước,B,
Chương 7,81,Chọn luận điểm đúng với tư tưởng Hồ Chí Minh,Muốn tiến lên CNXH thì phải phát triển văn hóa và kinh tế,Muốn tiến lên CNXH thì phải phát triển kinh tế và văn hóa,Muốn tiến lên CNXH thì phải phát triển kinh tế,Muốn tiến lên CNXH thì phải phát triển văn hóa,B,
Chương 7,81,Tác phẩm “ Đời sống mới “ do chủ tịch Hồ Chí Minh viết vào tháng 3 năm 1947 bao gồm mấy điều? c.14 điều b.10 điều,5 điều,3-1947,5-1954 d.19 điều,10-1965,B,
Chương 7,81,Tác phẩm “ Đời sống mới “ do chủ tịch Hồ Chí Minh viết vào thời gian nào ?,8-1945,,,,,
Chương 7,81,"Theo Hồ Chí minh, đời sống mới bao gồm những mặt nào ?","Đạo đức mới , lối sống mới , nếp sống mới","Đạo đức mới , lối sống mới và cách sống mới",Đạo đức mới và lối sống mới,"Nếp sống mới , lối sống mới và tư tưởng mới",A,
Chương 7,81,"Theo Hồ Chí minh, nội dung của nền văn hóa mới là gì ?",Giáo dục toàn diện cả đức và tài,Giáo dục tư tưởng chính trị,"Giáo dục toàn diện cả đức , trí , thể , mỹ",Giáo dục thái độ lao động,C,
Chương 7,81,Bản chất con người theo Hồ Chí Minh là gì ?,Sản phẩm tiến hóa tự nhiên,Sự thông nhất cả hai mảnh tự nhiên và xã hội,Mang bản chất giai cấp công nhân,Tổng hợp các quan hệ xã hội từ rộng đến hẹp,D,
Chương 7,82,"Đặc điểm “ Nền văn hóa tiên tiến, đậm đà bản sắc dân tộc “ được nêu đầu tiên tại Đại hội nào của Đảng ?",Đại hội V (1982 ),Đại hội VI ( 1986),Đại hội VII (1991),"Đại hội X ( 2006)""",C,
Chương 7,82,"Tại Đại hội nào của Đảng cộng sản Việt Nam coi: “ Giáo dục và đạo tạo ,khoa học và công nghệ là quốc sách hàng đầu “ ?",Đại hội lần thứ V,Đại hội lân thứ VII,Đại hội lân thứ VI,Đại hội lân thứ VIII,C,
Chương 1,82,Theo tư tưởng Hồ Chí Minh chức năng cơ bản của văn hóa là :,Bồi dưỡng tư tưởng đúng đắn và tĩnh cảm cao đẹp của con người,"Bồi dưỡng những phẩm chất , phong cách và lối sống tốt đẹp , lành mạnh , hướng con người đến chân, thiện, mỹ để hoàn thiện bản thân.","Mở rộng hiểu biết , nâng cao dân trí",Tất cả các phương án đều đúng MÔN TƯ TƯỞNG HỒ CHÍ MINH,D,
Chương 1,82,Tư tưởng Hồ Chí Minh là gì? Hệ thống các quan điểm toàn diện và sâu sắc về những vấn đề cơ bản của cách mạng Việt Nam…,,,,,,
Chương 1,82,Vận dụng tư tưởng HCM cần nắm rõ nguyên tắc cơ bản nào? Nguyên tắc lịch sử cụ thể,,,,,,
Chương 1,82,"Ý nghĩa việc học tập tư tưởng HCM Góp phần nâng cao năng lực tư duy lý luận Giáo dục và định hướng thực hành đạo đức cách mạng, củng cố niềm tin khoa học gắn liền với trau dồi tình cảm cách mạng, bồi dưỡng lòng yêu nước. Xây dựng rrenf luyện phương pháp và phong cách công tác",,,,,,
Chương 1,82,Thống nhất giữa tính giữa tính Đảng và tính khoa học là cơ sở gì trong học tập tư tưởng HCM Phương pháp luận của việc nghiên cứu tư tưởng HCM,,,,,,
Chương 1,82,Thống nhất giữa lý luận và thực tiễn là cơ sở gì trong học tập TTHCM? Phương pháp luận của việc nghiên cứu tư tưởng HCM,,,,,,
Chương 1,83,Những nguyên tắc phương pháp luận khi nghiên cứu TTHCM? Kết hợp nghiên cứu các tác phẩm với thực tiễn chỉ đạo cách mạng của HCM,,,,,,
Chương 2,83,Ý nghĩa học tập môn TTHCM Nâng cao năng lực tư duy lý luận Giáo dục và định hướng thực hành đạo đức Xây dựng và rèn luyện phương pháp và phong cách công tác,,,,,,
Chương 2,83,Nguồn gốc lý luận quyết định bản chất tư tưởng HCM? Chủ nghĩa Mác Lênin,,,,,,
Chương 2,83,Tư tưởng HCM được hình thành trong bối cảnh lịch sử Chủ nghĩa tư bản giai đoạn tự do cạnh tranh sang giai đoạn độc quyền,,,,,,
Chương 2,83,Tư tưởng HCM được hình thành và phát triển qua 5 giai đoạn đó là: Nêu các giai đoạn,,,,,,
Chương 2,83,"Tháng 7 năm 1920, HCM đọc tác phẩm nào của Lê nin? Sơ thảo lần thứ nhất những Luận cương về các vấn đề dân tộc và vấn đề thuộc địa",,,,,,
Chương 2,83,HCM tiếp thu những giá trị truyền thống tốt đẹp của dân tộc VN là: Chủ nghĩa yêu nước VN,,,,,,
Chương 2,83,Giá trị của văn hoá phương Tây đc HCM tiếp thu góp phần hình thành tư tưởng của Người Tư tưởng dân chủ và cách mạng trong cách mạng Pháp và cách mạng Mỹ,,,,,,
Chương 2,83,"Những tiền đề tư tưởng, lí luận dẫn đến sự hình thành tư tưởng HCM Văn hoá truyền thống của dân tộc VN Văn hoá nhân loại (phương Đông, phương Tây) Chủ nghĩa Mác Lênin",,,,,,
Chương 2,84,Nguyên nhân trực tiếp dẫn đến các phong trào yêu nước theo khuynh hướng dân chủ tư sản ở vn dầu thế kì XX thất bại? Giai cấp tư sản VN không có đường lối đúng đắn,,,,,,
Chương 2,84,Chỉ sĩ yêu nước Phan Bội Châu khởi xướng phong trào Đông Du,,,,,,
Chương 2,84,"Dứoi ách thống trị áp bức của thực dân Pháp, xã hội VN đã xuất hiện các giai cấp mới nào? Công nhân, tiểu tư sản, tiểu tư sản dân tộc",,,,,,
Chương 2,84,HCM nói: “Nước VN có quyền hưởng tự do..” đoạn trích trong tác phẩm nào? Tuyên ngôn độc lập,,,,,,
Chương 2,84,ưu điểm lớn nhất của thuyết Khổng tử Sự tu dưỡng đạo đức cá nhân,,,,,,
Chương 2,84,"ưu điểm lớn nhất trong chủ nghĩa Tam dân của Tôn Trung Sơn chủ nghĩa tam dân (dân tộc độc lập, dân quyền tự do, dân sinh hạnh phúc)",,,,,,
Chương 2,84,HCM tiếp thu những gì của văn hoá phương Tây Tuyên ngôn độc lập của Mỹ (1776) Tuyên ngôn nhân quyền và dân quyền của Pháp,,,,,,
Chương 2,84,Hcm tiếp thu những gì của chủ nghĩa Mác lênin Thế giới quan Phương pháp luận,,,,,,
Chương 2,84,Nhân tố chủ quan hình thành tư tưởng HCM Phẩm chất HCM Tài năng tổng kết thực tiễn và phát triển lý luận,,,,,,
Chương 2,84,Thời kỳ 5/6/1911 trở về trước là Hình thành tư tưởng yêu nước và chỉ hướng cách mạng,,,,,,
Chương 2,84,Thời kỳ 6/6/1911 đến 30/12/1920 Hình thành tư tưởng cứu nước và giải phóng dân tộc theo cách mạng vô sản,,,,,,
Chương 2,84,Thời kỳ 31/12/1920 đến 3/2/1930 là Hình thành những nội dung cơ bản về tư tưởng cách mạng VN,,,,,,
Chương 2,85,"Thời kì 4/2/1930 đến 28/1/1941 Vượt qua thử thách, kiên trì giữ vững lập trường cách mạng",,,,,,
Chương 2,85,"Thời kỳ 29/1/1941 đến 2/9/1969 TTHCM tiếp tục phát triển, soi đường cho sự nghiệp cách mạng của Đảng và nhân dân",,,,,,
Chương 2,85,Giá trị tư tưởng HCM đối với cách mạng vn? Đưa cách mạng giải phóng dân tộc đến thắng lợi và xây dựng xã hội mới Nền tảng tư tưởng và kim chỉ nam cho cách mạng VN,,,,,,
Chương 3,86,"Giá trị tư tưởng HCM đối với sự phát triển, tiến bộ xã hội Mở cho các dân tộc thuộc địa con đường giải phóng dân tộc gắn với tiến bộ xã hội Góp phần vào cuộc đấu tranh vì độc lập vì độc lập dân tộc, dân chủ, hoà bình, hợp tá và phát triển thế giới",,,,,,
Chương 3,86,Bản yêu sách của nhân dân An Nam được Nguyễn Ái Quốc gửi đến hội nghị Versailies năm 1919 đề cập đến nội dung gì Đòi quyền bình đẳng về mặt pháp lý và đòi quyền tự do dân chủ cho nhân dân An Nam,,,,,,
Chương 3,86,"Theo HCM, độc lập dân tộc gắn với yếu tố nào Gắn liền với tự do, hạnh phúc của nhân dân độc lập dân tộc",,,,,,
Chương 3,86,HCM tiếp cận độc lập dân tộc từ góc độ nào? Quyền con người,,,,,,
Chương 3,86,"Nội dung độc lập dân tộc, theo quan điểm HCM? Độc lập dân tộc là khát vọng lớn nhất của dân tộc thuộc địa là quyền thiêng liêng bất khả xâm phạm cảu các dân tộc Độc lập dân tộc phải là 1 nền độc lập thực sự, hoàn toàn gắn với hoà bình, thống nhất và toàn vẹn lãnh thổ của đất nước Độc lập dân tộc phải đem lại cơm no áo ấm hạnh phúc cho mọi người dân Độc lập tự do là mục tiêu chiến đấu là nguồn sức mạnh làm nên chiến thắng của cấc dân tộc",,,,,,
Chương 3,86,"Những điểm sáng tạo cảu HCM khi nghiên cứu chủ nghĩa Mác Lênin thể hiện ở quan điểm nào? Giải phóng dân tộc gắn với giải phóng giai cấp, trong đó giải phóng dân tộc là trước hết, trên hết; độc lập dân tộc gắn liền với chủ nghĩa xã hội",,,,,,
Chương 3,86,"Theo HCM, đảng cộng sản là Vừa là đội tiên phong của giai cấp công nhân vừa là đội tiên phong của nhân dân lao động kiên quyết nhất, hăng hái nhất, trong sạch nhất, tận tâm tận lực phụng sự Tổ quốc",,,,,,
Chương 3,86,"Cách mạng giải phóng dân tộc theo tư tưởng hcm, muốn thắng lợi phải: Đi theo cách mạng vô sản",,,,,,
Chương 3,86,Lực lượng cách mạng giải phóng dân tộc Toàn thể dân tộc,,,,,,
Chương 3,86,Theo HCM cách mạng GPDT muốn thắng lợi phải Do đảng cộng sản lãnh đạo,,,,,,
Chương 3,87,Cách mạng giải phóng dân tộc chủ động sáng tạo có thể giành thắng lợi trước Cách mạng ở chính quốc,,,,,,
Chương 3,87,CMGP dân tộc thực hiện bằng phương pháp Bạo lực cách mạng,,,,,,
Chương 3,87,"Theo HCM vấn đề dân tộc được hiểu là Độc lập, tự do thiêng liêng, bất khả xâm phạm của tất cả dân tộc",,,,,,
Chương 3,88,Cách mạng giải phóng dân tộc của VN muốn thắng lợi phải do Đảng cộng sản lãnh đạo,,,,,,
Chương 3,88,Cách tiếp cận của HCM về CNXH Từ lập trường của 1 người yêu nước,,,,,,
Chương 3,88,"Theo HCM, chủ nghĩa xã hội là CNXH trước hết nhằm làm cho nhân dân lao động thoát nạn bần cùng, là làm cho mọi người có công ăn việc làm, được ấm no và sống một đời hạnh phúc, là làm sao cho dân giàu nước mạnh",,,,,,
Chương 3,88,Tư tưởng HCM về XHCN Câu 15,,,,,,
Chương 3,88,"Những đặc trưng của xã hội chủ nghĩa theo tư tưởng HCM Về chính trị: xã hội xã hội chủ nghĩa là xã hội có chế độ dân chủ Về kinh tế: xã hội xã hội chủ nghĩa là xã hội có chế độ dân chủ Về văn hoá, đạo đức và các quan hệ xã hội: XH XHCN có trình độ cao về văn hoá và đạo đức; bảo đảm sự công bằng, hợp lý trong các quan hệ xã hội Về chủ thể xây dựng CNXH: CNXH là công trình tập thể của nhân dân dưới sự lãnh đạo của Đảng cộng sản",,,,,,
Chương 3,88,"Theo TTHCM, mục tiêu chính trị trong xây dựng XHCN là gf? Phải xây dựng chế độ dân chủ",,,,,,
Chương 3,88,"Theo TTHCM, mục tiêu kinh tế trong xây dựng XHCN là gì? Phải xây dựng được nền kinh tế phát triển cao gắn bó mật thiết với mục tiêu về chính trị",,,,,,
Chương 3,88,"Theo TTHCM, mục tiêu văn hoá trong xây dựng xã hội chủ nghĩa là gì? Phải xây dựng được một nền văn hoá mang tính dân tộc, khoa học, đại chúng và tiếp thu tinh hoa văn hoá của nhân loại",,,,,,
Chương 3,88,"Theo TTHCM, mục tiêu về quan hệ xã hội trong xây dựng XHCN là gì? Phải đảm bảo dân chủ, công bằng, văn minh",,,,,,
Chương 3,88,Trong cách mạng xã hội chủ nghĩa Xây đi đôi với chống,,,,,,
Chương 3,88,"Thời kỳ quá độ là Cải biến sâu sắc nhất, nhưng phức tạp, lâu dài, khó khăn, gian khổ Cải biến sâu sắc nhất, nhưng lâu dài, khó khăn, gian khổ Cải biến sâu sắc nhất nhưng lâu dài",,,,,,
Chương 3,88,"Đặc điểm cơ bản nhất của thời kỳ quá độ ở VN theo HCM là: Từ một nước nông nghiệp lạc hậu thẳng tiến lên CNXH, không qua giai đoạn phát triển tư bản chủ nghĩa",,,,,,
Chương 3,89,"Nhiệm vụ của thời kỳ quá độ ở VN theo HCM Đấu tranh cải tạo, xoá bỏ tàn tích của chế độ xã hội cũ, xây dựng các yếu tố mới phù hợp với quy luật lên CNXH trên tất cả cacs lĩnh vực đời sống xã hội",,,,,,
Chương 4,89,"Nguyên tắc xây dựng CNXH trong thời kỳ quá độ gồm: Thứ nhất, mọi tư tưởng và hành dộng phải được xây dựng trên nền tảng chủ nghĩa Mác Lênin Thứ hai, phải giữ vững độc lập dân tộc Thứ ba, phải đoàn kết, học tập kinh nghiệm từ các nước anh em Thứ tư, xây đi đôi với chống CỦA NHÂN DÂN, DO NHÂN DÂN, VÌ NHÂN DÂN",,,,,,
Chương 4,90,Sự ra đời của Đảng cộng sản Việt Nam là kết hợp của: Chủ nghĩa Mác – Lênin; phong trào yêu nước; phong trào công nhân,,,,,,
Chương 4,90,"Bước phát triển sáng tạo của Hồ Chí Minh so với lý luận của Lênin về đảng kiểu mới của giai cấp vô sản: Xây dựng Đảng để cho Đảng xứng đáng là Đảng đạo đức, văn minh",,,,,,
Chương 4,90,"Theo Hồ Chí Minh, phải coi trọng công tác cán bộ: Cán bộ mang chính sách của Đảng và chính phủ đến với nhân dân và ngược lại đem tình hình của nhân dân báo cáo cho Đảng và cho chính phủ.",,,,,,
Chương 4,90,"Những vấn đề nguyên tắc trong hoạt động của Đảng: -Lấy CN Mác-Lênin làm kim chỉ nam và hành động của Đảng -Tập trung dân chủ -Tự phê bình -Kỷ luật nghiêm minh, tự giác -Đảng phải thường xuyên chỉnh đốn -Đoàn kết thống nhất -Liên hệ mật thiết với nhân dân -Đoàn kết quốc tế",,,,,,
Chương 4,90,"Hồ Chí Minh lưu ý, phải xây dựng đội ngũ cán bộ Đảng viên: Vừa có đức, vừa có tài, trong sạch, vững mạnh",,,,,,
Chương 4,90,"Nội dung trong tư tưởng Hồ Chí Minh về Nhà nước Việt Nam: -Nhà nước Việt Nam là nhà nước mang bản chất giai cấp công nhân -Nhà nước Việt Nam mang bản chất giai cấp -Nhà nước Việt Nam là nhà nước dân chủ nhân dân, dựa trên nền tảng liên minh công nông, do giai cấp công nhân lãnh đạo.",,,,,,
Chương 4,90,"Đảng Cộng sản Việt Nam cầm quyền: -Bằng đường lối quan điểm, chủ trương để nhà nước thể chế hóa thành pháp luật, chính sách, kế hoạch. -Bằng hoạt động của các tổ chức đảng và đảng viên của mình trong bộ máy, cơ quan nhà nước -Bằng công tác kiểm tra",,,,,,
Chương 4,91,Bản chất giai cấp của nhà nước Việt Nam: Tính định hướng xã hội chủ nghĩa trong sự phát triển,,,,,,
Chương 4,91,Bản chất giai cấp công nhân của nhà nước Việt Nam thể hiện ở nguyên tắc: Tập trung dân chủ,,,,,,
Chương 4,91,Nhà nước của nhân dân là: Tất cả quyền lực đều thuộc về nhân dân,,,,,,
Chương 4,91,Nhân dân thực thi quyền lực nhà nước thông qua hình thức: Dân chủ trực tiếp và dân chủ gián tiếp,,,,,,
Chương 4,91,Nhà nước do nhân dân là: -Là nhà nước do nhân dân lập nên sau thắng lợi của cách mạng dưới sự lãnh đạo của Đảng Cộng sản Việt Nam. -Dân làm chủ,,,,,,
Chương 4,91,"Trong tư tưởng Hồ Chí Minh, nhà nước quản lý xã hội chủ yếu bằng: Hiến pháp và pháp luật",,,,,,
Chương 4,91,"“Pháp quyền nhân nghĩa” là: Nhà nước phải tôn trọng, bảo đảm thực hiện đầy đủ các quyền con người, chăm lo đến lợi ích của mọi người",,,,,,
Chương 4,91,"Theo Hồ Chí Minh “giặc nội xâm”, “giặc ở trong lòng” là: Tham ô, lãng phí, quan liêu",,,,,,
Chương 4,91,Tư tưởng Hồ Chí Minh về Nhà nước: Quyền lực nhà nước là “thừa ủy quyền” của nhân dân,,,,,,
Chương 4,91,"Theo Hồ Chí Minh, “Pháp quyền nhân nghĩa” là: Nhà nước phải tôn trọng, bảo đảm thực hiện đầy đủ các quyền con người, chăm lo đến lợi ích của mọi người",,,,,,
Chương 4,91,"Vận dụng TT.HCM vào xây dựng Đảng trong sạch, vững mạnh: -Đề ra đường lối, chủ trương đúng đắn -Tổ chức thực hiện thật tốt đường lối, chủ trương của Đảng -Chú trọng công tác chỉnh đốn Đảng",,,,,,
Chương 4,92,"Vận dụng TT.HCM vào xây dựng Nhà nước: -Xây dựng nhà nước thật sự trong sạch, vững mạnh -Đổi mới, tăng cường sự lãnh đạo của Đảng và Nhà nước",,,,,,
Chương 5,92,Tư tưởng Hồ Chí Minh về Hiếp pháp và pháp luật được thể hiện lần đầu trong: Yêu sách của nhân dân An Nam QUỐC TẾ,,,,,,
Chương 5,92,Khối đại đoàn kết toàn dân tộc phải dựa trên lập trường giai cấp nào? Giai cấp công nhân,,,,,,
Chương 5,92,"Theo Hồ Chí Minh, khối đại đoàn kết toàn dân tộc chỉ có sức mạnh khi: Được tập hợp thành một khối",,,,,,
Chương 5,92,"Theo Hồ Chí Minh, đoàn kết quốc tế nhằm: Kết hợp sức mạnh dân tộc với sức mạnh thời đại, tạo sức mạnh tổng hợp cho cách mạng",,,,,,
Chương 5,92,"Lực lượng của đoàn kết quốc tế bao gồm: -Phong trào cộng sản và công nhân Quốc tế -Phong trào đấu tranh giải phóng dân tộc -Các lực lượng tiến bộ, những người yêu chuộng hòa bình, dân chủ, tự do và công lý",,,,,,
Chương 5,92,"Nội dung trong đoàn kết quốc tế theo TT.HCM Nội lực là quyết định, ngoại lực phát huy thông qua nội lực",,,,,,
Chương 5,92,"Theo Hồ Chí Minh, hạt nhân của sự đoàn kết là: Sự đoàn kết và thống nhất trong Đảng",,,,,,
Chương 5,92,Chủ thể của khối đại đoàn kết toàn dân tộc là: Toàn thể nhân dân Việt Nam yêu nước,,,,,,
Chương 5,92,"Quan điểm “Đại đoàn kết dân tộc là đường lối chiến lược của cách mạng Việt Nam, là động lực và nguồn lực to lớn trong xây dựng và bảo vệ Tổ quốc” được Đảng xác định trong ĐH lần thứ mấy? Đại hội Đảng lần thứ XII",,,,,,
Chương 5,92,"Điều kiện để xây dựng khối đại đoàn kết -Lấy lợi ích chung làm điểm quy tụ -Kế thừa truyền thống yêu nước, nhân nghĩa của dân tộc -Có lòng khoan dung độ lượng với con người -Cần phải có niềm tin vào nhân dân",,,,,,
Chương 5,93,"Theo Hồ Chí Minh, mặt trận dân tộc thống nhất là: Khối đại đoàn kết toàn dân tộc",,,,,,
Chương 5,93,Có mấy nguyên tắc xây dựng và hoạt động của mặt trận dân tộc thống nhất Ba nguyên tắc,,,,,,
Chương 6,93,"Phương thức xây dựng khối đại đoàn kết toàn dân tộc -Làm tốt công tác vận động quần chúng (Dân vận) -Thành lập đoàn thể, tổ chức quần chúng phù hợp với từng đối tượng để tập hợp quần chúng -Các đoàn thể, tổ chức quần chúng được tập hợp và đoàn kết trong Mặt trận dân tộc thống nhất",,,,,,
Chương 6,93,"Năm 1987, tổ chức UNESCO ghi nhận Hồ Chí Minh là: Anh hùng giải phóng dân tộc, nhà văn hóa kiệt xuất Việt Nam",,,,,,
Chương 6,93,"Trong mối quan hệ với kinh tế, Hồ Chí Minh cho rằng: Văn hóa thuộc kiến trúc thượng tầng",,,,,,
Chương 6,93,"Theo Hồ Chí Minh, lòng yêu nước, thương nòi, tinh thần độc lập, tự cường, tự tôn dân tộc là: Nội dung của bản sắc văn hóa dân tộc",,,,,,
Chương 6,93,"Theo tư tưởng Hồ Chí Minh, tiếp biến văn hóa là: Quy luật của văn hóa",,,,,,
Chương 6,93,"Mục đích của tiếp thu văn hóa nhân loại là: Làm giàu cho văn hóa Việt Nam, xây dựng văn hóa Việt Nam với tinh thần dân chủ",,,,,,
Chương 6,93,"Hồ Chí Minh, tiếp cận văn hóa trên mấy phương diện: 04 phương diện",,,,,,
Chương 6,93,"Hồ Chí Minh nói: “Cũng như sông thì có nguồn mới có nước, không có nguồn thì sông cạn. Cây phải có gốc, không có gốc thì cây héo. Người cách mạng phải có đạo đức, không có đạo đức thì dù tài giỏi mấy cũng không lãnh đạo được nhân dân. Vì muốn giải phóng dân tộc, giải phóng cho loài người là một công việc to tát mà tự mình không có đạo đức, không có căn bản, tự mình đã hủ hóa, xấu xa thì còn làm nổi việc gì”. Đoạn trích trong tác phẩm nào? Sửa đổi lối làm việc",,,,,,
Chương 6,94,Tiêu chuẩn cho mục đích hành động của con người: Đạo đức,,,,,,
Chương 6,94,"Phẩm chất đạo đức được xem là bao trùm, quan trọng nhất và chi phối các phẩm chất khác của HCM là: Trung với nước, hiếu với dân",,,,,,
Chương 6,94,"Nội dung cốt lõi của đạo đức cách mạng là: Cần, kiệm, liêm, chính, chí công vô tư",,,,,,
Chương 6,94,"Theo HCM, tinh thần Quốc tế trong sáng có nguồn gốc từ: Bản chất của giai cấp công nhân",,,,,,
Chương 6,94,"Theo HCM, nguyên tắc xây dựng đạo đức cách mạng: Nói đi đôi với làm, noi gương về đạo đức; xây đi đôi với chống; tu dưỡng đạo đức suốt đời",,,,,,
Chương 6,94,"“Mỗi người tự rèn luyện, tu dưỡng ý thức, kết hợp với xây dựng cơ chế, tính khoa học của bộ máy và tạo dựng nền dân chủ” là: Phương pháp xây dựng con người",,,,,,
Chương 6,94,"Tư tưởng Hồ Chí Minh về “trồng người”: Trách nhiệm của Đảng, nhà nước, các đoàn thể chinh trị - xã hội kết hợp với tính tích cực, chủ động của từng người.",,,,,,
Chương 6,94,Động lực của cách mạng là: Con người,,,,,,
Chương 6,94,Yếu tố cốt lõi đầu tiên tạo nên nền tảng tư tưởng đạo đức Hồ Chí Minh là: Tình yêu thương con người,,,,,,
Chương 6,94,"Nguyên tắc xây dựng đạo đức cách mạng: -Nói đi đôi với làm, nêu gương về đạo đức -Xây đi đôi với chống -Tu dưỡng đạo đức suốt đời Câu hỏi",,,,,,
Chương 6,94,"“Đường lối chính trị, nề nếp làm việc và đạo đức cách mạng của Đảng ta hiện nay là đường lối, tác phong và đạo đức Hồ chủ tịch… Toàn Đảng hãy ra sức học tập đường lối chính trị, tác phong và đạo đức cách mạng của Hò Chủ tịch; sự học tập ấy là điều kiện tiên quyết làm cho Đảng và làm cho cách mạng mau đi đến thắng lợi hoàn toàn”. Đoạn văn trên được trích trong:  Văn kiện Đại hội II của Đảng tháng 2 năm 1951",,,,,,
Chương 6,96,"“Thắng lợi to lớn của sự nghiệp chống Mỹ cứu nước cũng như những trang sử chói lọi của cách mạng Việt Nam ngót nửa thế kỷ nay mãi mãi gắn liền với tên tuổi của chủ tịch Hồ Chí Minh, người sáng lập và rèn luyện Đảng ta,…, người anh hùng dân tộc vĩ đại, người chiến sĩ lỗi lạc của phong trào cộng sản và công nhân quốc tế” Đoạn văn trên được trích trong:  Văn kiện đại hội 12/1957",,,,,,
Chương 6,96,"“Phải kiên định chủ nghĩa Mác Lenein, tư tưởng Hồ Chí Minh, vận dụng sáng tạo và phát triển phù hợp với thực tiễn Việt Nam”. Đoạn trích trên trích trong:  Văn kiện Đại hội XII của Đảng tháng 01 năm 2016",,,,,,
Chương 6,96,Chọn câu trả lời đúng nhất: “Thống nhất giũa lý luận và thực tiễn” là:  Nguyễn tắc và quan điểm phương pháp luận nghiên cứu tư tưởng Hò Chí Minh,,,,,,
Chương 6,96,Một trong những nguyên tắc phương pháp luận khi nghiên cứu tư tưởng Hồ Chí Minh là gì?  Kết hợp nghiên cứu các tác phẩm với thực tiễn chỉ đạo cách mạng của Hồ Chí Minh,,,,,,
Chương 6,96,Một trong những nguyên tắc phương pháp luận khi nghiên cứu tư tưởng Hồ Chí Minh là:  Bảo đảm sự thống nhất nguyên tắc tính Đảng và tính khoa học,,,,,,
Chương 6,96,"Đối với Hồ Chí Minh, ưu điểm lớn nhất trong chủ nghĩa Tam dân của Tôn Trung Sơn là gì?  Phù hợp với điều kiện thực tế nước ta",,,,,,
Chương 6,96,Nguồn gốc lý luận nào quyết định bản chất tư tưởng Hồ Chí Minh  CN Mác-Lênin,,,,,,
Chương 6,96,Tư tưởng Hồ Chí Minh được hình thành trong bối cảnh lịch sử nào? Chủ nghĩa tư bản từ giai đoạn tự do cạnh tranh sang giai đoạn độc  quyền,,,,,,
Chương 6,97,Tư tưởng Hồ Chí Minh được hình thành và phát triển qua mấy giai đoạn?  5 giai đoạn,,,,,,
Chương 6,97,"Tháng 7 năm 1920, Hồ Chí Minh đọc tác phẩm gì của V.I.Lênin?  Sơ thảo lần thứ nhất những Luận cương về các vấn đề dân tộc và vấn đề thuộc địa",,,,,,
Chương 6,98,Nguyên nhân trực tiếp dẫn đến các phong trào yêu nước theo khuynh hướng dân chủ tư sản ở Việt Nam đầu thế kỷ XX thất bại là:  Giai cấp tư sản Việt Nam không có đường lối đúng đắn,,,,,,
Chương 6,98,“Việt Nam vạn tuế” là khẩu hiệu trước khi bị hành hình của các chí sĩ yêu nước tham gia:  Khởi nghĩa Yên Bái,,,,,,
Chương 6,98,Chí sĩ yêu nước Phan Bội Châu khởi xướng phong trào  Đông du,,,,,,
Chương 6,98,"Chọn câu trả lời đúng nhất: Dưới ách thống trị, áp bức của thực dân Pháp, xã hội Việt Nam đã xuất hiện các giai cấp mới:  Công nhân, tiểu tư sản, tiểu tư sản dân tộc",,,,,,
Chương 6,98,Giá trị nào được xem là giá trị xuyên suốt nổi bật nhất trong truyền thống dân tộc Việt Nam?  Chủ nghĩa yêu nước,,,,,,
Chương 6,98,"“Nước Việt Nam có quyền hưởng tự do và độc lập và sự thật đã thành một nước tự do độc lập…của cải để giữ vững quyền tự do, độc lập ấy”  Tuyên ngôn độc lập",,,,,,
Chương 6,98,"Trong khi kế thừa và tiếp thu học thuyết của Nho giáo về quản lý xã hội, Hồ Chí Minh đã kế thừa và đổi mới tư tưởng:  Đức trị và nhân trị",,,,,,
Chương 6,98,"Chọn ý sai, điều kiện và cơ sở hình thành tư tưởng Hồ Chí Minh?  Ngay từ khi còn nhỏ ở trong trường, Hồ Chí Minh đã nhận thức được đặc điểm của thời đại",,,,,,
Chương 6,98,"Đối với Hồ Chí Minh, ưu điểm lớn nhất của học thuyết Khổng Tử là gì?  Sự tu dưỡng đạo đức cá nhân",,,,,,
Chương 6,98,"Nguyễn Ái Quốc gửi “Bản yêu sách của nhân dân An Nam” tới Hội nghị Vecxay đòi chính phủ Pháp thừa nhận các quyền tự do, dân chủ và bình đẳng của nhân dân Việt Nam vào thời gian nào?  6/1919",,,,,,
Chương 6,99,"Nhân tố chủ quan hình thành tư tưởng Hồ Chí Minh bao gồm:  Phẩm chất cá nhân cũng năng lực hoạt động thực tiễn phong phú Theo Hồ Chí Minh, khối đại đoàn kết dân tộc phải dựa trên lập trường của:  Giai cấp công nhân",,,,,,
Chương 6,100,"Theo Hồ Chí Minh, kế thừa truyền thống yêu nước, nhân nghĩa, đoàn kết của dân tộc là:  Điều kiện của khối đại đoàn kết dân tộc",,,,,,
Chương 6,100,"Theo Hồ Chí Minh, khối đại đoàn kết dân tộc chỉ có sức mạnh khi:  Được tập hợp thành một khối",,,,,,
Chương 6,100,"Theo tư tưởng Hồ Chí Minh, lực lượng của đoàn kết quốc tế bao gồm  Các lực lượng tiến bộ, những ngưỡi yêu chuộng hòa bình, dân chủ, tự do và công lý",,,,,,
Chương 6,100,"Theo Hồ Chí Minh, trong đoàn kết quốc tế:  Nội lực là quyết định, ngoại lực phát huy thông qua nội lực",,,,,,
Chương 6,100,"Quan điểm “Đại đoàn kết dân tộc là đường lối chiến lược của cách mạng Việt Nam, là động lực và nguồn lực to lớn trong xây dựng và bào vệ Tổ quốc” được Đảng xác định tại:  Đại hội Đảng lần thứ XII",,,,,,
Chương 6,100,"Theo Hồ Chí Minh, hạt nhân của sự đoàn kết là:  Sự đoàn kết và thống nhất trong Đảng",,,,,,
Chương 6,100,Chủ thể của khối đại đoàn kết toàn dân tộc là:  Toàn thể nhân dân Việt Nam yêu nước,,,,,,
Chương 6,100,Hồ Chí Minh có:  4 cách tiếp cận về văn hóa,,,,,,
Chương 6,100,"Trong mối quan hệ với kinh tế, Hồ Chí Minh cho rằng:  Văn hóa thuộc kiến trúc thượng tầng",,,,,,
Chương 6,100,Chọn câu đúng theo tư tưởng Hồ Chí Minh:  Xã hội thế nào văn hóa thế ấy,,,,,,
Chương 6,100,"Theo Hồ Chí Minh, lòng yêu nước, thương nòi, tinh thần độc lập, tự cường, tự tôn dân tộc là:  Nội dung của bản sắc văn hóa dân tộc",,,,,,
Chương 6,100,"Theo tư tưởng Hồ Chí Minh, tiếp biến văn hóa là:  Quy luật của văn hóa",,,,,,
Chương 6,101,"Theo Hồ Chí Minh, mục đích của tiếp thu văn hóa nhân loại là để:",,,,,,
