Chương,Câu hỏi,Đáp án A,Đáp án B,Đáp án C,Đáp án D,Đáp án đúng
Chương 1,Thuật ngữ “tư tưởng Hồ Chí Minh” được d ùng theo nghĩa nào?,Là tư tưởng của một cá nhân,Là tư tưởng của một lãnh tụ,"Là tư tưởng của một giai cấp, một dân tộc",Là tất cả những vấn đề trên,
Chương 1,"Văn kiện Đại hội IX quan niệm: “Tư tưởng Hồ Chí Minh là một hệ thống quan điểm toàn diện và s âu sắc về những vấn đề cơ bản của […...] là kết quả của sự vận dụng và phá t triển sáng tạo […...] vào điều kiện cụ thể của nước ta, đồng thời là kết tinh ti nh hoa dân tộc và trí tuệ thời đại nhằm giải phóng dân tộc, giải phóng giai cấp, giải p hóng con người.”",Cách mạng Việt Nam; chủ nghĩa Mác-Lênin;,Cách mạng vô sản; chủ nghĩa Mác- Lênin;,Cách mạng xã hội chủ nghĩa; chủ nghĩa Mác- Lênin;,Chủ nghĩa Mác- Lênin; cách mạng Việt Nam;,
Chương 1,Khái niệm tư tưởng Hồ Chí Minh được Đảng ta chính thức sử dụng vào thời gian nào?,Năm 1930,Năm 1945,Năm 1969,Năm 1991,
Chương 1,Tìm đáp án sai : Khái niệm tư tưởng Hồ Chí Min h mà Đại hội IX (2001) nêu lên bao gồm:,cách mạng và khoa học của tư tưởng Hồ Chí Minh Bản chất,"tư tưởng, lý luận của tư tưởng Hồ Chí Minh Nguồn gốc",tư tưởng Hồ Chí Minh Nội dung,Kết cấu tư tưởng Hồ Chí Minh,
Chương 1,Mục đích của tư tưởng Hồ Chí Minh là gì ?,Giải phóng dân tộc,Giải phóng các dân tộc thuộc địa,"Giải phóng dân tộc, giải phóng giai cấp và giải phóng con người",Giải phóng giai cấp và giải phóng con người,
Chương 1,Đối tượng của bộ môn tư tưởng Hồ Chí Minh?,Quá trình sản sinh tư tưởng Hồ Chí Minh,Quá trình hiện thực hóa tư tưởng Hồ Chí Minh,Quá trình sản sinh và hiện thực hóa tư tưởng Hồ Chí Minh,Quá trình Đảng Cộng sản vận dụng tư tưởng Hồ Chí Minh,
Chương 1,Bộ môn tư tưởng Hồ Chí Minh có mấy nhiệm vụ k hi nghiên cứu tư tưởng Hồ Chí Minh?,4 nhiệm vụ,5 nhiệm vụ,6 nhiệm vụ,7 nhiệm vụ,
Chương 1,Tư tưởng Hồ Chí Minh có vị trí như thế nào trong hệ th ống tư tưởng Đảng Cộng sản Việt Nam?,Là một bộ phận trong hệ thống tư tưởng của Đảng,Là bộ phận quan trọng trong hệ thống tư tưởng của Đảng,Là bộ phận rất quan trọng trong hệ thống tư tưởng của Đảng,"Là bộ phận nền tảng, kim chí nam cho hành động của Đảng",
Chương 1,Vấn đề nào mà giáo trình tư tưởng Hồ Chí Min h chưa nêu khi nói về ý nghĩa học tập môn học này đối v ới sinh viên?,Nâng cao năng lực tư duy lý luận và phương pháp cong tác,Bồi dưỡng phẩm chất đạo đức cách mạng và rèn luyện bãn lĩnh chính trị,"Nâng cao lòng tự hào dân tộc, tự hào về Bác Hồ kính yêu","Bồi dưỡng tình yêu thiên nhiên, ý thức bảo vệ môi trườ ng.",
Chương 1,"Theo Hồ Chí Minh, học chủ nghĩa Mác- Lênin là để làm gì?",Học thuộc các luận điểm lí luận.,Để chứng tỏ trình độ lí luận,Để sống với nhau có tình có nghĩa .,"Cả a, b và c đều sai",
Chương 1,Điều mong muốn cuối cùng của Hồ Chí Minh ghi trong Di chúc là gì?,Xây dựng một nước Việt Nam phồn vinh và cường thịnh,"Xây dựng một nước Việt Nam hòa bình, thống nhất, độc lập, dân chủ, giàu mạnh.","Xây dựng một nước Việt Nam dân chủ, công bằng, văn minh",Làm cho mọi người được hạnh phúc,
Chương 1,Chọn cụm từ đúng: T ư tưởng Hồ Chí Minh là:,Hệ thống các luận điểm toàn diện và sâu sắc về những vấn đề cơ bản của cách mạng Việt Nam,Hệ thống các QUAN ĐIỂM toàn diện và sâu sắc về những vấn đề cơ bản của cách mạng Việt Nam,Hệ thống các tư tưởng toàn diện và sâu sắc về những vấn đề cơ bản của cách mạng Việt Nam,Hệ thống các học thuyết toàn diện và sâu sắc về những vấn đề cơ bản của các h mạng Việt Nam,
Chương 1,Vận dụng tư tưởng Hồ Chí Minh cần phải nắm vững nguyên tắc gì?,Quan điểm lịch sử thế giới,Quan điểm lịch sử Việt Nam,Quan điểm lịch sử CỤ THỂ,Quan điểm lịch sử toàn diện,
Chương 1,Ý nghĩa của việc học tập môn Tư tưở ng Hồ Chí Minh,Góp phần nâng cao năng lực tư duy lý luận,"Giáo dục và định hướng thực hành đạo đức cách mạng, củng cố niềm tin khoa học gắn liền với trau dồi tình cảm cách mạng, bồi dưỡng lòng yêu nước","Xây dựng, rèn luyện phương pháp và phong cách công tác",Tất cả đều đúng,
Chương 1,Thống nhất giữa tính đả ng và tính khoa học là:,Phương pháp nghiên cứu tư tưởng Hồ Chí Minh,Điều kiện bắt buộc trong nghiên cứu tư tưởng Hồ Chí Minh,Phương pháp luận của việ c nghiên cứu tưởng Hồ Chí Minh,Điều kiện cần trong nghiên cứu tư tưởng Hồ Chí Minh,
Chương 1,"“Đường lối chính trị, nề nếp làm việc và đạo đức cách mạng của Đảng ta hiện nay là đường lối, tác phong và đạo đức Hồ Chủ tịch... Toàn Đảng hãy ra sức học tập đường lối chính trị, tác phong và đạo đức cách mạng của Hồ Chủ tịch; sự học tập ấy là điều kiện tiên quyết làm cho Đảng và làm cho cách mạng đi mau đến thắng lợi hoàn toàn”. Đoạn văn trên được trích trong:",Văn kiện Đại hội II của Đảng tháng 2 năm 1951,Văn kiện Đại hội III của Đảng tháng 9 năm 1960,Văn kiện Đại hội IV của Đảng tháng 12 năm 1976,Tất cả đều đúng,
Chương 1,"“Thắng lợi to lớn của sự nghiệp chống Mỹ cứu nước cũng như những trang sử chói lọi của cách mạng Việt Nam ngót nửa thế kỷ nay mãi mãi gắn liền với tên tuổi của chủ tịch Hồ Chí Minh, người sáng lập và rèn luyện Đảng ta, ngườ i khai sinh nền cộng hòa dân chủ Việt Nam, người vun trồng khối đại đoàn kết dân tộc và xây dựng lực lượng vũ trang cách mạng, vị lãnh tụ thiên tài của giai cấp công nhân và nhân dân ta, người anh hùng dân tộc vĩ đại, người chiến sĩ lỗi lạc của phong trào cộng sản và công nhân quốc tế”. Đoạn văn trên được trích trong:",Văn kiện Đại hội II của Đảng tháng 2 năm 1951,Văn kiện Đại hội III của Đảng tháng 9 năm 1960,Văn kiện Đại hội IV của Đảng tháng 12 năm 1976,Tất cả đều đúng,
Chương 1,"“Phải kiên định chủ nghĩa Mác – Lênin, tư tưởng Hồ Chí Minh, vận dụng sáng tạo và phát triển phù hợp với thực tiễn Việt Nam”. Đoạn t rích trên trích trong:",Văn kiện Đại hội II của Đảng tháng 2 năm 1951,Văn kiện Đại hội III của Đảng tháng 9 năm 1960,Văn kiện Đại hội IV của Đảng tháng 12 năm 1976,Văn kiện Đại hội XII của Đảng tháng 01 năm 2016,
Chương 1,Chọn câu trả lời đúng n hất: “Thống nhất giữa lý luận và thực tiễn” là:,Nội dung và quan điểm phương pháp luận nghiên cứu tư tưở ng Hồ Chí Minh,NGUYÊN TẮC VÀ QUAN ĐIỂM phương pháp luận nghiên cứu tư tưởng Hồ Chí Minh,Nguyên tắc và nội dung phương pháp luận nghiên cứu tư tưởng Hồ Chí Minh,Điều kiện và tiền đề phương pháp luận nghiên cứu tư tưở ng Hồ Chí Minh,
Chương 1,Một trong những nguyên tắc phương pháp luận khi nghiên cứu tư tưởng Hồ Chí Minh là gì?,Kết hợp nghiê n cứu các tác phẩm với thực tiễn chỉ đạo cách mạng của Hồ Chí Minh.,Kết hợp nghiên cứu các tác phẩm với thực tiễn cách m ạng thế giới.,Kết hợp nghiên cứu các tác phẩm với thực tiễn cách m ạng Việt Nam.,Kết hợp thực tiễn cách mạng Việt Nam và cách mạng thế giớ i.,
Chương 2,Một trong những nguyên tắc phương p háp luận khi nghiên cứu tư tưởng Hồ Chí Minh là:,Bảo đảm sự thống nhất nguyên tắc tính Đảng và tính k hoa học,Bảo đảm sự thống nhất nguyên tắc tính Đảng và tính xã hội chủ nghĩa,Bảo đảm sự thống nhất nguyên tắc tính Đảng và tính dân tộc,Bảo đảm sự thống nhất nguyên tắc tính Đảng và tính các h mạng,
Chương 2,"Đối với Hồ Chí Minh, ưu điểm lớn nhất trong chủ nghĩa Tam dân của Tôn Trung Sơn là gì?",Chống phong kiến,"Đấu tranh vì tự do, dân chủ",Phù hợp với điều kiện thực tế nước ta,Tu dưỡng đạo đức cá nhân,
Chương 2,Nguồn gốc lý luận nào quyết địn h bản chất tư tưởng Hồ Chí Minh,Tư tưởng Tam dân của Tôn Trung Sơn,Tư tưởng của Khổng Tử,Chủ nghĩa Mác – Lênin,Tư tưởng của Giêsu (Jesus),
Chương 2,Tư tưởng Hồ Chí Minh được hình thành trong bối cảnh lịch sử nào?,Chủ nghĩa tư bản đang trong giai đoạn tự do cạnh tranh,Chủ nghĩa tư bản từ giai đoạn tự do cạnh tranh s ang giai đoạn độc quyền,Chủ nghĩa tư bản đang trong giai đoạn hình thành,Chủ nghĩa xã hội đang trong giai đoạn phát triển,
Chương 2,Tư tưởng Hồ Chí Minh được hình thành và phát triển qua mấy giai đoạn?,3 giai đoạn,4 giai đoạn,5 giai đoạn,6 giai đoạn,
Chương 2,"Tháng 7 năm 1920, Hồ Chí Minh đọc tác phẩ m gì của V.I.Lênin?",Làm gì,Sơ thảo lần thứ nhất Luận cương về các vấn đề dân tộc,Sơ thảo lần thứ nhất những Luận cươ ng về các vấn đề dân tộc và vấn đề thuộc địa,Nhà nước và cách mạng.,
Chương 2,Một trong những giá trị của văn hoá phương Tây được Hồ Chí Minh tiếp thu góp phần hình th ành tư tưởng của Người là:,Tư tưởng dân chủ và cách mạng trong cách mạng Pháp và cách mạng Mỹ,Những mặt tích cực của Nho Giáo,Tư tưởng vị tha của Phật giáo,Chủ nghĩa Tam dân của Tôn Trung Sơn,
Chương 2,"Một trong những tiền đề tư tư ởng, lí luận dẫn đến sự hình thành tư tưởng Hồ Chí Minh là:",Giá trị truyền thống tốt đẹp của dân tộc Việt Nam,Giá trị văn hiến dân tộc Việt Nam,Giá trị tư tưởng dân tộc Việt Nam,Giá trị văn minh dân tộcViệt Nam,
Chương 2,Một trong những truyền thống tốt đẹp của tư tưởng và văn hoá Việt Nam được Hồ Chí Minh tiếp thu giúp h ình thành tư tưởng của Người là:,Chủ nghĩa yêu nước Việt Nam.,Những mặt tích cực của Nho Giáo,Tư tưởng vị tha của Phật giáo,Tư tưởng bác ái của Thiên Chúa Giáo,
Chương 2,Mục đích chính Hồ Chí Mi nh muốn ra nước ngoài là:,"Xem nước Pháp và các nước khác làm như thế nào, sẽ trở về giúp đồng bào chúng ta","Xem nước Pháp và các nước khác học như thế nào, sẽ trở về giúp đồng bào c húng ta","Xem nước Pháp và các nước khác văn minh như thế nào, sẽ trở về giúp đồng bào chúng ta","Xem nước Pháp và các nước khác tiến bộ như thế nào, sẽ trở về gi úp đồng bào chúng ta",
Chương 2,Nguyên nhân trực tiếp đẫn đến các phong trào yêu nước theo khuynh hướng dân chủ tư s ản ở Việt Nam đầu thế kỷ XX thất bại là:,Giai cấp tư sản Việt Nam còn yếu,Giai cấp tư sản Việt Nam không có người lãnh đạo,Giai cấp tư sản Việt Nam không có đường lối đúng đắn,Giai cấp tư sản Việt Nam không có lực lượ ng.,
Chương 2,“Việt Nam vạn tuế” là khẩu hiệu trước khi bị hành hình của các chí sĩ yêu nước tham gia:,Phong trào Cần Vương,Khởi nghĩa Yên Bái,Phong trào Đông Kinh – Nghĩa Thục,"Khởi nghĩa của Nguyễn Thiện Thuật, Đinh Công Tráng",
Chương 2,Chí sĩ yêu nước Phan Bội Châu kh ởi xướng phong trào:,Duy tân,Đông du,Đông kinh nghĩa thục,"Chống đi phu, chống thu thuế",
Chương 2,"Chọn câu trả lời đúng nhất: Dưới ách thống trị, áp bức của thực dân Pháp, xã hội Việt Nam đã xuất hiện các giai cấp mới:","Nông dân, công nhân và địa chủ","Công nhân, tiểu tư sản, tiểu tư sản dân tộc","Công nhân, nông dân và trí thức","tiểu tư sản, tư sản và trí thức",
Chương 2,Giá trị nào được xem là giá trị xuyên suốt nổi bật nhất trong truyền thống dân tộc Việt Na m? Chọn câu trả lời đúng nhất.,Tinh thần thương người như thể thương thân,Tinh thần lá lành đùm lá rách,Chủ nghĩa yêu nước,Tinh thần chống giặc ngoại xâm.,
Chương 2,"“Nước Việt Nam có quyền hưởng tự do và độc lập và sự thật đã thành một nước tự do, độc lập. Toàn thể dân tộc Việt Nam quyết đem tất cả tinh thần và lực lượng, tính mạng và của cải để giữ vững quyền tự do, độc lập ấy”. Đoạn văn trên được trích trong:",Tuyên ngôn Độc lập,Lời kêu gọi toàn quốc kháng chiến,Sửa đổi lối làm việc,Đường kách mệnh,
Chương 2,"Trong khi kế thừa và tiếp thu học thuyết của Nho giáo về quản lý xã hội, Hồ Chí Minh đã kế thừa và đổi mới tư t ưởng:",Đức trị và nhân trị,Pháp trị,Đức trị và pháp trị,Đức trị.,
Chương 2,Chọn ý sai. điều kiện và cơ sở h ình thành tư tưởng Hồ Chí Minh?,"Nhu cầu khách quan và bức thiết do cách mạng Việt Nam đặt ra là muốn cứu nước, phải tìm một con đường cách mạng mới .","Quê hương Hồ Chí Minh là mảnh đất giàu truyền thống yêu nước, chống giặc ngoạ i xâm.","Hồ Chí Minh sinh ra trong một gia đình nhà Nho yêu nước, gần gũi nhân dân, cụ thân sinh có tư tưởng thương dân, chủ trươ ng lấy dân làm hậu thuẫn cho mọi cải cách chính trị.","Ngay từ khi còn nhỏ ở trong trường, Hồ Chí Minh đã nhận thức được đặc điểm thời đại.",
Chương 2,"Đối với Hồ Chí Minh, ưu điểm lớn nhất của học thuyết Khổng Tử là gì?",Tinh thần hiếu học.,Quản lý xã hội bằng đạo đức.,Sự tu dưỡng đạo đức cá nhân.,Quản lý xã hội bằng pháp luật,
Chương 2,"Nguyễn Ái Quốc gửi “Bản yêu sách của nhân dân An Nam” tới Hội nghị Vécxây, đòi chính phủ Pháp thừa nhận các quyền tự do, dân chủ và bình đẳng của nhân dân Việt Na m vào thời gian nào?",6/1917,6/1918,6/1919,6/1920,
Chương 2,Nhân tố chủ quan hìn h thành tư tưởng Hồ Chí Minh bao gồm:,Phẩm chất cá nhân cùng năng lực hoạt động thực tiễn phong p hú,Phẩm chất cá nhân của người,Năng lực hoạt động thực tiễn của người.,Khả năng tư duy của người,
Chương 2,"Hồ Chí Minh xác định, cách mạng Việt Nam phả i trải qua những thời kì nào?",Cách mạng tư sản và cách mạng vô sản,Cách mạng giải phóng dân tộc và cách mạng xã hội chủ nghĩa,Cách mạng ruộng đất và cách mạng tư sản,Cách mạng phong kiến và cách mạng vô sản,
Chương 2,"Trong tư tưởng Hồ Chí Minh về giải phóng dâ n tộc, giải phóng giai cấp, giải phóng con người. Hồ Chí Minh đặ t lên hàng đầu nhiệm vụ gì?",Giải phóng dân tộc.,Giải phóng con người.,Giải phóng giai cấp.,"Cả, a, b và c đều đúng.",
Chương 2,"Theo Hồ Chí Minh, lực lượng giải phóng dân tộc bao gồm:",Nông dân,"Công nhân, nông dân, trí thức",Công nhân,Toàn dân tộc,
Chương 2,"Giải phóng dân tộc theo tư tưởng Hồ Chí Minh, xé t về thực chất là: a - Đánh đổ ách áp bức, thống trị của đế quốc, thực dân giành độc lập dân tộc b - Giành độc lập dân tộc, hình thành nhà nước dân tộc độc lập c - Đánh đổ ách áp bức, thống trị của đế quốc, thực dân giành độc lập dân tộc, hì nh thành nhà nước dân tộc độc lập và tự do lựa chọn con đ ường phát triển của dân tộc phù hợp với xu thế phát triển của thời đại d - Tất cả đều đúng",,,,,
Chương 2,Hồ Chí Minh dùng hình tượng gì để chỉ chủ nghĩa tư bản?,Con bạch tuộc,Con chim đại bàng,Con đỉa hai vòi,Hai cánh của con chim,
Chương 2,Chọn phương án trả lời đúng v ới tư tưởng Hồ Chí Minh:,Cách mạng giải phóng dân tộc giành thắng lợi đồng thời với thắng lợi các h mạng vô sản ở chính quốc.,Thắng lợi của cách mạng vô sản ở thuộc địa phải phụ thuộc vào thắng lợi của c ách mạng vô sản ở chính quốc.,Cách mạng giải phóng dân tộc ở thuộc địa có khả năng nổ ra và giành được thắ ng lợi trước cách mạng vô sản ở chính quốc.,"Cả a, b và c đều sai",
Chương 2,"Theo Hồ Chí Minh, vấn đề dân tộc và vấn đề giai cấp có mối quan hệ với nhau như thế nào?",Giải phóng dân tộc và giải phóng giai cấp cần được tiến hành song song,Giải phóng dân tộc không liên quan đến giải phóng giai cấp,Giải phóng dân tộc là tiền đề để giải phóng giai cấp,Giải phóng giai cấp là tiền đề để giải phóng dân tộc,
Chương 2,"Bản chất của chủ nghĩa tư bản ""là một con đỉa có 1 cái vòi bám vào giai cấp vô sản ở chính quốc và 1 cái vòi khác bá m vào giai cấp vô sản ở thuộc địa. Nếu muốn giết con vậ t ấy, người ta phải đồng thời cắt cả hai vòi. Nếu người ta chỉ cắt một vòi th ôi thì cái vòi còn lại kia vẫn tiếp tục hút máu của giai cấp vô s ản, con vật vẫn tiếp tục sống và cái vòi bị cắt đứt lại sẽ mọc ra"" câu nói đó trích từ tác phẩm nào của Nguyễn Ái Quốc?",Con rồng tre,Bản án chế độ thực dân Pháp,Đường cách mệnh,V. I. Lênin và các dân tộc phương Đông,
Chương 2,"Vấn đề dân tộc trong tư tưởng Hồ Chí Minh là sự kết hợp nhuần nhuyễn: a - Dân tộc với giai cấp b - Độc lập dân tộc và chủ nghĩa xã hội c - Chủ nghĩa yêu nước với chủ nghĩa đế quốc d - Cả a, b, c đều đúng",,,,,
Chương 2,Vấn đề dân tộc trong tư tưởng Hồ Chí Minh là vấ n đề:,Dân tộc nói chung,Dân tộc Phương Đông,Dân tộc thuộc địa,Hình thành dân tộc,
Chương 2,Thực chất của vấn đề dân tộc thuộc địa trong tư tư ởng Hồ Chí Minh là:,Đòi quyền bình đẳng giữa các dân tộc,Đòi quyền tư do dân chủ cho nhân dân,Đòi quyền tự trị dân tộc dưới sự bảo hộ của ngoại bang,"Đấu tranh giải phóng dân tôc, thành lập nhà nước dâ n tộc độc lập, trong đó nhân dân là chủ thể tối cao của quyền lực nhà nướ c",
Chương 2,"Trong tư tưởng Hồ Chí Minh, nhiệm vụ hàng đầu, trên hết, trước hết của cách mạng Việt Nam là: a - Giải phóng dân tộc b - Giải phóng gi ai cấp c - Giải phóng con người d – Giải phóng giai cấp và giải phóng dân tộc",,,,,
Chương 2,"Các lực lượng thực hiện giải phóng dân tộc, giải phóng giai cấp, giải phóng con người theo tư tưởng Hồ C hí Minh là: a - Đảng Cộng sản b - Khối đại đoàn kết dân tộc, đoàn kết toàn dân mà nòng cốt là lien minh công – nông – tri thức c - Các lực lượng cách mạng d – Tất cả các phương án đều đúng",,,,,
Chương 2,"“Tất cả các dân tộc trên thế giới đều sinh ra bình đẳng, dân tộc nào cũng có quyền sống, quyền sung sướng và quyề n tự do”. Hồ Chí Minh nói câu đó trong văn kiện nào?",Tuyên ngôn độc lập (1945),Đường Cách mệnh,Bản án chế độ thực dân Pháp,Lời kêu gọi toàn quốc kháng chiến.,
Chương 2,"Theo Hồ Chí Minh, cách mạng là sự nghiệp của ai?",Đảng,Nhà nước,Nhân dân,Công nhân và nông dân,
Chương 2,"Theo Hồ Chí Minh, cách mạng giải phóng dân tộc là sự nghiệp đoàn kết của:",Giai cấp công nhân,"Công nhân, nông dân, trí thức",Giai cấp công nhân và nông dân,"Toàn dân, trên cơ sở liên minh công - nông",
Chương 2,Sức mạnh dân tộc Việt Nam bao gồm những yếu tố chủ yếu nào?,Chủ nghĩa yêu nước,Tinh thần đoàn kết,Ý thức tự lực tự cường,"Cả a, b và c đều đúng",
Chương 2,"Trước khi Đảng Cộng sản Việt Nam ra đời, tình cảnh cách mạng Việt Nam như thế nào?",Khủng hoảng về đường lối cứu nước,Cách mạng Việt Nam vô cùng thuận lợi,Mọi phong trào cách mạng đều thắng lợi,"Cả a, b và c đều sai",
Chương 2,Phong trào Đông Du (1906 -1908) do ai lãnh đ ạo?,Hồ Chí Minh,Phan Chu Trinh,Phan Bội Châu,Nguyễn Thái Học,
Chương 2,Luận điểm nào sau đây là sai? Sức mạnh dân tộc trong tư tưởng Hồ Chí Minh Việt Nam bao gồm:,Chủ nghĩa yêu nước Việt Nam,Văn hóa truyền thống Việt Nam,"Tinh thần đoàn kết, ý thức tự lực tự cừơng",Tài nguyên thiên nhiên,
Chương 2,"Theo tư tưởng Hồ Chí Minh, các loại kẻ thù cần phải đánh đổ trong quá trình giải phóng dân tọc, giải phóng giai c ấp, giải phóng con người là:","Nghèo nàn, giốt nát, lạc hậu và chủ nghĩa cá nhân dưới mọi hình thức","Đế quốc, thực dân và tay sai của chúng",Đế quốc và phong kiến,"Đế quốc, thực dân và tay sai của chúng cùng với nghè o nàn, giốt nát, lạc hậu và chủ nghĩa cá nhân dưới mọi hình thức",
Chương 2,Nội dung cơ bản trong con đường cứu nước của Hồ Chí Min h là:,Độc lập dân tộc gắn liến với chủ nghĩa xã hội,Giành chính quyền về tay nhân dân,Giải phóng con người,Thành lập Đảng Cộng sản Việt Nam,
Chương 2,"Trong Lời kêu gọi toàn quốc kháng chiến, Hồ Chí Minh xác định: “Chúng ta thà hy sinh tấ t cả, chứ nhất định […..........], nhất định không chịu làm nô lệ”.",Không chịu đầ u hàn g,Không chịu làm nô lệ,Không chịu mất nước,Phải kháng chiến,
Chương 2,Một trong những nội dung cơ bản của Bản Yêu sách gồm tám điểm của Nguyễn Ái Quốc gửi tới Hội nghị Véc xay (Pháp) là:,Đòi quyền tự trị của dân tộc,Đòi quyền giải phóng dân tộc,Đòi quyền độc lập dân tộc,"Đòi quyền tự do, dân chủ tối thiểu cho nhân d ân",
Chương 2,"Hồ Chí Minh nói: “Tôi chỉ có một sự ham muố n, ham muốn tột bậc, là làm sao cho nước ta được hoàn toà n độc lập, dân ta hoàn toàn được tự do, đồng bào ai cũng có cơm ăn, áo mặc, ai cũng đư ợc học hành” vào ngày tháng năm nào?",21/1/1946,19/5/1960,19/5/1954,19/5/1969,
Chương 2,Một trong những nội dung cơ bản của Bản Yêu sách gồm tám điểm của Nguyễn Ái Quốc gửi tới Hội nghị Véc xay (Pháp) là:,Đòi quyền tự trị của dân tộc,Đòi quyền giải phóng dân tộc,Đòi quyền độc lập dân tộc,Đòi quyền bình đẳng pháp lý cho nhân dâ n,
Chương 2,"Khi nghiên cứu về Cách mạng tư sản Mỹ (1776) và cách mạng tư sản Pháp (1789), Hồ Chí Minh xác định đó là nhữ ng cuộc cách mạng như thế nào?",Chưa trọn vẹn,Không thành công,Thắng lợi,Không đến nơi,
Chương 2,"""Dù phải đốt cháy cả dãy Trừờng Sơn cũng phải giành cho được độc lập"" câu nói đó của Hồ Chí Minh vào th ời gian nào?",Tháng 5-19 41,Tháng 9-1945,Tháng 8-19 45,Tháng 12-19 46,
Chương 2,"Đại hội nào của Đảng khẳng định: “Đảng lấy chủ nghĩa Mác – Lênin, tư tưởng Hồ Chí Minh làm nền tảng tư tư ởng và kim chỉ nam cho hành động ”?",Đại hội VII (1991),Đại hội VIII (1996),Đại hội IX (2001),Đại hội X (2006),
Chương 2,"Chủ tịch Hồ Chí Minh ra Lời kêu gọi toàn quốc k háng chiến “Thà hy sinh tất cả chứ nhất định khô ng chịu mất nước, không chịu làm nô lệ” vào thời điểm nào?",Đêm ngày 18/9/1946,Ngày 20/12/1946,Đêm ngày 19/12/1946,Ngày 25/11/1946,
Chương 2,Hồ Chí Minh là người đấu trạnh đòi quyền độc lập cho:,Cả thế giới,Dân tộc Việt Nam và tất cả các dân tộc bị áp bức trên thế giới,Dân tộc Việt Nam,Các dân tộc thuộc địa ở phương Đông,
Chương 2,Hồ Chí Minh khẳng định chủ nghĩa dân tộc là một động lực lớn ở các nước đang đấu tranh giành độc lậ p dân tộc. Đó là chủ nghĩa dân tộc:,Chân chính,Trong sáng,Sô vanh nước lớn,Hẹp hòi,
Chương 2,Chủ tịch Hồ Chí Minh ra lời kêu gọi toàn quốc kháng ch iến vào thời điểm nào?,Đêm ngày 18/9/1946,Đêm ngày 19/12/1946,Ngày 20/12/1946,Đêm ngày 21/12/1946,
Chương 2,Hồ Chí Minh bàn về vấn đề dân tộc:,Phong kiến,Độc lập,Tư sản .,Thuộc địa,
Chương 2,"Theo Hồ Chí Minh, cách mạng giải phóng dân tộc muốn thắng lợi phải:",Có tiềm lực mạnh,Có tổ chức đoàn thể lãnh đạo,Có một cá nhân xuất sắc lãnh đạo,Có Đảng của giai cấp công nhân lãnh đạo,
Chương 2,"Theo Hồ Chí Minh, cách mạng giải phóng dân tộc muốn giành được thắng lợi cần phải:",Tiến hành chủ động và sáng tạo,Dựa vào sự thắng lợi của cách mạng vô sản ở chính quốc,Dựa vào sự thắng lợi của cách mạng ở các nước thuộc địa khác,Dựa vào sự giúp đỡ của các nước xã hội chủ nghĩa,
Chương 2,"Theo Hồ Chí Minh, cách mạng giải phóng dân tộc muốn giành được thắng lợi cần phải:",Thực hiện bằng con đường bạo lực,"Thực hiện bằng con đường bạo lực, kết hợp lực lượ ng chính trị của quần chúng với lực lượng vũ trang nhân dân",Kết hợp lực lượng chính trị của quần chúng với lực lượng vũ trang nhân dân,Dựa vào sự thắng lợi của cách mạng vô sản ở chính quốc,
Chương 2,Luận điểm ”Công cuộc giải phóng anh em chỉ có thể thực hiện bằng sự nổ lực của bản thân anh em” là của ai?,Các Mác,Ănghen,Lênin,Hồ Chí Minh,
Chương 2,"Luận điểm ""Chủ nghĩa tư bản là một con đĩa có một cái vòi bá m vào giai cấp vô sản ở chính quốc và một cái vòi bá m vào giai cấp vô sản ở các thuộc địa. Nếu muốn giết con vật ấy, người ta phải đồng t hời cắt cả hai vòi” của Hồ Chí Minh được trích từ tác p hẩm nào?",Bản Án Chế độ thực dân Pháp,Báo Người Cùng khổ,Đường Cách mệnh,Tuyên ngôn độc lập,
Chương 2,Luận điểm ”Chủ nghĩa dân tộc là một động lực lớn của đất nước” của Hồ Chí Minh được trích từ tác p hẩm nào?,"Báo cáo Bắc kỳ, Trung Kỳ và Nam Kỳ",Báo Người Cùng khổ,Đường Cách mệnh,Tuyên ngôn độc lập,
Chương 2,"“Công nông là gốc của cách mệnh, còn học trò, nhà buôn nhỏ, đ iền chủ nhỏ là bầu bạn cách mệnh của công nông” đư ợc Nguyễn Ái Quốc đề cập đến điều gì?",Phương pháp cách mạng,Lực lượng cách mạng,Nhiệm vụ của cách mạng,Mục tiêu của cách mạng,
Chương 2,Cuốn “Đường Cách mệnh” tập hợp các bài giảng của Nguyễn Ái Quốc tại các khoá huấn luyện chính trị đư ợc xuất bản tại đâu?,Pháp,Liên-xô,Việt Nam,Trung Quốc,
Chương 2,"Theo Hồ Chí Minh độc lập, tự do là:",Quyền thiêng liêng của tất cả các dân tộc,Quyền bất khả xâm phạm của tất cả các dân tộc,Quyền tự quyết dân tộc,Quyền thiêng liêng và bất khả xâm phạm của tất cả các dân tộc,
Chương 2,"Theo Hồ Chí Minh độc lập, tự do quyền thiêng liêng và bất khả xâm phạm của tất cả các dân tộc vào thời gian nào?",Trong Cách mạng thánh Tám năm 1945,Trong kháng chiến chống Mỹ,Trong Kháng chiến chống Pháp,"Cả a, b và c đều đúng",
Chương 2,"Theo Hồ Chí Minh, vận dụng chủ nghĩa Mác – Lênin cần phải :","Phù hợp với từng hoàn cảnh, từng đối tượng",Trung thành tuyệt đối với chủ nghĩa Mác – Lênin,Đảm bảo tính chính xác,Kế thừa chủ nghĩa Mác – Lênin,
Chương 2,"Kết hợp nhuần nhuyễn dân tộc với giai cấp, độc lập dân tộc và chủ nghĩa xã hội, phản ánh:",Quy luật khách quan của cách mạng giải phóng dân tộc trong thời đại cách mạng vô sản,"Mối quan hệ giữa mục tiêu giải phóng dân tộc, giải phóng giai cấp và con người",Mối quan hệ giữa mục tiêu độc lập dân tộc và chủ nghĩa xã hội,"Cả a, b và c đều đúng",
Chương 2,Cách mạng giải phóng dân tộc trong thời đại mới phải do ĐảngC ộng sản lãnh đạo để:,"Giác ngộ, tổ chức, tập hợp dân chúng; đoàn kết với vô s ản và các dân tọc bị áp bức trên thế giới",Đoàn kết với vô sản và các dân tộc bị áp bức trên thế giới.,Đảng thay giai cấp công nhân giành chính quyền về tay nhân dân,"Lập ra chính quyền của dân, do dân, vì dân",
Chương 2,"Theo Hồ Chí Minh, cách mạng giải phóng dân tộc có khả năng giành thắng lợi trước cách mạng vô sản ở chính q uốc, vì:",Kẻ thù ở thuộc địa yếu hơn kẻ thù của giai cấp vô sản ở chính quốc,Lực lượng cách mạng ở thuộc địa đông và mạnh hơn lực lượng cách m ạng ở chính quốc,Nộc độc và sức sống của con rắn độc tư bản chủ nghĩa tập trung ở các nướ c thuộc địa hơn ở các nước chính quốc,Các nước thuộc địa có sự giúp đỡ của quốc tế cộng sản,
Chương 2,"Kiên trì con đường Hồ Chí Minh đã lựa chọn, nghĩa là:",Hội nhập với nền kinh tế thế giới,Giữ vững nền độc lập dân tộc,Thực hiện mực tiên độc lập gắn liền với chủ nghĩ a xã hội,Thực hiện triệt để cuộc cách mạng dân tộc dân chủ nhân dân,
Chương 2,"Theo Hồ Chí Minh, thực chất của giải phóng giai cấp là:",Xóa bỏ giai cấp bóc lột với tư cách là giai cấp thống trị xã hội,Tiêu diệt cá nhân những con người thuộc giai cấp bọc lột.,Thay giai cấp thống trị này bằng giai cấp thống trị khác,Tất cả các phương án đều đúng,
Chương 2,"Trong tư tưởng Hồ Chí Minh, giải phóng con người trước hết là:",Giải phóng quần chúng lao động,Giải phóng giai cấp công nhân,Giải phóng giai cấp nông dân,Giải phóng dân tộc,
Chương 2,Giải phóng con người theo tư tưởng Hồ Chí Minh là:,Giải phóng con người với tư cách từng cá nhân,Giải phóng con người với tư cách là cả loài người,Giải phóng con người với tư cách từng cá nhân và cả loài người,Giải phóng con người với tư cách là cả dân tộc,
Chương 2,Giải phóng dân tộc theo tư tưởng Hồ Chí Minh là:,"Đánh đổ ách áp bức, thống trị của đế quốc thực dân giành độc lập dân tộc","Đánh đổ ách áp bức, thống trị của đế quốc thực dân giành độc lập d ân tộc, hình thành nhà nước dân tộc độc lập và tự do lựa chọn con đ ường phát triển của dân tộc phù hợp với xu thế của thời đại","Đánh đỗ ách áp bức thống trị của đế quốc, thực dân giành độc lập dân tộc",Đánh đổ địa chủ phong kiến đem lại ruộng đất cho nhân dân,
Chương 2,"Theo Hồ Chí Minh: “Giải phóng dân tộc, giải phóng giai cấp, giải phóng con người thống nhất nhau l à tư tưởng cách mạng [........]”",Triệt để nhất,An toàn nhất,Phù hợp nhất.,Thông minh nhất,
Chương 2,"Theo Hồ Chí Minh, chủ nghĩa cộng s ản dễ thích ứng ở đâu hơn?",Ở các nước tư bản phát triển nhất,"Ở các nước châu Á, phương Đông",Ở các nước Châu Âu,Ở các nước lạc hậu,
Chương 2,"Theo Hồ Chí Minh, cách mạng bạo lực là đấu tranh:",Kết hợp vũ trang và chính trị,Vũ trang,Chính trị,Vừa vũ trang vừa hòa bình,
Chương 2,Hồ Chí Minh coi yếu tố nào là một động lực lớn của đấ t nước?,Chủ nghĩa yêu nước Việt Nam,Chủ nghĩa dân tộc,Chủ nghĩa cá nhân,Giai cấp công nhân,
Chương 2,"Trong tư tưởng Hồ Chí Minh, tư tưởng bạo lực cách mạng luôn thống nhất với yếu tố nào?",Tư tưởng nhân đạo hòa bình,Cách mạng không ngừng,Tư tưởng đấu tranh ngoại giao,Đấu tranh chính trị,
Chương 2,Chọn cụm từ đúng điền vào chỗ trống […......] Đại hội IX của Đảng đã xác định tư tưởng Hồ Chí Min h “là [……] của Đảng và dân tộc ta”,Cẩm nâng,Đường lối,Tài sản quí báu,Tài sản tinh thần to lớn,
Chương 2,"Theo Hồ Chí Minh, cách mạng giải phóng dân tộc là sự nghiệp đoàn kết của:","Toàn dân, trên cơ sở liên minh công – nông","Công nhân, nông dân và tầng lớp trí thức",Giai cấp công nhân và nông dân,Giai cấp công nhân,
Chương 2,Chọn cụm từ đúng điền vào c hỗ trống […......] theo tư tưởng Hồ Chí Minh. “Toàn quốc đồng bào hãy đúng dậy […......] mà tự giải p hóng cho ta”,Dựa vào sự giúp đỡ quốc tế.,Dựa vào sự đoàn kết toàn dân.,Dưới sự lãnh đạo của Đảng. .,Đem sức ta.,
Chương 2,"Chọn cụm từ đúng điền vào c hỗ trống […......] theo tư tưởng Hồ Chí Minh: “Toàn thể dân tộc Việt Nam quyết đe m [….....] để giữ vững quyền tự do, độc lập ấy”",Tất cả tinh thần và lực lượng,"Tất cả tinh thần và lực lượng, tính mạng và của cải.",Toàn bộ sức lực.,Toàn bộ của cải.,
Chương 2,"Chọn cụm từ đúng điền vào chỗ trống […......] theo tư tưởng Hồ Chí Minh: “Tôi chỉ có một ham muốn, ham muốn tột bậc, là là m sao cho nước ta được [……], dân ta được hoàn toàn tự do, đồ ng bào ta ai cũng có cơm ăn áo mặc, ai cũng được học hành”.",Nhanh chóng độc lập,Thắng lợi,Hoàn toàn độc lập,Giải phóng,
Chương 2,"Theo Hồ Chí Minh, khát vọng lớn nhất của dân tộc t huộc địa là gì?",Cơm áo và ruộng đất,Hòa bình và ruộng đất,Quyền bình đẳng,"Độc lập, tự do",
Chương 2,Ham muốn tột bậc của Hồ Chí Minh là gì?,Nước được độc lập.,"Đồng bào ai cũng có cơm ăn, áo mặc, được học hành",Dân được tự do.,"Cả a, b, c đều đúng",
Chương 2,Tư tưởng cốt lõi trong tư tưởng Hồ Chí Minh về cách mạng Việt Nam là gì?,"Tư tưởng về giải phóng dân tộc, giải phóng giai cấp, giả i phóng con người.",Tư tưởng về đạo đức cách mạng,Tư tưởng về kết hợp sức mạnh dân tộc với sức m ạnh thời đại,Tư tưởng về độc lập dân tộc gắn liền với CNXH,
Chương 2,Vấn đề dân tộc trong tư tưởng Hồ Chí Minh là sự kết hợp nhuần nhuyễn giữa:,Dân tộc và giai cấp,Chủ nghĩa yêu nước và chủ ng hĩa quốc tế,Độc lập dân tộc và chủ nghĩa xã hội,"Cách mạng thuộc địa với cách mạng vô sản Vấn đề dân tộc trong tư tưởng Hồ Chí Minh là s ự kết hợp nhuần nhuyễn: a - Dân tộc với giai cấp b - Độc lập dân tộc và chủ nghĩa xã hội c - Chủ nghĩa yêu nước với chủ nghĩa đế quốc d - Cả a, b, c đều đúng",
Chương 2,Hồ Chí Minh nói câu “Không có gì quí hơn độc lập tự do” vào thời gian nào? a.1945,,1954,1960,1966 NGUYỄN ÁI QUỐC,
Chương 2,Nguyễn Tất Thành lên con tàu Amiran Latusơ Tơrơvin để ra đi tìm đường cứu nước tại đâu? Vào thời g ian nào?,6/5/1911 tại Bến cảng Nhà Rồng,2/6/1911 tại Sài Gòn,5/6/1911 tại Bến cảng Nhà Rồng,4/6/1911 tại Bến Nhà Rồng,
Chương 2,Nguyễn Tất Thành lúc ra đi tìm đường cứu nước bao nhiêu tuổi?,19 tuổi,20 tuổi,21 tuổi,24 tuổi,
Chương 2,Người thầy giáo đầu tiên của Nguyễn Tất Thành là ai?,Vương Thúc Quí,Nguyễn Sinh Sắc,Trần Tấn,Phan Bội Châu,
Chương 2,Nguyễn Tất Thành vào học trường Pháp -Việt Đông Ba năm nào?,9/1905,9/1906,9/1907,9/1908,
Chương 2,"Nguyễn Tất Thành nói: “Tôi muốn đi ra ngoài xem nư ớc Pháp và các nước khác làm như thế nào, tôi sẽ tr ở về giúp đồng bào chúng ta”. Câu nói đó vào thời gian nào?",6/1909,6/1911,7/1910,6/1912,
Chương 2,Hồ Chí Minh sánh lập “Hội Việt Nam cách mạng thanh niên” vào thời gian nào?,Tháng 5/1925,Tháng 5 /1927,Tháng 6/ 1925,Tháng 5/1926,
Chương 2,Nguyễn Tất Thành học tại trường Quốc học Huế năm học nào?,Năm học 1905-1906,Năm học 1907-1908,Năm học 1906-1907,Năm học 1911-1912,
Chương 2,Nguyễn Tất Thành đã tham dự cuộc biểu tình chống thuế của nông dân tỉnh Thừa Thiên vào thời gian n ào?,5/1905,5/1908 c .5/1906,,5/1911,
Chương 2,Nguyễn Tất Thành dạy học ở trường Dục Thanh thời gian nào?,9/1908 đến 9/1909,9/1910 đến 4/1911,9/1910 đến 2/1911,9/1910 đến 5/1911,
Chương 2,Nguyễn Tất Thành ở Mỹ thời gian nào?,1911- 1912,1912-1913,1912-1914,1913-19 14,
Chương 2,Nguyễn Tất Thành ở nước Anh thời gian nào?,1913- 1914,1914-1915,1914-1916,1914-19 17,
Chương 2,Những tri thức mà Nguyễn Tất Thành có được về nền văn hoá Pháp là do anh đã từng đọc các tác phẩm của ai?,Vôn te,Rút xô,Mông tex kiơ,"Tất cả a, b,c đều đúng",
Chương 2,Nguyễn Ái Quốc vào Đảng Xã hội Pháp năm nào?,1917,1918,1919,1920,
Chương 2,"Báo Le Paria (Người Cùng khổ) do Nguyễn Ái Quốc đồng sáng lập, ra số đầu tiên khi nào?",30/12/1920,1/4/1921,1/4/1922,1/4/1923,
Chương 2,"""Luận cương của V. I. Lênin làm cho tôi rất cảm động, phấn khởi, sáng tỏ, tin tưởng biết bao. T ôi vui mừng đến phát khóc lên. Ngồi một mình trong buồng mà tôi nói to lên n hư đang nói trước quần chúng đông đảo: hỡi đồng bào bị đọa đày đau k hổ? Đây là cái cần thiết cho chúng ta, đây là con đừờng giải phóng c ủa chúng ta"". Nguyễn Ái Quốc nói câu ấy khi đang ở đâu?","Luân Đôn, Anh","Paris, Pháp","Quảng Châu, Trung Quốc","Máxcơva, Liên Xô",
Chương 2,"""Luận cương của V. I. Lênin làm cho tôi rất cảm động, phấn khởi, sáng tỏ, tin tưởng biết bao. T ôi vui mừng đến phát khóc lên. Ngồi một mình trong buồng mà tôi nói to lên n hư đang nói trước quần chúng đông đảo: hỡi đồng bào bị đ ọa đày đau khổ? Đây là cái cần thiết cho chúng ta, đây là con đừờng giải phó ng của chúng ta"". Câu nói này của Nguyễn Ái Quốc được trích từ tác phẩ m nào?",Đời hoạt động của Hồ Chủ tịch,Con đường dẫn tôi đến với chủ nghĩa Lênin,Lênin vĩ đại,Cách mạng Tháng Mười và con đường giải phóng dân tộc,
Chương 2,"Trong thời gian ở nước ngoài, Nguyễn Tất Thành đã làm những công việc gì?","Phụ bếp, cào tuyết","Thợ ảnh, làm bánh","Đốt lò, bán báo",Tất cả các công việc trên.,
Chương 2,Hồ Chi Minh viết tác phẩm “Đường Kách mệnh” vào năm nào?,Năm 1926,Năm 1927,Năm 1928,Năm 1929,
Chương 2,Tác phẩm “Bản án chế độ thực dân Pháp” của Nguyễn Ái Quốc được xuất bản lần đầu tiên vào năm nào?,Năm 1923,Năm 1925,Năm 1926,Năm 1924,
Chương 2,Nguyễn Ái Quốc lựa chọn con đường giải phóng dân tộc theo khuynh hường chính trị vô sản vào thời gian nào?,1917,1918,1919,1920,
Chương 2,Nguyễn Tất Thành lấy tên là Nguyễn Ái Quốc vào thời gian nào?,Khi Bác lên tàu từ bến Nhà Rồng năm 1911;,Khi Bác tham gia sáng lập Đảng Cộng sản Pháp tại Đại hội Tua thá ng 12/1920;,Tại Hội nghị Vécxay (Pháp) ngày 18/6/1919;,Khi Bác sang Liên Xô làm việc ở Ban Phương Đông của Quốc t ế Cộng sản tháng 6/1923.,
Chương 2,Nguyễn Ái Quốc từ Liên Xô về Quảng Châu (Trung Quốc) vào thời gian nào?,12/1924,11/1924,12/1925,10/ 1924,
Chương 2,"Vở kịch Con Rồng tre được Nguyễn Ái Quốc viết nhân dịp vua Khải Định sang Pháp, đó là năm nào?",Tháng 5/1922,Tháng 5/1925,Tháng 5/1923,Tháng 5/1927,
Chương 2,"“Đuổi hổ cửa trước, rước beo cửa sau” là câu Nguyễn Ái Quốc nói về chủ trương cứu nước của ai?",Nguyễn Thái Học,Hoàng Hoa Thám,Phan Bội Châu,Phan Chu Trinh,
Chương 2,“Ỷ Pháp cầu tiến bộ chẳng khác nào xin giặc rủ lòng thương” là câu Nguyễn Ái Quốc nhận xét về chủ trư ơng cứu nước của ai?,Nguyễn Thái Học,Hoàng Hoa Thám,Phan Bội Châu,Phan Chu Trinh,
Chương 2,Lý do chính của việc Nguyễn Ái Quốc đến Pháp?,Để vận động nhân dân Pháp ủng hộ cách mạng Việt Nam,Để tìm hiểu văn minh Pháp,Vì nguồn gốc mọi đau khổ của nhân dân Việt Nam là ở tại “chính quốc”,Để học nghề,
Chương 2,Đại hội nào của Đảng khẳng định: “Tư tưởng Hồ Chí Minh không chỉ là kết quả của sự vận dụng sáng tạo mà còn phát t riển sáng tạo chủ nghĩa Mác - Lênin vào điều kiện cụ thể của nư ớc ta”?,Đại hội VII (1991),Đại hội VIII (1996),Đại hội IX (2001 ),Đại hội X (2006),
Chương 2,Nguyễn Tất Thành lần đầu tiên tiếp xúc với khẩu hiệu “Tự do – Bình đẳng – Bác ái” vào năm nào?,1904,1905,1908,1917,
Chương 2,"Bác Hồ về nước ngày, tháng, năm nào?",28/1/1941,28/1/1942,12/8/1942,19/12/1941,
Chương 2,Chọn phương án trả lới đúng nhấ t cho tư tưởng Hồ Chí Minh?,Tư tưởng Hồ Chí Minh là kết quả của sự vận dụng phát triển sáng tạo chủ nghĩa Mác - Lênin vào điều kiện thực tế của nước ta.,Tư tưởng Hồ Chí Minh là kết quả của sự vận dụng và phát triển sáng tạo chủ nghĩ a Mác - Lênin vào điều kiện cụ thể của nước ta.,Tư tưởng Hồ Chí Minh là kết quả của sự phát triển sáng tạo chủ nghĩa Mác - Lênin vào điều kiện thực tế của nước ta.,Tư tưởng Hồ Chí Minh là kết quả của sự sáng tạo chủ nghĩa Mác - Lênin vào điều kiện thực tế của nước ta.,
Chương 2,"Nguyễn Ái Quốc gứi bản “Yêu sách của nhân dân Việt Nam” tới Hội nghị Véc xay vào ngày, tháng, năm nào?",18/6/1917,18/6/1918,18/6/1919,18/6/1920,
Chương 2,Nguyễn Ái Quốc đọc “Sơ thảo lần thứ nhất về vấn đề dân tộc và thuộc địa” của Lênin vào thời gian nào?,7/1917,7/1920,7/1918,7/1922,
Chương 2,"Nguyễn Ái Quốc tán thành Quốc tế III, tham gia thành lập Đảng Cộng sản Pháp khi nào?",12/1918,12/1919,12/1920,12/1923,
Chương 2,Nguyễn tất Thành lấy tên Nguyễn Ái Quốc vào thời gian nào?,18/6/1917,18/6/1918,18/6/1919,18/6/1920,
Chương 2,Nguyễn Ái Quốc đã thành lập Hội Việt Nam cách mạng thanh niên ở đâu?,Hương Cảng (Trung Quốc),Thượng Hải (Trung Quốc),Quảng Châu (Trung Quốc),Cao Bằng (Việt Nam),
Chương 2,"Thay mặt Hội những người Việt Nam yêu nước tại Pháp, Nguyễn Ái Quốc gửi bản “Yêu sách của nhân dân Việt Na m” tới Hội nghị Véc xay. Bản Yêu sách của nhân dân Việt Nam gồm mấy điểm :",6 điểm,8 điểm,9 điểm,12 điểm,
Chương 2,"Theo Hồ Chí Minh, ưu điểm lớn nhất của học thuyết Khổng Tử là gì?",Tinh thần hiếu học,Sự tu dưỡng đạo đức cá nhân,Quản lý xã hội bằng đạo đức,Tinh thần lễ nghĩa,
Chương 2,Tư tưởng Hồ Chí minh về con đường cách mạng Việt Nam được hình thành về cơ bản vào năm nào?,1917,1920,1930,1945,
Chương 2,Hồ Chí Minh đến với chủ nghĩa Mác – Lênin và trở thành người cộng sản đầu tiên của Việt Nam vào thời gian nào?,1917,1920,1930,1945,
Chương 2,Các bài giảng của Nguyễn Ái Quốc tại các lớp huấn luyện cán bộ tuyên truyền của hội Liên hiệp các dân tộc bị áp bức bóc lột lập hợp lại và xuất bản thành tác phẩm gì?,Bản án chế độ thực dân Pháp,Lênin và Phương Đông,Con Rồng tre,Đường Cách mệnh,
Chương 2,Hồ Chí Minh đã tiếp thu những yếu tố nào của Phật Giáo?,Lòng thương người,Tinh thần cứu khổ cứu nạn,"Tinh thần từ bi, bác ái",Cả 3 phương án trên đều đúng,
Chương 2,"Theo Hồ Chí Minh, điểm lớn nhất của chủ nghĩa Mác - Lênin là gì?",Bản chất cách mạng.,Bản chất khoa học.,Chủ nghĩa nhân đạo chiến đấu.,Phương pháp làm việc biện chứng.,
Chương 2,"Theo Hồ Chí Minh, ưu điểm lớn nhất của tôn giáo GiêSu là gì?",Đức hy sinh,Lòng ca o thượng,Lòng nhân ái cao cả,Lòng tư bi bác ái,
Chương 2,"Theo Hồ Chí Minh, ưu điểm lớn nhất của chủ nghĩa tam dân của Tôn Trung Sơn, đối với nước ta là:",Chống phong kiến,Đấu tranh vì tự do dân chủ,"Đem lại độc lập, tự do",Phù hợp với điều kiện thực tế nướ c ta,
Chương 2,Tư tưởng Hồ Chí Minh được hình thành từ những nguồn gốc nào?,Truyền thống văn hoá của dân tộc Việt Nam và tinh hoa văn hoá loài người .,Chủ nghĩa Mác – Lênin,Những phẩm chất chủ quan của Hồ Chí Minh,"Cả a, b, c và đều đúng",
Chương 2,"Trong các nguồn gốc hình thành tư tưởng Hồ Chí Minh, nguồn gốc nào quan trọng nhất, quyết định đối v ới việc hình thành và phát t riển tư tưởng Hồ Chí Minh?",Truyền thống văn hoá của dân tộc Việt Nam.,Những phẩm chất chủ quan của Hồ Chí Minh,Tinh hoa văn hoá loài người d Chủ. nghĩa Mác – Lênin,,
Chương 2,"Trong những tiền đề lý luận hình thành tư tưởng Hồ Chí Minh, tiền đề nào quyết định bản chất cách mạng và khoa học của tư tưởng Hồ Chí Minh?",Tinh hoa văn hóa dân tộc,Chủ nghĩa tam dân,Tinh hoa văn hoá loài người,Chủ nghĩa Mác – Lênin,
Chương 2,"Hồ Chí Minh viết: “Tất cả các dân tộc trên thế giới đều sinh ra bình đẳng, dân tộc nào cũng có quyền bình đẳ ng, dân tộc nào cũng có quyền sống, quyền sung sướng và quyền tự do” ở tác p hẩm nào?",Đường cách mạng,Bản án chế độ thực dân Pháp,Tuyên ngôn độc lập,Tuyên ngôn của Đảng cộng sản,
Chương 2,Nền tảng tư tưởng và kim chỉ nam cho hành động của Đảng và cách mạng Việt Nam là:,Chủ nghĩa yêu nước,Chủ nghĩa Mác- Lênin,Tư tưởng Hồ Chí Minh,"Chủ nghĩa Mác – Lênin, Tư tưởng Hồ Chí Mi nh.",
Chương 2,"Trong các truyền thống văn hoá dân tộc hình thành nên tư tưởng Hồ Chí Minh, yếu tố nào giữ vị trí hàng đầu?",Chủ nghĩa yêu nước,Truyền thống đoàn kết,Chủ nghĩa Mác - Lênin,"Truyền thống lao động cần cù, sáng tạo.",
Chương 2,Hồ Chí Minh đã dùng hình tượng nào dưới đây để chỉ CNTB?,Con bạch tuộc.,Con chim đại bàng,Con đỉa hai vòi,"Cả a, b và c đều sai",
Chương 2,"Theo Hồ Chí Minh, học chủ nghĩa Mác- Lênin là để làm gì?",Học thuộc các luận điểm lí luận.,Để chứng tỏ trình độ lí luận,Để sống với nhau có tình có nghĩa.,"Cả a, b và c đều sai",
Chương 2,"Phong trào cách mạng Việt Nam cuối thế kỷ XIX, đầu thế kỷ XX có những đặc điểm gì chung?",Tinh thần yêu nước rất cao,Gây tiếng vang lớn trong quần chúng nhân dân,Ý chí căm thù giặc sâu sắc,"Cả a, b và c đều đúng",
Chương 2,"Theo Hồ Chí Minh, “giặc nội xâm” bao gồm những loại nào?",Tham ô,Quan liêu,Lãng phí,"Cả a, b và c đều đ úng.",
Chương 2,"Theo Hồ Chí Minh, ở đời và làm người thì phải làm gì?",Yêu nước,Thương nhân loại bị áp bức,Thương dân,"Cả a, b, c đều đúng .",
Chương 2,Hồ Chí Minh tiếp thu tư tưởng văn hoá phương Đông chủ yếu từ:,Nho giáo và Thiên Chúa giáo,Phật giáo và Thiên Chúa giáo,Nho giáo và Phật giáo,"Cả a, b và c đều đúng.",
Chương 2,Nhờ tiếp thu yếu tố nào mà Nguyễn Ái Quốc đã từ một nhà yêu nước trở thành một người cộng sản?,Chủ nghĩa Mác – Lênin,Chủ nghĩa yêu nước,Chủ nghĩa tam dân,Chủ nghĩa hiện sinh,
Chương 2,Vì sao giai cấp nông dân không t hể lãnh đạo được cuộc cách mạng XHCN?,Họ đông nhưng không mạnh.,Họ không có chính đảng.,Họ không đại diện cho PTSX tiên tiến,Họ không có hệ tư tưởng độc lập và không đại diện cho P TSX tiên tiến.,
Chương 2,Việt Nam Quốc Dân Đảng được thành lập vào thời gian nào?,12/ 1927,8/ 1926,11/ 1926,7/1925,
Chương 2,"Tại hội Đảng toàn quốc lần thứ VI, Đảng ta quyết định đường lối đổi mới nào?",Đổi mới chính trị,Đổi mới kinh tế,Đổi mới tư duy.,Đổi mới toàn diện đất nước.,
Chương 2,Cơ quan ngôn luận của tổ chức Việt Nam Thanh niên cách mạng đồng chí hội là tờ báo:,Người cùng khổ,Nhân đạo,Thanh niên,Lao động,
Chương 2,"Bác Hồ về nước ngày, tháng, năm nào?",28/1/1941,28/1/1942,12/8/1942,19/12/1941,
Chương 2,Chọn cùm từ thích hợp điền vào chỗ trống [……] theo tư tưởng Hồ Chí Minh. “Muốn người ta giúp cho thì trư ớc hết mình phải [……]”,Giúp người ta trước,Tự giúp lấy mình đã,Tự cố gắng đứng dậy,Kêu gọi sự giúp đỡ,
Chương 2,Một trong những giá trị truyền thống tốt đẹp của dân tộc Việt Nam được Hồ Chí Minh tiếp thu để h ình thành tư tưởng của mình là:,Chủ nghĩa Mác – Lênin,Chủ nghĩa yêu nước Việt Nam,Truyền thống đoàn kết của dân tộc Việt Nam,Những mặt tích cực của Nho giáo,
Chương 2,Một trong những giá trị văn hóa phư ơng Đông được Hồ Chí Minh tiếp thu để hình thành tư tưởng của m ình là:,Chủ nghĩa Mác – Lênin,Chủ nghĩa yêu nước,Chủ nghĩa tam dân,Những mặt tích cực của Nho giáo,
Chương 2,Tư tưởng Hồ Chí Minh được hình thành và phát triển qua mấy giai đoạn?,3 giai đoạn,4 giai đoạn,5 giai đoạn,6 giai đoạn,
Chương 2,Nguyễn Ái Quốc mở lớp huấn luyện chính trị tại số nhà bao nhiêu phố Văn Minh (Quảng Châu)?,Số 13/1,Số 20/1,Số 15/l,Số 22/1,
Chương 2,Giai đoạn hình thành cơ bản tư tưởng về con đường cách mạng Việt Nam được tính từ: a - Trước 1911 b - Năm 1911 đến 1920 c – T ừ 1920 đến 1930 d – Từ 1930 đến 1945,,,,,
Chương 2,Giai đoạn phát triển và thắng lợi của tư tưởng Hồ Chí Minh được tính từ:,Từ năm 192 0 đến 1930,Từ năm 1941 đến 1945,Từ năm 1930 đến 1945 d 1945 đế. Từ năm n 196 9,,
Chương 2,"Giai đoạn vượt qua thử thách , kiên trì con đướng đã xác định cho Cách mạng Việt Nam của Hồ Chí Minh được tính t ừ : a - Năm 191 1 đến 1920 b - Năm 192 0 đến 193 0 c - Năm 1930 đến 1945 d - Năm 1945 đến 1969",,,,,
Chương 2,Hồ Chí Minh được UNESCO ra quyết đị nh công nhận là anh hùng giải phóng dân tộc Việt Nam và danh nhân văn hóa kiệ t xuất của thế giới vào năm nào?,Năm 1969,Năm 1975,Năm 1987,Năm 1990,
Chương 2,"Chọn cụm từ đúng điền vào chỗ trống […...] Tháng 7 nă m 1920, Hồ Chí Minh đọc tác phẩm [......] của Lênin",Tác phẩm “Làm gì”,Sơ thảo lần thứ nhất Luận cương về các vấn đề dân tộc,Sơ thảo lần thứ nhất về các vấn đề dân tộc và thuộc địa,Sơ thảo lần thứ nhất Luận cương về các vấn đề thuộc địa,
Chương 2,Chọn cụm từ đúng điền vào chỗ trống […...] Trong C ương lĩnh Chính trị đầu tiên của Đảng do Nguyễn Ái Quốc s oạn thảo đã xác định phương hướng chiến lược là: “làm tư sản dân quyền cách mạng và thổ địa c ách mạng để đi tới […...]”.,Chủ nghĩa tư bản,Chủ nghĩa xã hội,Xã hội cộng sản,Thời kỳ quá độ lên chủ nghĩa xã hội,
Chương 2,Nền tảng tư tưởng và kim chỉ na m cho hành động của Đảng và cách mạng Việt Nam là [......] và tư tưởng Hồ Chí Minh.,Chủ nghĩa Mác-Lênin;,Triết học Mác- Lênin;,Kinh tế chính trị Mác- Lênin;,"Cả A, B và C đều sai.",
Chương 2,"Trong các nguồn gốc hình thành tư tư ởng Hồ Chí Minh, nguồn gốc quan trọng nhất, quyết định là [ …...]",Tư tưởng Hồ Chí Minh.,Chủ nghĩa yêu nướC.,Chủ nghĩa Mác-Lênin.,Tinh hoa văn hóa nhân loại.,
Chương 2,Yếu tố nào là cơ sở thế giới quan và phư ơng pháp luận của tư tưởng Hồ Chí Minh?,Tư tưởng Hồ Chí Minh.,Chủ nghĩa yêu nướC.,Chủ nghĩa Mác-Lênin.,Tinh hoa văn hóa nhân loại.,
Chương 2,Chọn cụm từ đúng điền vào chỗ trống […...] the o Hồ Chí Minh: “Muốn cứu nước và […...] không con đư ờng nào khác con đường […...]”.,Giải phóng dân tộc; cách mạng vô sản;,Giải phóng dân tộc; cách mạng tư sản;,Giành độc lập; cách mạng vô sản;,"Giành độc lập, tự do; cách mạng văn hóa;",
Chương 2,"Năm 1941, Nguyễn ái Quốc viết một tác phẩm có câu mở đầu: ""Dân ta phải biết sử ta/ Cho tường gốc tích nước nhà Việ t Nam"". Đó là tác phẩm: A.""Đường cách mệnh”",,"""Lịch sử nước ta""","""Bài ca du kích""","""Di chúc""",
Chương 2,Luận điểm nào sau đây là sai? Tư tưởng Hồ Chí Minh b ắt nguồn từ:,Truyền thống đạo đức của dân tộc Việt Nam B.Yêu cầu của cách mạng,,"Kế thừa tư tưởng đạo đức phương Đông và tinh hoa văn hóa nhân loại D.Tư tưởng đạo đức và những tấm gương của Mác, Ăngghen, Lêni n.",,
Chương 2,Hãy lựa chọn câu trả lời đúng nhấ t:,Hồ Chí Minh là anh hùng giải phóng dân tộc của việt Nam,Hồ Chí Minh là anh hùng giải phóng của dâ n tộc Việt Nam và danh nhân văn hóa kiệt xuất của thế giới.,Hồ Chí Minh là anh hùng giải phóng dân tộc của Việt Nam và là một nhà vă n hóa kiệt xuất,Hồ Chí Minh là anh hùng giải phóng của dân tộc và là nhà văn hóa lớn của thế giớ i.,
Chương 2,"Chọn từ điền vào chố trống [.......] để hoàn thiện câu : Văn kiện Đại hội XI của Đảng chỉ rõ: Tư tưởng Hồ Chí Minh [ .........] cho cuộc đấu tranh của nhân dân ta giành thắng lợi, là [ ......] to lớn của Đảng và dân tộc ta.",Mở đường; tài sản tinh thần,Soi đường; tài sản tinh thần,Chỉ đường; tài sản tinh thần,Dẫn đường; tài sản tinh thần,
Chương 2,Cuộc vận động “Học tập và làm theo tấm gương đạo đức Hồ Chí Minh” được Đảng ta phát động cho đối tư ợng nào?,Toàn thể cán bọ công chức,"Cho công nhân, nông dân và trí thức",Trong toàn Đảng và hệ thống chính trị,Toàn thể đảng viên,
Chương 3,Chon phương án trả lời đúng với tư tưởng Hồ Chí Minh:,"Từ năm 890 đến 1911 : Thời kỳ nghiên cứu, khảo sát thực tế, đến với chủ nghia Má c – Lênin","Từ năm 1911 đến 1920: Thời kỳ hình thành tư tưởng yêu nước, chí hướng cứu nước",Từ năm 1 921 đến 1930: Thời kỳ hình thành cơ bản con đường cách mạng Việt Nam,"Từ năm 1945 đến 1969: Thời kỳ vượt qua khó khăn, kiên trì con đường đã chọn",
Chương 3,Bản yêu sách của nhân dân An Nam được Nguyễn Ái Quốc gửi đến hội nghị Versailles năm 1919 nhằm:,Đòi quyền bình đẳng về mặt pháp lý và đòi quyền tự do dân chủ cho nhân dân An Nam,Đòi quyền bình đẳng và quyền tự quyết cho nhân dân An Nam,"Đòi quyền được sống, quyền mưu cầu hạnh phúc cho nhân dân An Nam",Đòi quyền bình đẳng cho nhân dân An Nam,
Chương 3,"Theo Hồ Chí Minh, độc lập dân tộc phải:",Gắn liền với tự do của nhân dân,Gắn liền với quyền tồn tại của dân tộc,"Gắn liền với tự do, hạnh phúc của nhân dân","Gắn liền với tự do, hạnh phúc của nhân dân và quyền tự quyết của dân tộc[<br>]",
Chương 3,“Làm cho nướ c Nam được hoàn toàn độc lập ... dân chúng được tự do ... thủ tiêu hết các thức quốc trái ...”. Đoạn trích này trên đ ược trích trong:,Học thuyết tam dân của Tôn Trung Sơn,Chánh cương vắn tắt của Đảng,Tuyên ngôn độc lập,Tất cả đều sai,
Chương 3,"“nước Việt Nam là một, dân tộc Việt Nam là một”, được Hồ Chí Minh phát biểu lần đầu vào thời gian n ào:",Tháng 2 năm 1958,Tháng 2 năm 1957,Tháng 2 năm 1956,Tháng 2 năm 1955,
Chương 3,"“Dù khó khăn gian khổ đến mấy, nhân dân ta nhất định sẽ hoàn toàn thắng lợi. Đế quốc Mỹ nhất định phải cút khỏi nước ta. Tổ quốc ta nhất định sẽ thống nhất. Đồng bào Nam Bắc nhất định sum họp một nhà”. Đoạn trích này của Hồ Chí Minh được trích trong :",Di chúc,Lời kêu gọi toàn quốc kháng chiến,Thư gửi đồng bào Nam bộ,Chánh cương vắn tắt,
Chương 3,Một trong những điểm sáng tạo của Hồ Chí Minh khi nghiên cứu chủ nghĩa Mác Lênin thể hiện ở quan điể m:,"Giải phóng dân tộc gắn với giải phóng giai cấp, trong đó giải phóng dân tộc là trước hết, trên hết; độc lập dân tộc gắn liền với chủ ng hĩa xã hội.","Giải phóng dân tộc gắn với giải phóng đất nước, trong đó giải phóng dân tộc là trước hết, trên hết; độc lập dân tộc gắn liền với chủ nghĩa xã hội.","Giải phóng dân tộc gắn với giải phóng người dân, trong đó giải phóng dân tộc là trước hết, trên hết; độc lập dân tộc gắn liền với chủ nghĩa xã hội.","Giải phóng dân tộc gắn với giải phóng giai cấp, trong đó giải phóng dân tộc là quan trọng nhất; độc lập dân tộc gắn liền với chủ nghĩa xã hội.",
Chương 3,Chọn nội dung đúng nhất trong tư tưởng Hồ Chí Minh. Đảng cộng sản là:,"Đội tiên phong của giai cấp công nhân và nhân dân lao động kiên quyết nhất, hăng hái nhất, trong sạch nhất, tận tâm tận lực phụng sự Tổ quốc","Vừa là đội tiên phong của giai cấp công nhân vừa là đội tiên phong của nhân dân lao động kiên quyết nhất, hăng hái nhất, trong sạch nhất, tận tâm tận lực phụng sự Tổ quốc.","Vừa là đội tiên phong của giai cấp công nhân kiên quyết nhất, hăng hái nhất, trong sạch nhất, tận tâm tận lực phụng sự Tổ quốc","Tổ chức kiên quyết nhất, hăng hái nhất, trong sạch nhất, tận tâm tận lực phụng sự Tổ quốc",
Chương 3,"Theo Hồ Chí Minh, lực lượng cách mạng giải phóng dân tộc phải bao gồm:",Tầng lớp trí thức và công nhân,"Công nhân, nông dân, trí thức, quân đội.","Công nhân, nông dân, trí thức, quân đội, người Việt ở nước ngoài.",Toàn dân.,
Chương 3,"Trong các lực lượng của cách mạng, theo Hồ C hí Minh:",Trí thức là chủ của cách mệnh là gốc của cách mệnh,Công nhân là chủ của cách mệnh là gốc của cách mệnh,Công nông là chủ của cách mệnh là gốc của cách mệnh,Nông dân là chủ của cách mệnh là gốc của cách mệnh,
Chương 3,"Theo Hồ Chí Minh, chủ nghĩa xã h ội là:","CNXH trước hết nhằm làm cho nhân dân lao động thoát nạn bần cùng, là làm cho mọi người có công ăn việc làm, được ấm no và sống một đời hạnh phúc, là làm sao cho dân giàu nước mạnh.",là làm sao cho dân giàu nước mạnh.,"CNXH trước hết là làm cho mọi người có công ăn việc làm, được ấm no và sống một đời hạnh phúc, là làm sao cho dân giàu nước mạnh.",CNXH trước hết nhằm làm cho nhân dân lao động thoát nạn bần cùng,
Chương 3,"Theo Hồ Chí Minh, các nước tiến lên chủ nghĩa cộng sản diễn ra qua:",1 phương thức,2 phương thức,3 phương thức,4 phương thức,
Chương 3,"Theo Hồ Chí Minh, các nước tiến lê n chủ nghĩa xã hội:",Theo những con đường giống nhau,Theo con đường khác nhau,Theo những con đường đồng thời với nhau,Tất cả đều sai,
Chương 3,Chọn đáp án sai trong tư tư ởng Hồ Chí Minh về XHCN:,XHCN là xã hội có chế độ dân chủ,XHCN là xã hội có nền kinh tế phát triển cao dựa trên lực lượng sản xuất hiện đại và chế độ công hữu về tư liệu sản xuất chủ yếu,"Xã hội XHCN có trình độ phát triển cao về văn hóa và đạo đức, bảo đảm sự công bằng, hợp lý trong các quan hệ xã hội",CNXH là công trình của Đảng Cộng sản,
Chương 3,"Trong cách mạng xã hội chủ nghĩa, theo Hồ Chí M inh:",“Xây” quan trọng hơn “chống”,“Chống” quan trọng hơn “xây”,“Xây” đi đôi với “chống”,“Xây” là quyết định sự thành công của cách mạng.,
Chương 3,"Theo Hồ Chí Minh, thời kỳ quá đ ộ là thời kỳ:","Cải biến sâu sắc nhất, nhưng phức tạp, lâu dài, khó k hăn, gian khổ.","Cải biến sâu sắc nhất, nhưng lâu dài, khó khăn, gian khổ.","Cải biến sâu sắc nhất, nhưng lâu dài",Tất cả đều sai.,
Chương 3,Đặc điểm lớn nhất của thời kỳ quá độ ở Việt Nam theo Hồ Chí Minh là:,"Từ một nước nông nghiệp lạc hậu tiến thẳng lên CNXH, không trải qua giai đoạn phát triển tư bản chủ nghĩa","Từ một nước phong kiến lạc hậu tiến thẳng lên CNXH, không trải qua giai đoạn phát triển tư bản chủ nghĩa","Từ một nước nông nghiệp lạc hậu tiến thẳng lên CNXH, trải qua giai đoạn phát triển tư bản chủ nghĩa","Từ một nước công nghiệp lạc hậu tiến thẳng lên CNXH, không trải qua giai đoạn phát triển tư bản chủ nghĩa",
Chương 3,Có bao nhiêu điều kiện để đảm bảo độc lập dân tộc gắn liền với CNXH ở Việt Nam,1,2,3,4,
Chương 3,"Điền vào chỗ trống trong đoạn trích sau của Hồ Chí Minh: “Hỡi anh em các nước thuộc địa, Anh em phải làm thế nào để được giải phóng? Vận dụng công thức của Các Mác, chúng tôi xin nói với anh em rằng công cuộc giải phóng anh em chỉ có thể thực hiện được bằng ......”:",Sự hỗ trợ của Quốc tế cộng sản,Sự hỗ trợ của Phương Tây,Sự nổ lực của bản thân anh em,Sự nổ lực của người dân,
Chương 3,Theo Hồ Chí Minh: vấn đề độc lậ p được hiểu là:,"Độc lập là quyền bất khả xâm phạm, thiêng liêng nhất của các dân tộc",Tự do là quyền thiêng liêng của tất cả các dân tộc,"Độc lập, tự do là thiêng liêng, bất khả xâm phạm của dân tộc","Độc lập, tự do là thiêng liêng, bất khả xâm phạm của tất cả các dâ n tộc",
Chương 3,"Cách mạng giải phóng dân tộc, trong điều kiện của Việt Nam, muốn thắng lợi phải do:",Giai cấp công nhân lãnh đạo,Đảng Cộng sản lãnh đạo,Tầng lớp trí thức lãnh đạo,Trí thức và công nhân lãnh đạo,
Chương 3,Ai là người khai phá tư tưởng độc lậ p dân tộc gắn liền với CNXH ở Việt Nam ?,V.I Lênin,Đặng Tiểu Bình,Hồ Chí Minh,Phạm Văn Đồng,
Chương 3,Động lực cơ bản và trực tiếp của cách mạng XHCN là gì?,Giai cấp nông dân,Giai cấp công nhân,Giai cấp tư sản,"Cả a, b, c đều đúng",
Chương 3,"Theo Hồ Chí Minh, để phát huy sức mạnh cá n hân người lao động, cần phải:",Tác động vào nhu cầu và lợi ích của con người,Tác động vào động lực chính trị - tinh thần của con người,Tác động vào sở thích của cá nhân con người,Tác động vào nguyện vọng và mong muốn của họ,
Chương 3,"Theo Hồ Chí Minh, nhiệm vụ lịch sử của thời kỳ quá độ là:",Xây dựng nền tảng vật chất và kỹ thuật của chủ nghĩa xã hội,Xây dựng nền tảng vật chất và kỹ thuật cho chủ nghĩa xã hội; cải tạo xã hội cũ và xây dựng xã hội mới,Cải tạo nền kinh tế cũ và xây dựng nền kinh tế mới,Đập tan chế độ thực dân và phong kiến,
Chương 3,"Theo Hồ Chí Minh, trong thời kỳ quá độ, thành phần kinh tế phải đả m bảo ưu tiên cho nó phát triển là :",Kinh tế hợp tác xã,Kinh tế tư bản tư nhân,Kinh tế quốc doanh,Kinh tế cá thể - tiểu chủ,
Chương 3,Hồ Chí mInh đề cập đến chủ nghĩa xã hội nhiề u nhất vào thời gian nào?,1920-1930,1930 – 1945,1945-1954,1954-1969,
Chương 3,"Theo Hồ Chí Minh, mục tiêu của chủ nghĩa xã hội là :",Không ngững cải thiện đời sống nhân dân,Không ngừng cải thiện và nâng cao đời sống của nhân dân lao động,Không ngừng nâng cao đời sống nhân dân,Đảm bảo quyền làm chủ của nhân dân,
Chương 3,"Trong chế độ xã hội chủ nghĩa, theo Hồ Chí Min h: “Chủ nghĩa xã hội là lấy nhà máy, xe lửa, ngân hàng làm [……]",Công hữu,Sở hữu chung,Của chung,Tư hữu,
Chương 3,"Theo Hồ Chí Minh, đấu tranh chống ch ủ nghĩa cá nhân nghĩa là:",Chỉ bảo vệ lợi ích của tập thể,Bảo vệ lợi ích cá nhân,Loại bỏ lợi ích cá nhân,Không dày xéo lên lợi ích của cá nhân,
Chương 3,"Theo Hồ Chí Minh, động lực quan trọng nhất của chủ nghĩa xã hội là gì?",Khoa học – kỹ thuật,Con người,Văn hóa,Sự giúp đỡ của quốc tế,
Chương 3,"Theo Hồ Chí Minh, chế độ chính trị mà ch úng ta xây dựng là chế độ:",Do nhân dân lao động làm chủ,Do nhân dân làm chủ,Do giai cấp công nhâ n làm chủ,Do giai cấp công nông làm chủ,
Chương 3,"Theo Hồ Chí Minh, nền kinh tế mà chúng ta xây dựng phải được tạo lập trên cơ sở:",Nền nông nghiệp hiện đại,Nền công nghiệp hiện đại,,Chế độ công hữ u về tư liệu sản xuất,
Chương 3,"Theo Hồ Chí Minh, kẻ thù hung ác của chủ nghĩa xã hội là gì?",Khoa học – kỹ thuật phát triển,Cơ cấu công – nông nghiệp hợp lý,Sỡ hữu xã hội về tư liệu sản xuất,Sỡ hữu tư nhân về tư liệu sản xuất,
Chương 3,Về tổ chức hợp tác xã hội Hồ Chí Minh nhấn mạnh nguyên tắc:,Làm đồng loạt,"Làm dần dần, từ thấp đến cao, tự nguyện, cùng có lợi , chống chủ quan, gò ép, hình thức",Khẩn trương xây dựng cho được các hợp tác xã,Làm nhanh chóng,
Chương 3,Chọn cụm từ điền vào chỗ trống […...] đúng với tư tưởng Hồ Chí Minh: Việt Nam đi lên CNXH từ một nước thuộc địa nửa phong kiến […...],Bỏ qua giai đoạn phát triển TBCN,Bỏ qua chế độ TBCN,Không kinh qua giai đoạn phát triển TBCN,Xuyên qua CNTB,
Chương 3,"Chọn cụm từ điền vào chỗ trống […...] đúng với tư tưởng Hồ Chí Minh: “Nông dân giàu thì nước ta giàu, [……. ] thịnh thì nước ta thịnh”",Công nghiệp,Nông nghiệp,Thương nghiệp,Nông dân,
Chương 3,"Trong thời kỳ quá độ lên chủ nghĩa xã hội, Hồ C hí Minh chủ trương đối xử với giai cấp tư sản dân tộc như thế nào?",Không xóa bỏ quyền sở hữu về tư liệu sản xuất của họ,Xóa bỏ quyền sở hữu về tư liệu sản xuất của họ,Đưa họ vào kinh tế tập thể,Đánh đổ họ với tư cách là giai cấp bóc lột,
Chương 3,"Theo Hồ Chí Minh, cách làm của chủ nghĩa xã hội là:",Phải dựa vào sự giúp đỡ của các nước xã hội chủ nghĩa,Nhà nước phải ban phát từ trên xuống,"Đem tài dân, sức dân, của dân để làm lợi cho dân",Dựa vào Nhà nước và sự giúp đỡ của các nước khác,
Chương 3,"Theo Hồ Chí Minh, con đường đi lên chủ nghĩa xã hội trong nông nghiệp bao gồm những bước :",Cải cách ruộng đất,Xã hội hóa nông thôn,Xây dựng hợp tác xã cấp thấp và cấp cao,"Cả a, b và c đều đúng",
Chương 3,Hồ Chí Minh nói về loại hình hợp tác xã khi nào?,1920,1927,1945 .,1954,
Chương 3,"Luận điểm nào sau đây là sai: Để đảm bảo thực hiện thắng lợi CNXH ở Việt Nam trong thời kỳ quá độ, theo Hồ Chí Minh p hải:","Tăng cường sự lãnh đạo của Đảng, vai trò quản lý của Nhà nước",Đẩy mạnh quan hệ quốc tế,"Phát huy tính tích cực, chủ động của các tổ chức chính trị - xã hội","Xây dựng đội ngũ cán bộ đủ sức, đủ tài",
Chương 3,"Để đảm bảo thực hiện thắng lợi CNXH ở Việt Nam trong thời kỳ quá độ, theo Hồ Chí Minh phải:","Tăng cường sự lãnh đạo của Đảng, vai trò quản lý của Nhà nước","Phát huy tính tích cực, chủ động của các tổ chức chính trị - xã hội","Xây dựng đội ngũ cán bộ đủ sức, đủ tài",Tất cả các phương án đều đúng,
Chương 3,"Theo Hồ Chí Minh, chủ nghĩa cộng sản dễ thích ứng ở đâu?",Các nước Châu Âu,"Các nước Châu Á, Phương Đông",Các nước Tư bản phát triển,Các nước kém phát triển,
Chương 3,"Theo tư tưởng Hồ Chí Minh, trong thời k ỳ quá độ còn tồn tại hình thức:",Sở hữu của nhà nước,Sở hữu của người lao động riêng lẻ và sỡ hữu của nhà tư bả n,Sở hữu của hợp tác xã,Sở hữu công hữu,
Chương 3,"Theo tư tưởng Hồ Chí Minh, muốn xây dựng c hủ nghĩa xã hội, trước hết cần có cái gì?","Con người năng động, sáng tạo",Con người xã hội chủ nghĩa,Có cơ sở vật chất,Có Đảng lãnh đạo,
Chương 3,"Theo Hồ Chí Minh, nguyên tắc phân p hối chủ yếu trong chủ nghĩa xã hội là gì?","Làm theo năng lực, hưởng theo nhu cầu","Làm theo nhu cầu, hưởng theo lợi ích","Làm theo năng lực, hưởng theo lao động",Phân phối bình quân cho tất cả mọi người,
Chương 3,"Theo Hồ Chí Minh, muốn cho chủ ng hĩa xã hội được thực hiện, cần có những yếu tố nào?",Đất kỹ nghệ.,Tất cả mọi người được phát triển hết khả năng của m ình.,Nông nghiệp,"Cả a,b,c đều đúng",
Chương 3,"Chọn phương án trả lời sai: Theo Hồ Chí Min h, để xác định bước đi và tìm cách làm cho chủ nghĩa xã hội phù hợ p với Việt Nam cần phải:","Có thể tham khảo, học tập kinh nghiệm của các nước anh em",Có người lãnh đạo xuất chúng,"Xuất phát từ điều kiện thực tế, đặc điểm dân tộc, nhu cầu và khả năng thực t ế của nhân dân.",Quán triệt các nguyên lý cư bản của chủ nghĩa Mác -Lênin,
Chương 3,"Theo Hồ Chí Minh, đặc trưng nổi bậ t về chính trị của chủ nghĩa xã hội là gì?",Đảng Cộng sản lãnh đạo,Mọi người được hưởng các quyền tự do dân chủ,Thực hiện một nền dân chủ triệt để,Mọi lợi ích đều từ nhân dân,
Chương 3,"Theo Hồ Chí Minh, nội dung nào đư ợc coi là nhiệm vụ trung tâm của thời kỳ quá độ lên chủ nghĩa xã hội:",Công nghiệp hóa,Phát triển kinh tế,Phát triển kinh tế và văn hóa,Xây dựng thành công chủ nghĩa xã hội,
Chương 3,"Theo Hồ Chí Minh, quá độ lên Chủ ngh ĩa xã hội ở Việt Nam là kiểu quá độ:",Trực tiếp,Gián tiếp C.Vừa trực tiếp vừa gián tiếp,,Đặc biệt,
Chương 3,"Theo Hồ Chí Minh, trong mối quan hệ giữa hai nhiệ m vụ cải tạo xã hội cũ và xây dựng xã hội mới thì:","Cải tạo xã hội cũ là nhiệm vụ trung tâm, chủ chốt","Cải tạo xã hội cũ trước, xây xựng xã hội mới sau","Xây dựng xã hội mới là trọng tâm, cốt yếu, chủ chốt, lâu dài",Cải tạo xã hội cũ và xây dựng xã hội mới đều là nhiệm vụ trọng tâm,
Chương 3,"Theo Hồ Chí Minh, yếu tố nào là hạ t nhân trong hệ động lực của chủ nghĩa xã hội?",Sự quản lý của nhà nước,Sự lãnh đạo đúng đắn của Đảng,Kinh tế,Con người,
Chương 3,"Đường lối công nghiệp hoá xã hội chủ nghĩa, h iện đại hoá ở nước ta được đề ra ở Đại hội nào của Đảng?",Đại hội III (1960),Đại hội V (1982) C.Đại hội IV (1976),,Đại hội VI (1986),
Chương 3,"Theo Hồ Chí Minh, tại sao cần thực hiện chế độ làm k hoán dưới chủ nghĩa xã hội?",Khuyến khích được lợi ích của người lao động,Có lợi cho nhà nước,"Kết hợp được lợi ích của người lao động, lợ i ích của tập thể và nhà nước",Khuyến khích được lợi ích của tập thể và xã hội,
Chương 3,"Theo Hồ Chí Minh, trong thời kỳ quá đ ộ lên chủ nghĩa xã hội ở nước ta còn tồn tại mấy hình thức sở hữu?",2 hình thức,3 hình thức,4 hình thức,5 hình thức,
Chương 3,"Theo Hồ Chí Minh, trong thời kỳ quá đ ộ lên chủ nghĩa xã hội ở nước ta còn tồn tại mấy thành phần kinh tế?",3,4,5,6,
Chương 3,"Muốn phát huy động lực của chủ nghĩa xã hộ i, theo Hồ Chí Minh cần phải chống:","Chia rẽ, bè phái, mất đoàn kết, vô kỷ luật B.Chủ nghĩa cá nhân; tham ô, lãng phí, q uan liêu; chia rẽ, bè phái, vô kỷ luật C.Tham ô, lãng phí, quan liêu",,,Chủ nghĩa cá nhân,
Chương 3,"Theo Hồ Chí Minh, biện pháp nào q uan trọng nhất trong xây dựng chủ nghĩa xã hội?","Tranh thủ tối đa sự giúp đỡ, viện trợ quốc tế",Kết hợp cải tạo xã hội cũ và xây dựng xã hội mới,Huy động các nguồn lực sẵn có trong dân,Kết hợp xây dựng và bảo vệ đất nước,
Chương 3,Đặc điểm nổi bật nhất của tình hình t hế giới hiện nay là gì?,Có nguy cơ diễn ra chiến tranh thế giới thứ ba,Nạn khủng bố hoành hành,Xuất hiện các vấn đề toàn cầu,Cuộc cách mạng khoa học và công nghệ phát triển mạnh mẽ.,
Chương 3,Chọn phương án trả lời s ai trong các nhận định sau đây:,Cách mạng khoa học và công nghệ thúc đẩy xu thế toàn cầu hóa,Cách mạng khoa học và công nghệ làm xuất hiện các vấn đề toàn cầu,Cách mạng khoa học và công nghệ là xu thế tất yếu của toàn cầu hóa,Cách mạng khoa học và công nghệ thúc đẩy sự phát triển của thế giới,
Chương 3,Xu thế phát triển chủ đạo của thế giới hiện n ay là:,Đối đầu giữa các quốc gia và dân tộc .,Đụng độ giữa các nền văn minh và các nền văn hóa,"Hòa bình, hợp tác và phát triển",Xung đột dân tộc và tôn giáo,
Chương 3,Thành tựu nổi bật nhất của Việ t Nam về chính trị trong những năm đổi mới là:,Chính trị ổn định .,Phát triển theo định hướng xã hội chủ nghĩa,"GIữ vững độc lập tự chủ, kinh tế phát triển","Không có xung đột sắc tộc, tôn giáo",
Chương 3,"Theo Hồ Chí Minh, về bước đi trong thời k ỳ quá độ, chúng ta phải:",Trải qua nhiều bước,Làm thật mau và rầm rộ,Không cần trải qua bước nào,"Cả a, b và c đều đúng",
Chương 3,"Theo Hồ Chí Minh, về bước đi trong thời k ỳ quá độ, chúng ta phải:",Theo bước đi của các nước xã hội chủ nghĩa,Căn cứ vào đặc điểm lịch sử cụ thể của nước ta từ đó c ó bước đi phù hợp,"Căn cứ vào đặc điểm lịch sử cụ thể của nước ta từ có có bước đi ph ù hợp, đi bước nào vững chắc bước ấy",Theo bước đi và cách làm của Liên Xô,
Chương 3,"Theo Hồ Chí Minh, để xác định bước đi t rong thời kỳ quá độ, chúng ta phải:","Quán triệt các nguyên lý cơ bản của của chủ nghĩa Lênin về xây dựng chế độ mới, có thể tham khảo, học tập kinh nghiệm của các nước anh em B.Xuất phát từ điều kiện thực tế, đặc điểm dân tộc, nhu cầu và khả năng thực tế của nhân dân",,Cả a và b đều đúng,Cả a và b đều sai,
Chương 3,"Căn cứ vào thực tiến xây dựng chủ nghĩa xã hội ở V iệt Nam, theo Hồ Chí Minh, độ dài của thời kỳ quá độ lê n chủ nghĩa xã hội ở nước ta là:",15 năm,20 năm,100 năm,Lâu dài,
Chương 3,Theo Hồ Chí Minh có mấy loại hình đi lê n chủ nghĩa xã hội?,Một,Hai,Ba,Bốn,
Chương 3,Theo Hồ Chí Minh: Việt Nam quá độ lên chủ nghĩa xã h ội thuộc loại hình nào?,Quá độ trực tiếp,Quá độ gián tiếp,"Vừa trực tiếp, vừa gián tiếp",Phát triển tuần tự,
Chương 3,"Theo Hồ Chí Minh, nhiệm vụ lịch sử của th ời kỳ quá độ lên chủ nghĩa xã hội ở nước ta là:",Xây dựng nền tảng vật chất và kỷ thuật của chủ nghĩa xã hội,Cải tạo nền kinh tế cũ và xây dựng nền kinh tế mới,Không có phương án nào đúng,Không có phương án nào sai,
Chương 3,"Luận điểm nào sau đây là sai? Theo tư tưởng Hồ Chí Minh, trong thời kỳ quá độ còn tồn tại các hình thức s ở hữu:",Sỡ hữu nhà nước,Sỡ hữu tập thế,Sở hữu công cộng,Sở hữu của người lao động và của nhà tư bản,
Chương 3,"Hồ Chí Minh nói: ""Chủ nghĩa xã hội cộng với khoa h ọc sẽ đưa loài người đến [............ ]"". Hãy điền vào ô trống để hoàn t hiện câu trên",Hạnh phúc vô tận;,Tương lai xán lạn;,Tự do;,Sự phát triển toàn diện.,
Chương 4,Tìm luận điểm không đúng với tư tưởng Hồ Chí Minh:,Công nghiệp hóa là con đường tất yếu phải đi của chúng ta,Công nghiệp hóa phải bắt đầu từ xây dựng và phát triển công nghiệp nặng,"Công nghiệp hóa phải trên cơ sở xây dựng, phát triển một nền nông nghiệp toàn diện","Công nghiệp hóa phải trên cơ sở pt công nghiệp nhẹ, tiểu thủ công nghiệp",
Chương 4,"Đảng cộng sản Việt Nam ra đời ngày tháng nă m nào, tại đâu?",Ngày 3/2/1929 tại Tân Trào.,Ngày 3/2/1930 tại Pắc Pó,Ngày 26/3/1931 tại Hương Cảng- Trung Quốc,,
Chương 4,Tư tưởng Hồ Chí Minh về Đảng Cộng sản đư ợc hình thành trên cơ sở nào?,Lý luận,Thực tiễn,Không có cơ sở nào,Cả lý luận và thực tiễn,
Chương 4,"Theo Hồ Chí Minh, Đảng Cộng sản Việt Nam là Đảng của:",Giai cấp công nhân,Nhân dân lao động,Giai cấp nông dân,"Giai cấp công nhân, nhân dân lao động và của dân tộc Việ t Nam",
Chương 4,"Theo Hồ Chí Minh, mục tiêu, lý tưởng của Đảng Cộ ng sản Việt Nam là:",Vì lợi ích của giai cấp công nhân,"Phụng sự tổ quốc, phục vụ nhân dân",Xây dựng một nước Việt Nam giàu mạnh,"Đảng ta không có mục đích , lý tưởng nào",
Chương 4,Ai là người chủ trì Hội nghị thành lập Đảng Cộng s ản Việt Nam?,Nguyễn Ái Quốc,Trường Chinh,Lê Hồng Phong,Trần Phú,
Chương 4,Đại biểu các tổ chức nào đã tham dự Hội nghị thành lậ p Đảng năm 1930?,"Đông Dương CS Đảng, An Nam CS Đảng và Đông Dương CS Liên Đoàn",Đông Dương Cộng Sản Đảng và An Nam cộng sản Đảng,An Nam Cộng sản Đảng và Đông Dương Cộng Sản Liên Đoàn,Đông Dương Cộng Sản Đảng và Đông Dương Cộng Sản Li ên Đoàn.,
Chương 4,Đảng ta có tên gọi Đảng Lao động Việt Nam từ khi nào?,1941,1945,1951,1955,
Chương 4,"Khi mới thành lập, Đảng ta có tên gọi là gì?",Đảng Cộng sản Đông Dương,Đảng Cộng sản Việt Nam,Đảng Lao động Việt Nam,An Nam Cộng sản Đảng,
Chương 4,"Theo Hồ Chí Minh, một trong những nguyên tắc tổ chức và sinh hoạt Đảng cơ bản đó là:",Thiểu số phục tùng đa số,Biểu quyế t hoặc bỏ phiếu kín,Cấp dưới phục tùng cấp trên .,Tập trung dân chủ,
Chương 4,Bản chất giai cấp công nhân của Đảng Cộng sản Việt Nam thể hiện ở:,"Nền tảng lý luận, mục tiêu, nguyên tắc tổ chức của Đảng",Mục tiêu của Đảng,Số lượng đảng viên trong Đảng,Trình độ đảng viên trong Đảng,
Chương 4,Chon câu trả lời đúng nhất theo tư tưởng Hồ Chí Minh:,Đảng Cộng sản Việt Nam là Đảng của giai cấp công nhân,Đảng Cộng sản Việt Nam là Đảng của nhân dân lao động,"Đảng Cộng sản Việt Nam là Đảng của giai cấp công nhân, nhân dân lao động và của dân tộc Việt Nam",Đảng Cộng sản Việt Nam là Đảng của giai cấp công nông,
Chương 4,Chọn câu trả lời sai theo tư tưởng Hồ Chí Minh về nguyên tắc xây dựng Đảng Cộng sản Việt Nam?,Tập trung dân chủ,Thiểu số phục tùng đa số,Tự phê bình và phê bình,Đoàn kết thống nhất trong Đảng,
Chương 4,"Theo Hồ Chí Minh, Đảng Cộng sản Việt Nam phải được xây dựng theo:",3 nguyên tắc,4 nguyên tắc,5 nguyên tắc .,6 nguyên tắc,
Chương 4,"Theo tư tưởng Hồ Chí Minh, Đảng Cộng sản Việt Nam vừa là người lãnh đạo, vừa là người đầy tớ trung thành của n hân dân, Đảng phải chăm lo mối quan hệ giữa Đảng với nhân dân là nhằ m: a - Xác định vị thế cầm quyền của Đảng b - Xác định năng lực cầm quyền của Đảng c - Xác định phương thức cầm quyền của Đảng d – Tất cả các phương án đều đúng",,,,,
Chương 4,Nguyên tắc xây dựng Đảng kiểu mới theo tư tưởng Hồ Chí Minh là:,Tập trung dân chủ; Tập thể lãnh đạo cá nhân phụ trách;,Tự phê bình và phê bình,Đoàn kết thống nhất trong Đảng,Tất cả các nguyên tắc đều đúng,
Chương 4,"Luận điểm: “Đảng muốn vững thì phải có chủ nghĩa làm cột, trong Đảng ai cũng phải hiểu, ai cũng phải theo chủ n ghĩa ấy. Đảng mà không có chủ nghĩa như người không có tr í khôn, tàu không có bản chỉ nam”, được trích từ tác phẩm nào của Hồ Chí Minh?",Tuyên ngôn độc lập,Điều lệ vắn tắt,Đường Cách mệnh,Thường thức Chính trị,
Chương 4,Đảng Cộng sản Việt Nam trở thành Đảng cầm quyền năm nào?,1930,1945 b,1951,1975,
Chương 4,Hồ Chí Minh đã xác định: “Đảng ta là một đảng cầm quyền” trong văn kiên nào?,Chánh cương vắn tắt của Đảng,Bác cáo Chính trị tại Đại hội đại biểu toàn quốc lần thứ II của Đảng,Đường Cách mệnh,Di chúc,
Chương 4,"""Chúng ta làm cách mệnh thì cũng phải liên lạc tất cả những đảng cách mệnh trong thế giới để chống lại tư bản và đế q uốc chủ nghĩa"". Câu nói đó được Nguyễn Ái Quốc viết trong tác phẩ m nào?",Bản án chế độ thực dân Pháp,Đường cách mệnh,V. I. Lênin và các dân tộc thuộc địa,Trung Quốc và Thanh niên Trung Quốc,
Chương 4,"""Trước hết phải có Đảng cách mệnh để trong thì vận động và tổ chức dân chúng, người thì liên l ạc với dân tộc bị áp bức và vô sản giai cấp mọi nơi."" Câu nói đó được Nguyễn Ái Q uốc viết trong tác phẩm nào?",Đường cách mệnh,Sửa đổi lối làm việc,Đây “công lý” của thực dân Pháp ở Đông Dương,V. I. Lênin và Phương Đông,
Chương 4,"Luận điểm: “Phải giữ gìn Đảng ta thật trong sạch, phải xứng đáng là người lãnh đạo, là người đầy tớ thật tr ung thành của nhân dân” được trích từ tác phẩm nào của Hồ Chí Minh?",Sửa đổi lối làm việc,Di chúc,Đường Cách mệnh,Thườ ng thức Chính trị,
Chương 4,"Quan điểm: “Đảng là đạo đức, là văn minh” được Hồ Chí Minh trình bày trong tác phẩm nào?",Bác cáo Chính trị tại Đại hội đại biểu toàn quốc lần thứ II của Đảng,Bài nói chuyện tại lễ kỷ niệm 30 năm thành lập Đảng,Sách lược vắn tắt,Đường Cách mệnh,
Chương 4,"Theo Hồ Chí Minh, trong quan hệ với quần chúng, Đảng phải:",Luôn nghe theo quần chúng,Thực hiện theo yêu cầu của quần chúng,Không được theo đuôi quần chúng,Luôn lắng nghe và thực hiện theo yêu cầu của quần chúng,
Chương 4,"Theo Hồ Chí Minh, nguy cơ lớn nhất của một đảng cầm quyền là:",Diến biến hòa bình,Chệch hướng,"Sai lầm về đường lối và sự suy thoái đạo đức của cán bộ, đảng viên.",Tụt hậu,
Chương 4,"Chọn cụm từ điền vào chỗ trống […...]: Trong Di chúc, Hồ Chí Minh đã xác định: “Đảng t a là một đảng cầm quyền. Mỗi đảng viên phải thực sự thấm n huần [……]”.",Mục tiêu của Đảng,Nền tảng tư tưởng của Đảng,Đường lối của Đảng,Đạo đức cách mạng,
Chương 4,"Theo tư tưởng Hồ Chí Minh, luận điểm Đảng Cộng sản Việt Nam là sản phẩm của sự kết hợp giữa chủ nghĩa M ácLênin với phong trào công nhân và phong trào yêu nước là: a - Xác định nhiệm vụ của Đảng b - Xác định bản chất c ủa Đảng c - Xác định nguồn gốc ra đời của Đảng d - Xác định năng lực của Đảng",,,,,
Chương 4,"Theo tư tưởng Hồ Chí Minh, luận điểm Đảng Cộng sản Việt Nam là nhân tố quyết định hàng đầu để đưa cách mạng Việt Nam đi đến thắng lợi là: a - Xác định vị thế cầm quyền của Đảng b - Xác định bản chất của Đảng c - Xác định vai trò lãnh đạo của Đảng d - Xác định nhiệm vụ của Đảng",,,,,
Chương 4,"Theo tư tưởng Hồ Chí Minh, luận điểm Đảng Cộng sản Việt Nam là Đảng của giai cấp công nhân, đồng thời l à Đảng của nhân dân lao động và của dân tộc Việt Nam nhằm: a - Xác định vị thế cầm quyền của Đảng b - Xác định bản chất của Đảng c - Xác định nguồn gốc ra đời của Đảng d - Xác định năng lực của Đảng",,,,,
Chương 4,"Theo tư tưởng Hồ Chí Minh, Đảng Cộng sản Việt Nam phải lấy chủ nghĩa Mác – Lênin ”làm cốt”, nghĩa là :",Đảng Cộng sản Việt Nam phải lấy chủ nghĩa Mác – Lêni n làm nền tảng tư tưởng,"Đảng Cộng sản Việt Nam phải lấy chủ nghĩa Mác – Lênin làm chủ trương, đườ ng lối",Đảng Cộng sản Việt Nam phải lấy chủ nghĩa Mác – Lênin làm học thuyết của Đảng,Đảng Cộng sản Việt Nam phải căn cứ hoàn toàn vào chủ nghĩa Mác – Lênin để lãnh đạo cách mạng,
Chương 4,"Nguyễn Ái Quốc đã trích dẫn luận điểm nổi tiếng của V. I. Lênin : ""không có lý luận cách mệnh thì k hông có các h mệnh vận động ... chỉ có theo lý luận cách mệnh tiền phong, Đảng cách mện h mới làm nổi trách nhiệm cách mệnh tiền phong"" câu nói đư ợc ghi ở trang đầu tiên của cuốn sách nào?",Bản án chế độ thực dân Pháp,Nhật ký trong tù Việt Nam,Đường cách mệnh,V. I. Lênin và các dân tộc thuộc địa,
Chương 4,"""Công nông là gốc cách mệnh, còn học trò, nhà buôn nhỏ, địa chủ nhỏ, ... là bầu bạn cách mệnh của công nông"". Nguyễn ái Quốc viết câu đó trong tác phẩm n ào?",Bản án chế độ thực dân Pháp,Nông dân Trung Quốc,V. I. Lênin và Phương Đông,Đường cách mệnh,
Chương 4,"“Tất cả các dân tộc trên thế giới đều sinh ra bình đẳng, dân tộc nào cũng có quyền sống, quyền sung sướng và quyề n tự do”. Hồ Chí Minh nói câu đó trong văn kiện nào?",Quân lệnh số 1 của Uỷ ban khởi nghĩa toàn quốc.,Lời kêu gọi Tổng khởi nghĩa của Hồ Chí Minh,Hiệu triệu Tổng khởi nghĩa của Tổng bộ Việt Minh.,Lời kêu gọi Toàn quốc kháng chiến của Hồ Chí Minh,
Chương 4,"Theo tư tưởng Hồ Chí Minh, mục đích, lý tưởng của Đảng cầm quyền là:",Xây dựng một nước Việt Nam giàu mạnh,"Vì lợi ích của Tổ quốc, của nhân dân",Xây dựng thành công chủ nghĩa xã hội,"Không tham ô, tham những",
Chương 4,Tại sao nói Đảng Cộng sản Việt Nam ra đời đánh dấu bước ngoặt quyết định của cách mạng Việt Nam?,"Vì đó là một tất yếu lịch sử, phản ánh đúng xu thế khách quan của lị ch sử cách mạng Việt Nam.","Vì nó đã chấm dứt thời kỳ khủng hoảng về đường lối cứu nước của cá ch mạng Việt Nam, đánh dấu sự chín muồi và tự giác của phong trào công nhân Việt Nam","Vì Đảng ra đời đã đưa giai cấp công nhân lên vũ đài chính trị nắm quyền lãnh đạo c ách mạng Việt Nam, đưa cách mạng nước ta đi từ thắng lợi này đến thắng lợi khác.","Cả a, b và c đều đúng",
Chương 4,Mâu thuẫn cơ bản và chủ yếu ở Việt Nam đầu thế kỷ XX là mâu thuẫn nào?,Mâu thuẫn giữa giai cấp nông dân với giai cấp địa chủ phong kiến.,Mâu thuẫn giữa giai cấp công nhân với giai cấp tư sản,Mâu thuẫn giữa giai cấp công nhân và nông dân với đế quốc phong kiến,Mâu thuẫn giữa dân tộc Việt Nam với đế quốc xâm lượ c và tay sai của chúng.,
Chương 4,Khi nào phong trào công nhân Việt Nam hoàn toàn trở thành một phong trào tự giác?,Năm 1920 (tổ chức công hội ở Sài Gòn được thành lập),Năm 1925 (Cuộc bãi công Ba Son ),Năm 1929 (sự ra đời của ba tổ chức Cộng sản ),Năm 1930 (Đảng cộng sản Việt Nam ra đời).,
Chương 4,"Chọn cụm từ đúng điền vào chỗ trống […...] Trong xây dựng Đảng, Hồ Chí Minh xác định: “Mục đích phê bình cốt để [……], giúp nhau tiến bộ”.",Sửa chữa sai lầm,Giúp nhau sữa chữa cải tạo,Chỉ ra sai lầm,Giúp nhau,
Chương 4,"Theo Hồ Chí Minh: “Đảng có vững, [……] mới thành c ông, cũng như người cầm lái có vững thì [……]”.",Cách mệnh; thuyền chạy;,Cách mạng; thuyền chạy,Cách mạng; thuyền mới chạy;,Cách mệnh; thuyề n mới chạy,
Chương 4,Đông Dương Cộng Sản Đảng và An Nam Cộng Sản Đảng đư ợc ra đời từ Tổ chức nào?,Tân việt cách mạng Đảng,Việt Nam cách mạng đồng chí hội,Hội Việt Nam cách mạng Thanh niên,"Cả a, b và c đều sai",
Chương 4,"Theo tư tưởng Hồ Chí Minh, Đảng Cộng sản Việt Nam là sản phẩm của sự kết hợp giữa chủ nghĩa Mác- L ênin, phong trào công nhân và:",Phong trào giải phóng dân tộc,Phong trào vì hoà bình,Phong trào yêu nước,Phong trào đoàn kết dân tộc,
Chương 4,Ai là Tổng Bí thư đầu tiên của Đảng Cộng sản Việt Nam?,Hồ Chí Minh,Trần Văn Cung,Trần Phú,Lê Hồng Phong,
Chương 4,Giai cấp nào không có hệ tư tưởng riêng?,Giai cấp tư sản,Giai cấp nông dân,Giai cấp vô sản,Giai cấp phong kiến,
Chương 4,Ai là người sáng lập và rèn luyện Đảng Cộng sản việt Nam?,Nguyễn Ái Quốc,Trường Chinh,Trần Phú,Nguyễn Văn Linh,
Chương 4,Mặt trận Việt Nam độc lập đồng minh (Mặt trận Việt Minh) được thành lập năm nào?,1940,1941,1942,1943,
Chương 4,"Liên minh giữa giai cấp công nhân, nông dân và tầng lớp trí thức là do:",Mong muốn của công nhân,"Do đòi hỏi khách quan của công nhân, nông dâ n và trí thức",Yêu cầu của trí thức,Yêu cầu của nông dân,
Chương 4,"Đảng cộng sản Việt Nam là đội tiên phong của […. …] Việt Nam, đại biểu trung thành lợi ích của giai cấp c ông nhân, nhân dân lao động và của cả dân tộc.",Giai cấp công nhân.,Giai cấp tư sản,Giai cấp nông dân,Giai cấp tiểu tư sản,
Chương 4,"Luận điểm sau đây là của ai? “Đảng là trí tuệ, lương tâm, danh dự của dân tộc và thời đại”",Các Mác,Ăng ghen,Lênin,Hồ Chí Minh,
Chương 4,"Theo Hồ Chí Minh: “Đảng CS Việt Nam ra đời là sản phẩm của sự kết hợp của chủ nghĩa Mác – Lê nin, với phong trào công nhân và […. …] ở nước ta vào những năm cuối thập kỷ của t hế kỷ XX”.",Phong trào nông dân,Phong trào yêu nước,Phong trào trí thức,Phong trào dâ n chủ,
Chương 4,"Theo Hồ Chí Minh, Đảng phải thường xuyên tự đổi mới, tự chỉnh đốn về mặt:",Chính trị.,Tư tưởng,Tổ chức,"Cả chí nh trị, tư tưởng và tổ chức",
Chương 4,"Theo Hồ Chí Minh, nhân tố quyết định h àng đầu để đưa cách mạng Việt Nam đến thắng lợi là:",Đại đoàn kết dân tộc,Đoàn kết quốc tế,,Sự lãnh đạo của Đảng,
Chương 4,"Theo tư tưởng Hồ Chí Minh, luận điểm Đảng Cộng sản Việt Nam là Đảng của giai cấp công nhân, đồng thời l à Đảng của nhân dân lao động và của dân tộc Việt Nam nhằm:",Xác định vị thế cầm quyền của Đảng,Xác định vai trò lãnh đạo của Đảng,Xác định bản chất giai cấp công nhân của Đảng,Xác định nhiệm vụ của Đảng,
Chương 4,"Theo Hồ Chí Minh, nền tảng tư tưởng của Đảng phải dựa trên:",Chủ nghĩa Mác – Lênin,Nguyên tắc tập trung dân chủ,Nguyên tắc tự phê bình và phê bình,Đại đoàn kết dân tộc,
Chương 4,Sự ra đời của Đảng cộng s ản Việt Nam là kết hợp giữa,Chủ nghĩa Mác – Lênin; phong trào dân chủ; phong trào công nhân,Chủ nghĩa Mác – Lênin; phong trào dân chủ; phong trào nông dân,Chủ nghĩa Mác – Lênin; phong trào yêu nướ c; phong trào công nhân,Chủ nghĩa Mác – Lênin; phong trào yêu nước; phong trào nông dân,
Chương 4,Bước phát triển sáng tạo của Hồ Chí Minh so với lý luận của Lênin về đảng kiểu mới của giai cấp vô sản thể hiện ở quan điểm:,"Xây dựng Đảng để cho Đảng xứng đáng là Đảng đạo đ ức, văn minh",Xây dựng nguyên tắc hoạt động riêng của Đảng cộng sản Việt Nam,Xây dựng bộ máy lãnh đạo Đảng mà nòng cốt là công nhân,Xây dựng Đảng vững mạnh,
Chương 4,"Theo Hồ Chí Minh, Đảng phải :",Phục vụ lợi ích của giai cấp công nhân,Phục vụ lợi ích của giai cấp nông dân,Phục vụ dân,Tất cả đều sai,
Chương 4,"Theo Hồ Chí Minh, phải coi trọ ng công tác cán bộ, vì:",Cán bộ mang chính sách của Đảng và chính phủ đến với nhân dân và ngược lại đem tình hình của nhân dân báo cáo cho Đả ng và cho chính phủ.,Cán bộ hoạch định chính sách cho nhân dân,Cán bộ xuất phát từ dân,Tất cả đều sai.,
Chương 4,Theo Hồ Chí Minh: trong công tác cán bộ c ần phải:,"Hiểu, đánh giá đúng cán bộ; chú trọng huấn luyện, đề bạt đúng cán bộ","Hiểu, đánh giá đúng cán bộ; chú trọng huấn luyện, đề bạt đúng, sắp xếp đúng cán bộ; chống bệnh cục bộ địa phương; kết hợp cán bộ trẻ với cán bộ cũ; p hòng chống tiêu cực trong cán bộ; phải thường xuyên kiểm tra, giúp đỡ cán b ộ.","Hiểu, đánh giá đúng cán bộ; sắp xếp đúng cán bộ; chống bệnh cục bộ địa phương; kết hợp cán bộ trẻ với cán bộ cũ; phòng chống tiêu cực trong cán bộ; phải thường xuyên kiểm tra, giúp đỡ cán bộ","Hiểu, đánh giá đúng cán bộ; chú trọng huấn luyện, đề bạt đúng, sắp xếp đúng cán bộ; chống bệnh cục bộ địa phương; kết hợp cán bộ trẻ với cán bộ cũ; phòng chống tiêu cực trong cán bộ.",
Chương 4,Chọn ý sai. Đâu không phải nội dung trong tư tưởng Hồ Chí Minh về Nhà nước Việt Nam:,Nhà nước Việt Nam là nhà nước của toàn dân,Nhà nước Việt Nam là nhà nước mang bản chất gia i cấp công nhân,Nhà nước Việt Nam mang bản chất giai cấp,"Nhà nước Việt Nam là nhà nước dân chủ nhân dân, dựa trên nền tảng liên minh công nông, do giai cấp công nhân lãnh đạo.",
Chương 4,Đảng Cộng sản Việt Nam cầm quyền bằng:,"Bằng đường lối quan điểm, chủ trương để nhà nước thể chế hóa thành pháp luật, chính sách, kế hoạch.","Bằng hoạt động của các tổ chức đảng và đảng viên của mình trong bộ máy, cơ quan nhà nước",Bằng công tác kiểm tra.,Tất cả đều đúng,
Chương 4,Bản chất giai cấp của nhà nước Việt Nam t hể hiện ở:,Tính dân chủ,Tính định hướng xã hội chủ ng hĩa trong sự phát triển,"Tính nhân dân, dân tộc, đại chúng",Tất cả đều đúng,
Chương 4,Bản chất giai cấp công nhân của nhà nước Việt Nam thể hiện ở nguyên tắc:,Nói đi đôi với làm,Xây đi đôi với chống,Tập trung dân chủ,Tất cả đều sai,
Chương 4,Nhà nước của nhân dân là :,"Nhà nước do dân, vì dân",Tất cả quyền lực đều thuộc về nhân dân,"Nhà nước do dân, vì dân, phụ thuộc vào dân",Tất cả đều sai,
Chương 4,"Theo Hồ Chí Minh, nhân dân thực thi quyền lực nhà nước thông qua hình thức:",Bầu cử,phản biện xã hội,dân chủ trực tiếp và dân chủ gi án tiếp,Dân chủ đại diện,
Chương 4,Chọn ý đúng,Luật pháp dân chủ là công c ụ quyền lực của nhân dân,Luật pháp dân chủ là công cụ quyền lực của công nhân,Luật pháp dân chủ là công cụ quyền lực của công nông,Luật pháp dân chủ là công cụ quyền lực của công – nông – trí,
Chương 4,"Theo Hồ Chí Minh, Nhà nư ớc do nhân dân là:",Là nhà nước do nhân dân lập nên sau thắng lợi của cách mạng dưới sự l ãnh đạo của Đảng Cộng sản Việt Nam.,Dân làm chủ,Cả A và B sai,Cả A và B đúng,
Chương 4,Tư tưởng Hồ Chí Minh về Hiếp pháp và pháp luật được thể hiện lần đầu trong:,Bản án chế độ thực dân Pháp,Tác phẩm “con rồng tre”,Yêu sách của nhân dân A n Nam,Tác phẩm “Nhật ký trong tù”,
Chương 4,"Trong tư tưởng Hồ Chí Minh, nhà nước quản lý xã hội chủ yếu bằng:",Cưỡng chế thi hành,Hiến pháp và pháp luật,Khuyên răn và giáo dục,Cưỡng chế và pháp luật,
Chương 4,"Theo Hồ Chí Minh, “Pháp quyề n nhân nghĩa” là:","Nhà nước phải tôn trọng, bảo đảm thực hiện đầy đủ các quyền con người, chăm lo đến lợi ích của mọi người.","Nhà nước phải tôn trọng, bảo đảm thực hiện đầy đủ các quyền cùa nhân dân, chăm lo đến lợi ích của nhân dân.","Nhà nước phải tôn trọng nhân dân, bảo đảm thực hiện đầy đủ các quyền con người, chăm lo đến lợi ích của mọi người","Nhà nước phải tôn trọng, bảo đảm thực hiện đầy đủ các quyền dân chủ, chăm lo đến lợi ích của mọi người",
Chương 4,"Theo Hồ Chí Minh “giặc nội xâm”, “giặc ở trong lòng” l à:","Tư túng, chia rẽ, kiêu ngạo","Lãng phí, tham ô, nhũng nhiễu","Tham ô, lãng phí, quan liêu",Tất cả đều đúng.,
Chương 4,Chọn ý đúng theo tư tưởng Hồ C hí Minh về Nhà nước,Nhà nước tự xác lập quyền lực nhà nước,Quyền lực nhà nước là “thừa ủy quyền” của giai cấp công nhân,Quyền lực nhà nước là “thừa ủy quyền” của n hân dân,Quyền lực nhà nước là “thừa ủy quyền” của công nông,
Chương 4,Chọn phát biểu sai:,Đảng cộng sản Việt Nam “không phải trên trời sa xuống”,Đảng cộng sản Việt Nam “không phải là một tổ chức để làm quan phát tài ”,"Đảng cộng sản Việt Nam “là đảng cách mạng, một đảng vì dân vì nước”",Đảng cộng sản Việt Nam “là đảng của gi ai cấp công nhân”,
Chương 5,"Hồ Chí Minh lưu ý, phải xây dựng đội n gũ cán bộ Đảng viên:","Vừa có đức, vừa có tài, trong sạch, vững mạnh","Trong sạch, vững mạnh","Vừa có đức, vừa có tài","Vừa có đức, vừa trong sạch, vững mạnh",
Chương 5,Tư tưởng đại đoàn kết dân tộc của Hồ C hí Minh được hình thành trên dựa trên cơ sở nào,"Từ truyền thống đoàn kết nhân ái, tinh thần gắn kết cộng đồng dân tộc Việt Nam",Từ quan điểm của chủ nghĩa Mác –Lênin về vai trò của quần chúng nhân dân,Từ thực tiễn thành công và thất bại của phong trào cách mạng Việt Nam và thế giớ i,Tất cả các phương án đều đúng,
Chương 5,Tư tưởng Hồ Chí Minh về đại đoàn kết dâ n tộc có mấy luận điểm:,Tổ chức của giai cấp nông dân,Tổ chức của giai cấp công nhân,Tổ chức của công nhân và nông dân,Tổ chức của các tầng lớp nhân dân,
Chương 5,"Trong tư tưởng Hồ Chí Minh, đại đoàn kế t dân tộc là:",Là nhiệm vụ hàng đầu của cách mạng,Là nhiệm vụ quan trọng nhất của cách mạng,"Là mục tiêu, nhiệm vụ hàng đầu của cách mạng, của dân tộc",Là mục tiêu của cách mạng,
Chương 5,"Trong tư tưởng Hồ Chí Minh, nền tảng của khối đại đoà n kết dân tộc là:",Liên minh công – nông,Liên minh công – nông – lao động trí óc,Liên minh công – nông và các lực lượng khác,Liên minh công – nông và các tầng lớp khác,
Chương 5,"Sức mạnh dân tộc trong tư tưởng Hồ Chí Minh, bao gồ m:",Chủ nghĩa yêu nước,Văn hóa truyền thống Việt Nam,"Tinh thần đoàn kết, ý thức đấu tranh cho độc lập dân tộc",Tất cả các phương án đếu đúng,
Chương 5,"Sức mạnh đoàn kết quốc tế trong tư tư ởng Hồ Chí Minh, bao gồm:",Sức mạnh liên minh chiến đấu giữa lao động ở các nước thuộc địa và lao động thuộc địa với vô sản chính quốc,"Sức mạnh của giai cấp vô sản, cacha mạng vô sản và Đảng Cộng sản",Sứa mạnh của ba dòng thác cách mạng và tiến bộ khoa học công nghệ,Tất cả các phương án đếu đúng,
Chương 5,"Theo Hồ Chí Minh, Mặt trận Dân tộc thống nhấ t phải dựa trên cơ sở:","Đảm bảo lợi lích tối cao của dân tộc, quyền lợi cơ bản của các tầ ng lớp nhân dân",Đảm bảo quyền lợi cơ bản của công – nông,Đảm bảo lợi ích của nhân dân lao động,Đảm bảo lợi ích tối cao của giai cấp công nhân,
Chương 5,Tìm yếu tố không nằm trong Mặt trận Dân tộc thống nhất?,Đảng Cộng sản,Nhà nước xã hội chủ nghĩa,Các tổ chức chính trị - xã hội,Tòa án nhân dân,
Chương 5,"Theo Hồ Chí Minh, đoàn kết quốc tế có vai trò như thế nào đối với thắng lợi của cách mạng:",Là vấn đề có ý nghĩa chiến lược quyết định sự thắng lợi,Quyết đinh,Vừa quan trọng vừa quyết định,Quan trọng,
Chương 5,"Trong tư tưởng Hồ Chí Minh, đại đoàn kết dân tộc là:",Đoàn kết công – nông – lao động trí óc,Đoàn kết công – nông và các tầng lớp khác trong xã hội,Đoàn kết công – nông,Đoàn kết toàn dân,
Chương 5,"Theo tư tưởng Hồ Chí Minh, trong Mặt trận Dân tộc thống nhất, Đảng Cộng sản là:","Vừa là thành viên, vừa là lực lượng lãnh đạo Mặt trận Dân tộc thống nhất.",Lực lượng lãnh đạo Mặt trận Dân tộc thống nhất,Thành viên của Mặt trận Dân tộc thống nhất,Đại biểu của giai cấp công nhân trong Mặt trận Dân tộc thống nhất.,
Chương 5,Chọn cụm từ điền vào chỗ trống [……] đúng với tư tưởng Hồ Chí Minh: “Chính sách ngoại giao của Chí nh phủ thì chỉ có một điều tức là thân thiện với [……] trên thế giới để giữ gìn hòa bì nh”,Các nước xã hội chủ nghĩa,Các nước lớn,Tất cả các nước dân chủ,Mọi nước,
Chương 5,Tên khối đoàn kết dân tộc do Hội nghị Trung ương Đảng lần thứ 6 (11/1939) xác định là mặt trận nào?,Mặt trận dân tộc giải phóng,Mặt trận dân chủ Đông Dương,Mặt trận dân tộc thống nhất phản đế Đông Dương,Mặt trận Việt Minh,
Chương 5,Chọn cụm từ điền vào chỗ trống [……] theo tư tưởng Hồ Chí Minh: “Cần phải giữ gìn sự đoàn kết nhất trí của Đảng như giũ gìn [……]”,Tài sản của mình,Nhân cách của mình,Tính mạng của mình,Con ngươi của mắt mình,
Chương 5,"Theo tư tưởng Hồ Chí Minh, một trong những nhân tố đóng vai trò quyết định thắng lợi của cách mạng là :",Đoàn kết quốc tế,Sự giúp đỡ của các nước xã hội chủ nghĩa,Đoàn kết dân tộc,Đoàn kết dân tộc kết hợp với đoàn kết quốc tế,
Chương 5,"Theo tư tưởng Hồ Chí Minh, một trong những nguyên tắc đoàn kết quốc tế là:",Không dùng vũ lực và đe doạ dùng vũ lực,Các bên cùng có lợi,"Đoàn kết trên cơ sở thống nhất mục tiêu và lợi ích, có l ý, có tình.","Có đi, có lại",
Chương 5,"Theo tư tưởng Hồ Chí Minh, yếu tố nào được xác định là mục tiêu, nhiệm vụ hàng đầu của Đảng, của dân t ộc?",Đoàn kết dân tộc kết hợp với đoàn kết quốc tế,Đoàn kết quốc tế,Giải phóng dân tộc,Đại đoàn kết dân tộc,
Chương 5,Chọn câu trả lời đúng với tư tưởng Hồ Chí Minh?,Đại đoàn kết dân tộc là vấn đề sách lược,Đại đoàn kết dân tộc là thủ đoạn chính trị,Đại đoàn kết dân tộc là vấn đề chiến lược,Đại đoàn kết dân tộc là vấn đề cấp bách,
Chương 5,Chủ trương trong quan hệ quốc tế của Việt Nam hiện nay là:,Việt Nam sẵn sàng là bạn của các nước trong cộng đồng quốc tế.,"Việt Nam muốn là bạn, là đối tác của các nước trong cộng đồng quốc tế.","Việt Nam sẵn sàng là bạn, là đối tác tin cậy của các nước trong cộng đ ồng quốc tế.",Việt Nam sẵn sàng là bạn tin cậy của các nước trong cộng đồng quốc tế .,
Chương 5,Mặt trận Việt Nam độc lập đồng minh (Việt Minh) được thành lập vào thời gian nào?,19/5/1940,19/5/1941,19/5/ 1942,19/5 /1945,
Chương 5,Mặt trận Liên -Việt được thành lập vào thời gian nào?,1941,1945,1951,1960,
Chương 5,Mặt trận Tổ Quốc Việt Nam được thành lập vào thời gian nào?,1941,1945,1951,1955,
Chương 5,Chọn cụm từ điền vào chỗ trống [……] để hoàn chỉn h câu thơ của Hồ Chí Minh: “Rằng đây bốn bể một nhà [……… ] đều là anh em”,Lao động thế giới,Bốn phương vô sản,Đông tây nam bắc,Vàng đen trắng đỏ,
Chương 5,"Trong kháng chiến Chống Mỹ, Hồ Chí Minh đã thành công trong việc xây dựng loại mặt trận nào?",Mặt trận đại đoàn kết dân tộc,Mặt trận đoàn kết ba nước Đông Dương,Mặt trận nhân dân tiến bộ thế giới đoàn kết với Việt Nam,"Cả a, b và c đều đúng",
Chương 5,Động lực chủ đạo của sự phát triển nước ta hiện nay là gì?,Đại đoàn kết dân tộc,Sự ủng hộ quốc tế,Khoa học công nghệ,Vốn đầu tư nước ngoài,
Chương 5,"Trong tư tưởng Hồ Chí Minh, lực lượng chủ yếu của khối đại đoàn kết dân tộc là:",Công nhân,"Học trò, nhà buôn",Công nhân – nông dân,"Công nhân, nông dan, lao động trí óc",
Chương 5,Luận điểm: “Cách mệnh An Nam cũng là một bộ phận trong cách mệng thế giới. Ai làm cách mệnh trong t hế giới đều là đồng chí của dân An Nam cả” được trích từ tác phẩm nào của Hồ Chí Minh?,Đông Dương (1923-1924),Bản án chế dộ thực dân Pháp,Đường Cách mệnh,Tuyên ngôn Độc lập,
Chương 5,"Chọn phương án đúng nhất đối với tư tưởng Hồ Chí Minh: Để tranh thủ sự giúp đỡ của các nước xã hội chủ ngh ĩa trong đấu tranh cách mạng, cần coi trọng nhân tố:",Có sự lãnh đạo đúng đắn của Đảng,"Tự lực cánh sinh, dựa vào sức mình là chính","Có đường lối độc lập, tự chủ",Dựa vào nguồn lực ngoại sinh là chính,
Chương 5,Mối quan hệ giữa nội lực và ngoại lực trong phát triển kinh tế là :,Nội lực là chính.,Ngoại lực trong thời kì đầu là chính để phá vỡ “cái vòng luẩn quẩn” .,"Nội lực là chính, ngoại lực là rất quan trọng.",Nội lực và ngoại lực quan trọng như nhau.,
Chương 5,"Chọn cụm từ đúng điền vào chỗ trống: “Việt Nam muốn làm bạn với (1) ……...., không gây thù oán với một ai ”",Các nước xã hội chủ nghĩa,Các dân tộc thuộc địa bị áp bức,Mọi nước dân chủ,Cá c nước phát triển cao,
Chương 5,Chọn phương án trả lời đúng theo tư tưởng Hồ Chí Minh về nguyên tắc ngoại giao:,Phải cứng rắn về nguyên tắc,Phải mềm dẻo về sách lược,"Vừa cứng rắn về nguyên tắc, vừa mềm dẻo về sách lược","“Dĩ bất biến, ứng vạn biến”",
Chương 5,Thông cáo về chính sách ngoại giao của nước Cộng hòa Dân chủ Việt Nam ngày 03/10/1945 xác định mục tiêu đối ngoại c ủa Việt Nam là góp phần “đưa nước nhà đến sự [……] và vĩnh viễn”.,Tự do hoàn toàn,Độc lập hoàn toàn,Hạnh phúc vô tận,Độc lập vô tận,
Chương 5,"Luận điểm “Đoàn kết, đoàn kết, đại đoàn kết; Thành công, thành công, đại thành công” của Hồ Chí Minh đư ợc trích từ tác phẩm:",Bài nói chuyện tại trong buổi bế mặc Đại hội thành lập Mặt trận Tổ Quốc Việt Nam,Bài nói chuyện tại Hội nghị mở rộng Ủy ban Mặt trận Tổ quốc Việt Nam,Bài nói chuyện tại Đại hội đại biểu Mặt trận Tổ Quốc Việt Nam lần thứ II,Tuyên ngôn độc lập,
Chương 5,Luận điểm ”Lao động tất cả các nước đoàn kết lại” là của ai?,Các Mác,Ăng ghen,Lênin,Hồ Chí Minh,
Chương 5,"Khẩu hiệu ”Giai cấp vô sản tất cả các nước và các dân tộc bị áp bức, đoàn kết lại” là của ai?",Các Mác,Ăng ghen,Lênin,Hồ Chí Minh,
Chương 5,"Trong các luận điểm sau, luận điểm nào là của Hồ Chí Minh:","Vô sản tất cả các nước, đoàn kết lại",Vô sản tất cả các nước và các dân tộc bị áp bức đoàn kết lại,Vô sản tất cả các nước liên hiệp lại,"Lao động tất cả các nước, đoàn kết lại",
Chương 5,"Theo Hồ Chí Minh, khối đại đ oàn kết toàn dân tộc phải dựa trên lập trường của:","Giai cấp công nhân, nông dân và tầng lớp trí thức",Dân tộc,Giai cấp công nhân,Giai cấp công nhân và Dân tộc,
Chương 5,"Theo Hồ Chí Minh, kế thừa truyền thống yêu nước, nhân nghĩa, đoàn kết của dân tộc là:",Nguyên nhân của khối đại đoàn kết toàn dân tộc,Điều kiện của khối đại đoàn kết toàn dân tộc.,Hạt nhân của khối đại đoàn kết toàn dân tộc,Yêu cầu của khối đại đoàn kết toàn dân tộc,
Chương 5,"Theo Hồ Chí Minh, khối đại đoàn kết toàn dân tộc chỉ có sức mạnh khi:",Được lãnh đạo,Được tập hợp thành một khối,Được trang bị vũ khí,Được trang bị lý luận.,
Chương 5,"Theo Hồ Chí Minh, Mặt trận dân tộc thống nhất phải được xây dựng và hoạt động dựa trên:",3 nguyên tắc,4 nguyên tắc,5 nguyên tắc,6 nguyên tắc,
Chương 5,"Theo Hồ Chí Minh, đoàn kế t quốc tế nhằm:",Kết hợp sức mạnh dân tộc với sức mạnh thời đại,"Kết hợp sức mạnh dân tộc với sức mạnh thời đại, tạo sức mạnh tổng hợp cho cách mạng.",Tạo sức mạnh tổng hợp cho cách mạng.,"Tận dụng sự giúp đỡ, hỗ trợ của nhân dân tiến bộ các nước.",
Chương 5,"Theo tư tưởng Hồ Chí Minh, lực lượng của đoàn kết quốc tế bao gồm:",Phong trào cộng sản và công nhân Quốc tế,Phong trào đấu tranh giải phóng dân tộc,"Các lực lượng tiến bộ, những người yêu chuộng hòa bình, dân chủ, tự do và công lý.",Tất cả đều đúng,
Chương 5,"Theo Hồ Chí Minh, trong đoà n kết quốc tế:","Nội lực là quyết định, ngoại lực là cơ bản","Nội lực là quyết định, ngoại lực phát huy t hông qua nội lực","Nội lực là cơ bản, ngoại lực là quyết định",Nội lực và ngoại lực có tầm quan trọng như nhau.,
Chương 5,"Quan điểm “Đại đoàn kết dân tộc là đường lối chiến lược của cách mạng Việt Nam, là động lực và nguồn lực to lớn trong xây dựng và bảo vệ Tổ quốc” được Đảng xác định tại:",Đại hội Đảng lần thứ X,Đại hội Đảng lần thứ XI,Đại hội Đảng lần thứ XII,Đại hội Đảng lần thứ IX,
Chương 5,"Theo Hồ Chí Minh, hạt nhân của s ự đoàn kết là:",Sự đoàn kết và thống nhất trong Đảng,Sự đồng thuận trong nhân dân,Sự hài hòa về lợi ích của nhân dân,Sự tin tưởng của nhân dân.,
Chương 6,Chủ thể của khối đại đoàn kế t toàn dân tộc là:,Toàn thể nhân dân Việt Nam yêu nước,Toàn thể giai cấp công nhân Việt Nam,Toàn thể Đảng viên Đảng Cộng sản Việt Nam,"Toàn thể giai cấp công nhân, nông dân và tầng lớp trí thức.",
Chương 6,"So với các nền dân chủ trước đây, dân ch ủ XHCN có điểm gì khác biệt cơ bản:",Không còn mang tính giai cấp,Là nền dân chủ phi lịch sử,Là nền dân chủ rỗng rãi cho giai cấp công nhân và nhân dân lao động.,Là nền dân chủ thuần tuý,
Chương 6,Cơ chế vận hành của hệ thống chính t rị nước ta là:,"Đảng và nhà nước lãnh đạo, quản lý, nhân dân làm chủ","Đảng lãnh đạo, nhà nước quản lý, nhân dân làm chủ","Nhà nước lãnh đạo, Đảng quản lý, nhân dân làm chủ","Nhà nước làm chủ, Đảng lãnh đạo, nhân dân quản lý",
Chương 6,Quốc hội đầu tiên của nước Việt Nam dân chủ c ộng hoà được nào?,4/1/1946,1/6/1946,6/1/1946,7/1/1946,
Chương 6,"Cho đến nay, nước ta đã từng có mấy bản Hiến phá p?",Một,Hai,Ba,Bốn,
Chương 6,Hiến pháp 1980 được thông qua tại Quốc hội nư ớc Cộng hoà xã hội chủ nghĩa Việt Nam khoá mấy?,Quốc hội khoá V,Quốc hội khoá VI khoá VIII,Quốc hội khoá VII,Quốc hội,
Chương 6,Bầu cử các đại biểu Quốc hội và Hội đồng Nhân dân các cấp của dân vào các cơ quan quyền lực nhà nước th uộc loại hình dân chủ nào?,18 tuổi,19 tuổi,20 tuổi,21 tuổi,
Chương 6,"Trong hệ thống chính trị, Hồ Chí Minh coi trọng vai trò của:",Bộ Chính trị,Ban Chấp hành Trung Ương,Ban Bí thư,Chi bộ,
Chương 6,"Ở nước ta hiện nay, công dân từ bao nhiêu tu ổi trở lên thì có quyền ứng cử vào đại biểu Quốc hội?",18 tuổi,19 tuổi,20 tuổi,21 tuổi,
Chương 6,"Xây dựng nhà nước pháp quyền XHCN của dân, do dân, vì dân ở nước ta hiện nay cần phải làm gì?",Tăng cường sự lãnh đạo của Đảng,Dân chủ hoá tổ chức và hoạt động của bộ máy Nhà nước.,"Xây dựng hệ thống luật pháp hoàn chỉnh và phân lập rõ các quyền lập p háp, hành pháp và tư pháp.",Đưa luật pháp vào cuộc sống.,
Chương 6,"Dưới đây là một số luận điểm của Hồ Chí Minh về một nhà nước của dân, do dân, vì dân. Hỏi luận điể m nào trực tiếp thể hiện t ư tưởng nhà nước vì dân?",Nhà nước,Dân,Đảng,Đảng và Nhà nước,
Chương 6,"Theo tư tưởng Hồ Chí Minh, nhà nước ta mang bản chất của:",Nhà nước do Đảng của giai cấp công nhân lãnh đạo,Nhà nước hoạt động theo nguyên tắc tập trung dân chủ,Giai cấp công nhân là lực lượng cơ bản của nhà nước,Nhà nước định hướng đưa đất nước đi lên chủ nghĩa xã hội,
Chương 6,"Luận điểm nào sau đây là sai? Theo tư tưởng Hồ Chí Minh, Đảng lãnh đạo Nhà nước bằng:",Chăm lo mọi mặt đời sống của nhân dân,Mọi quyền lực trong nhà nước và trong xã hội đều thuộc về nhân dân,Mọi công việc của nhà nước do dân quyết định,Đại biểu của nhà nước do dân bầu ra,
Chương 6,"Luận điểm nào sau đây là sai? Theo Hồ Chí Minh, trong xây dựng đường lối chính trị Đảng cần phải :","Thật sự là đội tiên phong dũng cảm, là bộ tham mưu sáng suốt của giai cấp công nhân, nhân dân lao động và của cả dân tộc",Dựa trên cơ sở lý luận của chủ nghĩa Mác – Lênin,Vận dụng kinh nghiệm của các Đảng cộng sản và anh em vào điều kiện cụ thể của nước ta trong thời kỳ quá độ,Tập hợp các nhà nghiên cứu lý luận giỏi,
Chương 6,"Theo tư tưởng Hồ Chí Minh, nhà nước vì dân là nhà nước:",Tất cả đều vì lợi ích của nhân dân,Do nhân dân làm chủ,Phục vụ nhân dân,Chăm lo mọi mặt đời sống nhân dân,
Chương 6,"Luận điểm nào sau đây là sai? Theo tư tưởng Hồ Chí Minh, nhà nước vì dân là nhà nước:",Tất cả đều vì lợi ích của nhân dân,Do nhân dân làm chủ,Phục vụ nhân dân,Chăm lo mọi mặt đời sống nhân dân,
Chương 6,"Chọn cụm từ điền vào chỗ trống [……] theo tư tưởng Hồ Chí Minh: “Chế độ ta là chế độ dân chủ, nghĩa là [……] làm chủ”",Công nhân,Nông dân,Nhân dân,Công - nông,
Chương 6,"Chọn cụm từ đi ền vào c hỗ trống […..] theo tư tưởng Hồ Chí Min h : “ nước ta là nước [….] , ng hĩa là do nhân dân [….]” a.cộng hòa , quản lý b.vì dân, kiểm soát c.dân chủ , làm chủ d.dân chủ kiểm soát",,,,,
Chương 6,"Chọn cụm từ điền vào chỗ trống […..] theo tư tư ởng Hồ Chí Minh: “ tất cả các cơ quan nhà nước đều phải dựa vào [….. ], liên hệ chặt chẽ với [….] lắng nghe chú ý chịu sự kiểm soát của [……. ]”. a.Công nhân b.Quốc hội d.Chính phủ c.Nhân dân",,,,,
Chương 6,"Chọn cụm từ điền vào chỗ trống […..] theo tư tư ởng Hồ Chí Minh: “ nước nhà thịnh hay suy , yếu hay mạ nh một phần lớn do các […..] “. a.thanh niên b.Cấn bộ nhà nước c.Thiếu nhi , nhi đồng d.tri thức 29 Theo Hồ Chí Minh , chế độ chính trị mà ch úng ta xây dựng là chế độ:",Nhà nước phải chịu sự lãnh đạo của Đảng,Nhà nước phải chịu sự giám sát của nhân dân,Nhà nước phải quản lý đất nước bằng Hiế n pháp và pháp luật,Đẩy mạnh quan hệ quốc tế,
Chương 6,Chọn phương án đúng theo tư tư ởng Hồ Chí Minh: a.Pháp luật đúng là pháp luật thể hiện và bảo vệ đ ược lợi ích của dân.,,Pháp luật đúng là pháp luật thể hiện và bảo vệ giai cấp cầm quyền.,Pháp luật đúng là pháp luật duy trì sự cầm quyền của Đảng,Phấp luật đúng là công cụ thống trị của thế lực cầm quyền .,
Chương 6,Nhà nước do dân theo tư tưởng Hồ Chí Mi nh là :,Đại biểu của nhà nước do dân lựa chọn. Nhà nước phải liên hệ chặt chẽ vớ i dân .,"Dân ủng hộ, giúp đỡ , đóng thuế để nhà nước chi tiêu hoạt động","Dân có quyền kiểm soát , giám sát , bãi miễ n nếu đại biểu không làm tròn sự ủy thác của dân","Cả a,b,c đều đúng",
Chương 6,Nhà nước vì dân theo tư tưởng Hồ Chí Min h là:,Phục vụ vì lợi ích và nguyện vọng chính đáng của n hân dân,"Dân làm chủ , chính phủ là đầy tớ . Mọi chủ trương, chính sách, pháp luật đều xuất phát từ lợi ích của dân","Nhà nước trong sạch không có bất cứ một đặc quyền , đặc lợi nào","Cả a,b,c đều đúng",
Chương 6,Điền vào chỗ trống [……] đúng theo tư tư ởng Hồ Chí Minh: Nhà nước Việt Nam […..]: a.Mang bản chất giai cấp công nhân,Bệnh thành tích,"Tư túng , chia sẽ , kiêu ngạo","Đặc quyền , đặc lợi","Tham ô , lãng phí , quan liêu",
Chương 6,Một nhà nước pháp quyền có pháp l ý mạnh mẽ theo Hồ Chí Minh phải là :,Tiếp tục phát triển kinh tế,Ra sức phát triển văn hóa,Công việc đối với con người,Phát triển khoa học kỹ thuật,
Chương 6,Câu nói nào sau đây là của Hồ Chí Minh ?,Đường lối lãnh đạo,Cán bộ tốt hay kém,Cán bộ lãnh đạo,Phương pháp lãnh đạo,
Chương 6,"Theo tư tưởng Hồ Chí Minh , trong mỗi con người b ao giờ cũng có :",8-1941 b.8-1942 d.8-1945,Đào tạo nhân lực,8-1943,"Mở rộng hiểu biết nâng cao dân trí 71 Lần đầu tiên, Hồ Chí Minh đưa ra định nghĩa văn h óa vào thời gian nào ?",
Chương 6,Quan điểm xây dựng một nền văn hóa có nội dung xã h ội chủ nghĩa còn có tính dân tộc được Hồ Chí Minh nê u ra vào thời gian nào ?,1951,1954,,1965 c.1960,
Chương 6,"Luận điểm nào sau đây là SAI ? Theo tư tưởng Hồ C hí minh , chức năng cơ bản của Văn hóa là:",Bồi dưỡng tư tưởng và tĩnh cảm cao đẹp,"Bồi dưỡng những phẩm chất, phong cách và lối sống tốt đẹp , lành mạnh hướ ng con người đến chân , thiện , mỹ để hoàn thiện bản thân.",Giải trí cho con người,"Mở rộng hiểu biết , nâng cao dân trí",
Chương 6,"Bác Hồ viết : Nay chúng ta đã giành được q uyền độc lập,một trong những công việc phải thực hiện cấp tốc lúc này , là nâng cao dâ n trí [……] Phụ nữ lại càng cần phải học, đã lâu chị e m bị kìm hãm, đây là lúc chị em phải có gắng để kịp nam giới “Đoạn vă n trên trích từ văn bản nào của Hồ Chí Minh ?",Chống nạn thất học,Sắc lệnh thành lập Nha bình dân học vụ,Đời sống mới,Sắc lệnh thiết lập Hội đồng cố vấn học chính,
Chương 6,"Trong phiên họp đầu tiên của chính p hủ nước Việt Nam dân chủ cộng hòa , dưới sự của chủ tịch Hồ Chí Minh, Người đã n ói :” nạn dốt là một trong những phương pháp độc ác mà bọn thực dâ n dùng để cai trị chúng ta. Hơn chin mươi phần trăm đồng bào chúng t a mù chữ.. Một dân tộc dốt là một dân tộc yếu. Vì vậy, tôi đề nghị một chiến dịch để chống nạn mù chữ “ Phiên họp đó diễn ra vào lúc nào ?","Dân tộc, dân chủ","Dân tộc , giải phóng","Dân tộc , giải cấp","Dân chủ , công bằng",
Chương 6,Phong trào mà Hồ Chí Minh chủ trương để xóa nạ n mù chữ sau năm 1945 gọi là gì ?,Bình dân học vụ,Xây dựng nếp sống mới,Xóa bỏ văn hóa thực dân nô dịch phản động,Bài trừ các tệ nạn xã hội,
Chương 6,"Đặc điểm “ Nền văn hóa tiên tiến, đậm đà b ản sắc dân tộc “ được nêu đầu tiên tại Đại hội nào của Đảng ?",Đại hội V (1982 ),Đại hội VI ( 1986),Đại hội VII (1991),Đại hội X ( 2006),
Chương 6,"Từ sau cách mạng tháng Tám năm 1945, văn hóa được Hồ Chí Min h xác định là :",Đời sống vật chất và tinh thần của xã hội,"Đời sống tinh thần của xã hội , thuộc về kiên trúc thượ ng tầng",Thuộc về cơ sở hạ tầng,Đời sống vật chất của xã hội,
Chương 6,"Theo tư tưởng Hồ Chí minh, một trong những c hức năng cơ bản của Văn hóa là :",Định hướng cho sự phát triển,Bồi dưỡng nhân tài,"Mở rộng hiểu biết, nâng cao dân trí",Nâng cao dân lực,
Chương 6,Đặc trưng cốt lõi của tư tưởng đạo đức Hồ Chí M inh là gì ?,Lòng thương người,Sự quan tâm đến con người,Chủ nghĩa nhân đạo chiến đấu,"Cả a,b,c đều sai",
Chương 6,"Theo Hồ Chí Minh , đạo đức là :",Gốc của người cách mạng,Phẩm chất của người cách mạng,Yêu cầu của người cách mạng,Tính cách của người cách mạng,
Chương 6,Hồ Chí Minh ví tuổi trẻ như mùa nào trong nă m?,Mùa xuân,Mùa thu,Mùa hạ,Mùa đông CON NGƯỜI,
Chương 6,"Vào năm 1987, được tổ chức UNESCO ghi nhận Hồ C hí Minh là","Anh hùng giải phóng dân tộc, danh nhân văn hóa thế giới","Anh hùng giải phóng dân tộc, danh nhân văn hóa Việt Nam","Anh hùng giải phóng dân tộc, nhà văn hóa kiệt xuất Việt Nam","Anh hùng giải phóng nhân loại, danh nhân văn hóa kiệt xuất thế giới",
Chương 6,Hồ Chí Minh có:,3 cách tiếp cận về văn hóa,4 cách tiếp cận về văn hóa,5 cách tiếp cận về văn hóa,6 cách tiếp cận về văn hóa,
Chương 6,"Trong mối quan hệ với kinh t ế, Hồ Chí Minh cho rằng:",Văn hóa là cơ sở hạ tầng của kinh tế,Văn hóa thuộc kiến trúc thượng tầng,Văn hóa và kinh tế tách biệt nhau,Văn hóa và kinh tế có mối quan hệ phát sinh.,
Chương 6,Chọn câu đúng theo tư tưởng Hồ C hí Minh:,Xã hội thế nào văn hóa thế ấy,Đời sống Xã hội phụ thuộc văn hóa,Văn hóa sinh ra đời sống xã hội,Tất cả đều sai,
Chương 6,"Theo Hồ Chí Minh, lòng yêu nước, thương nòi, tinh thần độc lập, tự cường, tự tôn dân tộc là:",Nội dung của bản sắc văn hóa dân tộc,Hình thức của bản sắc văn hóa dân tộc,Bản chất của bản sắc văn hóa dân tộc,Động lực của bản sắc văn hóa dân tộc,
Chương 6,"Theo tư tưởng Hồ Chí Minh, tiế p biến văn hóa là:",Bản chất của văn hóa,Quy luật của văn hóa,Động lực của văn hóa,Điều kiện của văn hóa,
Chương 6,"Theo Hồ Chí Minh, mục đích của tiế p thu văn hóa nhân loại là để:",Bổ sung và phát triển cho văn hóa Việt Nam.,"Làm giàu cho văn hóa Việt Nam, xây dựng văn hóa Việt Nam với tinh thầ n dân chủ.",Xây dựng tinh thần dân chủ cho văn hóa Việt Nam.,"Phát triển, xây dựng văn hóa Việt Nam với tinh thần dân chủ.",
Chương 6,Chọn phát biểu đúng của H ồ Chí Minh:,"Đạo đức là gốc, nền tảng, sức mạnh, tiêu chuẩn hàng đầ u","Đạo đức là gốc, cơ sở, sức mạnh, tiêu chuẩn hàng đầu","Đạo đức là gốc, nền tảng, sức mạnh, động lực hàng đầu","Đạo đức là gốc, nền tảng, cơ sở, tiêu chuẩn hàng đầu",
Chương 6,"“Cũng như sông thì có nguồn mới có nước, không có nguồn thì sông cạn. Cây phải có gốc, không có gốc thì cây héo. Người cách mạng phải có đạo đức, không có đạo đức thì dù tài giỏi mấy cũng không lãnh đạo được nhân dân. Vì muốn giải phóng dân tộc, giải phóng cho loài người là một công việc to tát mà tự mình không có đạo đức, không có căn bản, tự mình đã hủ hóa, xấu xa thì còn làm nổi việc gì?”. Đoạn trích trên được trích trong tác phẩm nào của Hồ Chí Minh:",Bản án chế độ thực dân Pháp,Tác phẩm “con rồng tre”,Sửa đổi lối làm việc,Tác phẩm “Nhật ký trong tù”,
Chương 6,"Theo Hồ Chí Minh, tiêu chuẩ n cho mục đích hành động là:",Đạo đức,Tài năng,Trí tuệ,Sức mạnh,
Chương 6,"Theo Hồ Chí Minh, phẩm chất đạo đức được xem là bao trùm, quan trọng nhất và chi phối các phẩm chấ t khác là:","Cần, kiệm, liêm, chính, chí công vô tư",Chuyên cần,"Trung với nước, hiếu với dân",Yêu thương con người,
Chương 6,"Theo Hồ Chí Minh, nội du ng cốt lõi của đạo đức cách mạng là:","Cần, kiệm, liêm, chính, chí công vô tư",Chuyên cần,"Trung với nước, hiếu với dân",Yêu thương con người,
Chương 6,"Theo Hồ Chí Minh, tinh thần Quốc tế trong sáng, chủ nghĩa Quốc tế có nguồn gốc từ:",Bản chất của giai cấp công nhân,Lý tưởng của những người cộng sản,Truyền thống văn hóa Việt Nam,Tinh hoa văn hóa nhân loại,
Chương 6,Nguyên tắc xây dựng đạo đức cách mạng theo tư tưởng Hồ Chí Minh là:,"Nói đi đôi với làm, noi gương về đạo đức; xây đi đôi với chống; tu dưỡng đạo đức suốt đời","Nói đi đôi với làm, noi gương về đạo đức; xây quan trọng hơn chống; tu dưỡng đạo đức suốt đời","Làm quan trọng hơn nói, noi gương về đạo đức; xây đi đôi với chống; tu dưỡng đạo đức suốt đời","Nói đi đôi với làm, noi gương về đạo đức; xây đi đôi với chống; tra u dồi tri thức suốt đời",
Chương 6,"Theo tư tưởng Hồ Chí Minh, “mỗi người tự rèn luyện, tu dưỡng ý thức, kết hợp với xây dựng cơ chế, tính khoa học của bộ máy và tạo dựng nền dân chủ” được hiểu là:",Ý nghĩa của việc xây dựng con người,Phương pháp xây dựng con người,Động lực xây dựng con người,Nội dung xây dựng con người.,
Chương 6,Chọn nội dung đúng nhất theo tư tưởng Hồ Chí Minh về “trồng người”:,Xây dựng con người,Giáo dục con người,"Trách nhiệm của Đảng, nhà nước, các đoàn thể chinh trị - xã hội kết hợp với tính tích cực, chủ động của từng người.",Tất cả đều sai,
Chương 6,"Theo Hồ Chí Minh, động lực của cách mạng l à:",Tinh thần yêu nước,Con người,Giai cấp công nhân,Giai cấp nông nhân,
Chương 6,"Chọn từ điền vào chỗ trống: Văn hóa chính trị là một trong những.......... soi đường cho quốc dân đi......quốc dân để thực hiện độc lập, tự cường, tự chủ.",Điều khiển,Lãnh đạo,Dẫn dắt,Thúc đẩy,
Chương 6,Yếu tố cốt lõi đầu tiên tạo nên nền tảng tư tưởng đạo đức Hồ Chí Minh là:,Tình yêu thương con người,Tình yêu quê hương,Tình cảm gia đình,Tinh thần hiếu để,
Chương MỞ ĐẦU,"Theo Hồ Chí Minh, nội du ng của tiếp thu văn hóa thế giới là:",Toàn diện,Chọn lọc,Đánh giá trước khi tiếp thu,Tất cả đều sai,
Chương MỞ ĐẦU,Khái niệm “Tư tưởng Hồ Chí Minh” lần đầu tiên được Đảng ta đưa ra tại Đại hội lần thứ mấy? a)Đại hội VI b)Đại hội VII c)Đại hội VIII d)Đại hội IX,,,,,
Chương MỞ ĐẦU,Luận điểm “trong thực tế tư tưởng Hồ Chí Minh đã trở thành một tài sản tinh thần quý báu của Đảng và của cả dân tộc” được trích từ Văn kiện Đại hội lần thứ mấy của Đảng? a)Đại hội VI b)Đại hội VII c)Đại hội VIII d)Đại hội IX,,,,,
Chương MỞ ĐẦU,Thời thiếu niên Chủ tịch Hồ Chí M inh có tên là: a)Nguyễn Tất Thành b)Nguyễn Sinh Cung c)Nguyễn Văn Ba d)Nguyễn Ái Quốc,,,,,
Chương MỞ ĐẦU,"“Tôi muốn đi ra ngoài, xem nước Pháp và các nước khác. Sau khi xem xét họ làm như thế nào, tôi sẽ trở về giúp đồng bào chúng ta”. Câu nói này được Nguyễn Tất Thành nói vào thời điểm nào? a)1905 b)1910 c)1911 d)1912",,,,,
Chương MỞ ĐẦU,Nguyễn Tất Thành ra đi tìm đường cứu nướ c vào ngày tháng năm nào? a)6/5/1910 b)5/6/1911 c)7/5/1917 d)7/5/1919,,,,,
Chương MỞ ĐẦU,"Học tập, vận dụng và phát triển tư tưởng Hồ Chí Minh cần nắm vững các nguyên tắc phương pháp luận nào? a)Quan điểm thực tiễn và nguyên tắc lý luận gắn liễn với thực ti ễn. b)Quan điểm toàn diện và hệ thống. c)Quan điểm kế thừa và phát triển. d)Tất cả các đáp án trên",,,,,
Chương MỞ ĐẦU,Chọn đáp án đúng nhất với khái niệm Tư tưở ng Hồ Chí Minh a)Tư tưởng Hồ Chí Minh là kết quả sự vận dụng sáng tạo và phát triển Chủ nghĩa Mác Lênin vào điều kiện cụ thể của nước ta. b)Tư tưởng Hồ Chí Minh là kết quả của sự vận dụng sáng tạo Chủ nghĩa Mác – Lênin vào điều kiện thực tế của nước ta. c)Tư tưởng Hồ Chí Minh là kết quả sự phát triển sáng tạo Chủ nghĩa Mác Lênin vào điều kiện cụ thể của nước ta. d)Tư tưởng Hồ Chí Minh là kết quả sáng tạo của Hồ Chí Minh xuất phát từ thực tiễn cách mạng Việt Nam và thế giới.,,,,,
Chương MỞ ĐẦU,"Hãy lựa chọn câu dịch đúng nhất trong các phương án sau: Nghị quyết Đại hội đồng UNESCO lần thứ 24 vinh danh Hồ Chí M inh là: a)Anh hùng giải phóng dân tộc, nhà tư tưởng lớn của Việt Nam. b)Anh hùng giải phóng dân tộc, nhà cách mạng vĩ đại của Việt Nam. c)Anh hùng giải phóng dân tộc, nhà văn hóa kiệt xuất của Việt Nam. d)Anh hùng dân tộc vĩ đại, nhà văn hóa lớn của Việt Nam.",,,,,
Chương I,"Tên gọi “Nguyễn Ái Quốc” xuất hiện chính thức l ần đầu tiên trong sự kiện nào? a)Rời bến cảng Nhà Rồng ra đi tìm đường cứu nướ c, năm 1911. b)Gửi bản Yêu sách của nhân dân An Nam tới Hội nghị Versailles, năm 1919. c)Dự Đại hội IV Quốc tế Cộng sản, năm 1922. d)Hội nghị Hợp nhất các tổ chức cộng sản, thành lập Đảng, năm 1930.",,,,,
Chương I,Truyền thống quý báu nhất của dân tộc Việt Nam được Hồ Chí Minh kế thừa và phát triển là gì? a)Chủ nghĩa yêu nước b)Lòng nhân ái c)Tinh thần hiếu học d)Cần cù lao động,,,,,
Chương I,Tìm một điểm nhầm lẫn trong đoạn viết sau: Một trong những nguồn gốc của tư tưởng Hồ Chí Minh là tiếp thu văn hóa phương Đông. Cụ thể l à: a)Những mặt tích cực của Nho giáo b)Kế thừa tư tưởng pháp trị hà khắc của Pháp gia c)Tư tưởng vị tha của Phật giáo d)Kế thừa những tư tưởng tích cực trong chủ nghĩa Tam dân của Tôn Trung Sơn.,,,,,
Chương I,"Nguyên nhân quan trọng nhất dẫn đến sự thất bại của các phong trào yêu nước Việt Nam cuối thế kỷ XIX đầu thế kỷ XX là gì? a)Diễn ra rời rạc, tự phát b)Thiếu đường lối cứu nước đúng đắn c)Thua kém về vũ khí và sức mạnh quân sự d)Chưa phát huy được sức mạnh đoàn kết toàn dân",,,,,
Chương I,"Khi tham gia phong trào chống thuế ở Trung Kỳ, Nguyễn Tất T hành đang là: a)Học sinh b)Thầy giáo c)Công nhân d)Thợ ảnh",,,,,
Chương I,“ Đất nước đẹp vô cùng nhưng Bác phải ra đi/ Cho tôi làm sóng dưới chân tàu đưa tiễn Bác” là câu thơ của tác giả nào? a)Tố Hữu b)Chế Lan Viên c)Cù Huy Cận d)Trường Chinh,,,,,
Chương I,“ Mong manh áo vải hồn muôn trượng/ Hơn tượng đồng phơi những lối mòn” là câu thơ của tác giả nào? a)Tố Hữu b)Chế Lan Viên c)Cù Huy Cận d)Trường Chinh,,,,,
Chương I,Tư tưởng Hồ Chí Minh được hình thành từ n hững nguồn gốc nào? a)Giá trị tư tưởng- văn hóa truyền thống của dân tộc Việt Nam b)Tinh hoa văn hóa nhân loại c)Chủ nghĩa Mác – Lênin và những phẩm chất của Hồ Chí Minh d)Tất cả các phương án trên,,,,,
Chương I,Tư tưởng Hồ Chí Minh về con đường cách mạng Việt N am được hình thành cơ bản vào khoảng thời gian nào? a)Giai đoạn 1911-1920 b)Giai đoạn 1921-1930 c)Giai đoạn 1931-1945 d)Giai đoạn 1946- 1969,,,,,
Chương I,"Chọn phương án đúng trong các phương án sau: Hồ Chí Minh đã tiếp thu những yếu tố nào của Phậ t giáo? a)Tư tưởng về một thế giới đại đồng b)Tinh thần tự sám hối c)Tư tưởng lễ giáo, đề cao đạo đức d)Tư tưởng vị tha, từ bi, bác ái",,,,,
Chương I,"Chọn phương án trả lời đúng vớ i tư tưởng Hồ Chí Minh a)Từ năm 1890 đến năm 1911: Thời kỳ nghiên cứu, khảo sát thực tế, đến với chủ nghĩa Mác- Lênin b)Từ năm 1911 đến năm 1920: Thời kỳ hình thành tư tưởng yêu nước, chí hướ ng cứu nước c)Từ năm 1921 đến năm 1930: Thời kỳ hình thành cơ bản tư tưởng về con đường cách mạng Việt Nam d)Từ năm 1930 đến năm 1945: Thời kỳ tìm kiếm và xác định con đường cứu nước, giải phóng dân tộc",,,,,
Chương I,"Chọn cụm từ đúng điền vào dấu “...” Tháng 7-1920, Hồ Chí Mi nh đọc “...” của V.L. Lênin? a)Chính sách kinh tế mới (NEP) b)Sơ thảo lần thứ nhất những luận cương về vấn đề dân tộc và vấn đề thuộc địa c)Tác phẩm Làm gì d)Tác phẩm Bút ký triết học",,,,,
Chương I,"Sau hành trình tìm đường cứu nước, Hồ Chí Minh về nước trực tiếp lãnh đạo phong trào cách mạng vào thời gian? a)Tháng 5 - 1930 b)Tháng 1 - 1941 c)Tháng 9 - 1943 d)Tháng 8 – 1945",,,,,
Chương I,Địa danh đầu tiên của Tổ quốc mà Hồ Chí Minh đặt chân lên khi về nước tại cột mốc 108 trên bia giới Việt –Trung thuộc địa phận nào tỉn h Cao Bằng? a)Hà Quảng b)Hòa An c)Nguyên Bình d)Quản Bạ,,,,,
Chương I,Hồ Chí Minh đến với chủ nghĩa Mác – Lênin và trở thành người cộng sản đầu tiên của Việt Nam vào thời gian nào? a)Năm 1919 b)Năm 1920 c)Năm 1925 d)Năm 1930,,,,,
Chương I,"Nguyễn Ái Quốc lấy tên là Hồ Chí Minh vào thời gi an nào? a)Năm 1911, khi Người ra đi tìm đường cứu nước tại bến cảng Nhà R ồng b)Năm 1920, khi Người hoạt động tạo Pháp c)Năm 1941, khi Người về nước và hoạt động tại Pác Bó- Cao Bằng d)Năm 1942, khi Người có chuyến công tác sang Trung Quốc",,,,,
Chương I,"Trong những tiền đề lý luận hình thành tư tưởng Hồ Chí Minh, tiền đề nào quyết định bản chất khoa học và cách mạng của tư tưởng H ồ Chí Minh? a)Những giá trị truyền thống của dân tộc b)Những tinh hoa văn hóa của nhân loại c)Chủ nghĩa Mác – Lênin d)Cả ba tiền đề cùng có ý nghĩa quyết định",,,,,
Chương I,“ Luận cương Leenin theo Người về quê Việt/ Đất nước còn xa những hạnh phúc đã gần rồi”là câu thơ của tác giả nào? a)Tố Hữu b)Sóng Hồng c)Huy Cận d)Chế Lan Viên,,,,,
Chương I,"Theo sách “ Giáo trình Tư tưởng Hồ Chí Minh” (Nxb Ch ính trị quốc gia – Sự thật, Hà Nội, 2011), quá trình hình thành và phát triển tư tưởng Hồ Chí Minh được chia mấy thời kỳ? a)3 b)4 c)5 d)6",,,,,
Chương I,"Thời kỳ Hồ Chí Minh vượt qua thử thách, kiên trì giữ vững lập trường cách mạng diễn ra trong khoảng thời gian nào? a)Trước năm 1911 b)1911-1920 c)1921-1030 d)1930-1945",,,,,
Chương II,"Thời kỳ Hồ Chí Minh tìm thấy con đường cứu nước, giải phóng dân tộc diễn ra trong khoảng thời gian nào? a)1911-1920 b)1921-1930 c)1930- 1945 d)1945-1969",,,,,
Chương II,Chọn phương án trả lời đúng nhất với tư tưởng H ồ Chí Minh a)Cách mạng giải phóng dân tộc ở thuộc địa có khả năng giành thắng lợi trước cách mạng vô sản ở chính quốc b)Cách mạng giải phóng dân tộc giành thắng lợi đồng thời với thắng lợi của cách mạng vô sản ở chính quốc c)Thắng lợi của cách mạng vô sản ở thuộc địa phải phụ thuộc vào thắng lợi của cách mạng vô sản ở chính quốc d)Cách mạng giải phóng dân tộc ở thuộc địa cần trông chờ vào sự giúp đỡ của cách mạng vô sản ở chính quốc,,,,,
Chương II,Hãy chọn cụm từ đúng điền vào chỗ trống trong câu nói sau của Hồ Chí Minh “ Giờ quyết định cho vận mệnh dân tộc ta đã đến. Toàn quốc đồng bào hãy đứng d ậy...giải phóng cho ta” a)Đoàn kết toàn dân mà tự b)Đem sức ta mà tự c)Dựa vào sự giúp đỡ của quốc tế mà d)Dựa vào sự lãnh đạo của Đảng mà,,,,,
Chương II,"Thực chất vấn đề dân tộc thuộc địa trong tư tưởng Hồ Chí Mi nh là gì? a)Đấu tranh giai cấp, chống chủ nghĩa tư bản và xóa bỏ chế độ phong kiến b)Đấu tranh giai cấp, giải phóng dân tộc c)Đấu tranh chống chủ nghĩa thực dân, giải phóng dân tộc d)Đấu tranh chống chủ nghĩa tư bản, xây dựng chủ nghĩa xã hội",,,,,
Chương II,"Chọn phương án sai, theo tư tưởng Hồ Chí Minh: Cách mạng giải phóng dân tộc theo thời đại mới phải do Đảng Cộng sản l ãnh đạo để: a)Thực hiện mục tiêu xây dựng thành công chủ nghĩa xã hội b)Giác ngộ dân chúng c)Tổ chức, tập hợp dân chúng d)Đoàn kết với giai cấp vô sản và các dân tộc bị áp bức trên thế giới",,,,,
Chương II,Chủ tịch Hồ Chí Minh chỉ ra một động lực lớn của đất nước và con người sẽ không thể làm gì được cho người Việt Nam nếu không dựa trên động lực vĩ đại và duy nhất này. Động lực đó là? a)Chủ nghĩa dân tộc b)Chủ nghĩa dân túy c)Chủ nghĩa dân quyền d)Chủ nghĩa dân sinh,,,,,
Chương II,"Chọn phương án đúng theo tư tưởng Hồ Chí Minh: Lực lượng của cách mạng giải phóng dân tộc: a)Là quân đội nhân dân Việt Nam b)Liên minh giai cấp công nhân, giai cấp nông dân và tầng lớp tri thức c)Những người Việt Nam yêu nước và những người yêu chuộng hòa bình thế giớ i d)Toàn dân tộc với nòng cốt là liên minh công- nông",,,,,
Chương II,"Trong tư tưởng Hồ Chí Minh, nhiệm vụ hàng đầu, trên hết, trước hết của cách mạng Việt Nam là: a)Giải phóng dân tộc b)Giải phóng xã hội c)Giải phóng giai cấp d)Giải phóng con người",,,,,
Chương II,"Theo tư tưởng Hồ Chí Minh, hình thức của bạo lực cách mạng trong giai cấp cách mạng giải phóng dân tộc Việt Nam là: a)Đấu tranh vũ trang b)Đấu tranh chính trị c)Đấu tranh vũ trang tách biệt với đấu tranh chính trị d)Đấu tranh vũ trang kết hợp với đấu tranh chính trị",,,,,
Chương II,"Chọn cách diễn đạt đúng nhất quan điểm của Đảng Cộng sản Việt Nam về việc kiên trì con đường Hồ Chí Minh đã chọn: a)Giải phóng dân tộc, thống nhất đất nước b)Bảo vệ Tổ quốc, giữ vững nền độc lập dân tộc c)Độc lập dân tộc gắn liền với chủ nghĩa xã hội d)Xây dựng chủ nghĩa xã hội trên phạm vi toàn quốc.",,,,,
Chương II,"Khi bị chính quyền thực dân Anh bắt giam ở nhà tù Hồng Kông (1931), Nguyễn Ái Quốc đã mang bí danh gì? a)Nguyễn Ái Quốc b)Tống Văn Sơ c)Lý Thụy d)Hồ Quang",,,,,
Chương II,"Theo tư tưởng Hồ Chí Minh, mục tiêu của cách mạng giải p hóng dân tộc là: a)Đánh đổ chế độ thực dân, phong kiến, xây dựng chế độ dân chủ nhân dân b)Đánh đổ chủ nghĩa thực dân, giải phóng giai cấp công nhân và những người lao động nghèo khổ c)Đánh đổ chủ nghĩa tư bản, giải phóng giai cấp công nhân d)Đánh đổ chủ nghĩa thực dân, giành độc lập dân tộc và thiết lập chính quyền của nhân dân",,,,,
Chương II,"Theo tư tưởng Hồ Chí Minh, đối tượng của cách mạng giải phóng dân tộc ở Việt Nam là: a)Địa chủ, phong kiến b)Chủ nghĩa tư bản c)Chủ nghĩa phát xít d)Chủ nghĩa thực dân và tay sai phản động",,,,,
Chương II,"Theo tư tưởng Hồ Chí Minh, cách mạng giải phóng dân tộc muốn thắng lợi phải đi theo con đường nào? a)Cách mạng của giai cấp công nhân b)Cách mạng tư sản c)Cách mạng vô sản d)Cách mạng xã hội chủ nghĩa",,,,,
Chương II,"Theo tư tưởng Hồ Chí Minh, cách mạng là sự nghiệ p của? a)Chính phủ dân chủ b)Dân chúng bị áp bức c)Giai cấp tư sản d)Giới trí thức tiến bộ",,,,,
Chương II,"Theo tư tưởng Hồ Chí Minh, cách mạng giải phóng dân tộc trong thời đại mới phải do: a)Giai cấp tư sản lãnh đạo b)Vĩ nhân kiệt xuất lãnh đạo c)Tầng lớp trí thức lãnh đạo",,,,. Đảng Cộng sản lãnh đạo,
Chương II,"“Tất cả các dân tộc trên thế giới đều sinh ra bình đẳng, dân tộc nào cũng có quyền sống, quyền sung sướng và quyền tự do”. Câu trích này từ trong văn kiện nào sau đây? a)Tuyên ngôn Độc lập của Mỹ (1776). b)Tuyên ngôn Nhân quyền và Dân quyền của Cách mạng Pháp năm (1791). c)Tuyên ngôn Độc lập của Việt Nam (1945). d)Tuyên ngôn của Liên Hợp Quốc (1945).",,,,,
Chương II,"“Nước Việt Nam có quyền hưởng tự do và độc lập, và sự thật đã thành một nước tự do độc lập. Toàn thể dân tộc Việt Nam quyết đem tất cả tinh thần và lực lượng, tính mạng và của cải để giữ vững quyền tự do, độc lập ấy”. Câu trích này từ văn kiện nào sau đây của Hồ Chí Minh? a)Tuyên ngôn Độc lập của Việt Nam (1945). b)Lời kêu gọi toàn quốc kháng chiến chống Pháp (1946). c)Lời kêu gọi toàn quốc kháng chiến chống Mỹ (1966). d)Di chúc (1969).",,,,,
Chương III,"Chọn đáp án đúng nhất của Hồ Chí Mi nh: a)Cách mạng Pháp cũng như cách mạng Mỹ, nghĩa là cách mạng tư sản triệt để, tuy nhiên tiếng là cộng hòa và dân chủ, kỳ thực trong thì nó tước lục công nông, ngoài thì nó áp bức thuộc địa. b)Cách mạng Pháp cũng như cách mạng Mỹ, nghĩa là cách mạng tư sản, cách mạng không đến nơi, tiếng là cộng hòa và dân chủ, kỳ thực trong thì nó tước lục công nông, ngoài thì nó áp bức thuộc địa.",,,"Cách mạng Pháp cũng như cách mạng Mỹ, nghĩa là cách mạng vô sản, cách mạng đến nơi, là cộng hòa và dân chủ. d)Cả a, b và c đều sai.",,
Chương III,Chọn phương án sai: Đặc trưng bản chất tổng quát của chủ nghĩa xã hội ở Việt Nam là:,Chủ nghĩa xã hội là một xã hội có nền kinh tế phát triển cao gắn liền với sự phát triển của khoa học – kỹ thuật.,Chủ nghĩa xã hội là một chế độ chính trị do giai cấp công nhâ n làm chủ.,Chủ nghĩa xã hội là chế độ không còn người bóc lột người.,"Chủ nghĩa xã hội là một xã hội phát triển cao về văn hóa, đạo đức.",
Chương III,"Theo tư tưởng Hồ Chí Minh, lực lượng xây dựng chủ ng hĩa xã hội là:",Công nhân.,Nông dân.,Trí thức.,Nhân dân.,
Chương III,"Theo tư tưởng Hồ Chí Minh, nền kinh tế xã hội chủ nghĩa là nền kinh tế:","Có công nghiệp, nông nghiệp hiện đại , có khoa học kỹ thuật tiên tiến.","Có công nghiệp hiện đại, nông nghiệp phát triển.","Có nông nghiệp hiện đại, công nghiệp và dịch vụ đa dạng.","Có khoa học, kỹ thuật tiên tiến và hội nhập với các nước xã hội chủ nghĩa.",
Chương III,"Theo tư tưởng Hồ Chí Minh, muốn xây dựng chủ nghĩa xã hội trước hết cần có:","Con người có tinh thần sáng tạo, dám nghĩ, dám làm .",Con người xã hội chủ nghĩa.,"Con người có đức, có tài.","Con người vừa hồng, vừa chuyên.",
Chương III,"Chọn phương án sai: Theo tư tưởng Hồ Chí Minh, hững trở lực kìm hãm sự phát triển của chủ nghĩa xã hội là:","Bệnh tham ô, lãng phí, quan liêu.",Chủ nghĩa cá nhân.,"Sự thiếu nhất quán trong đường lối , chính sách của Đảng.","Sự chia rẽ bè phái, mất đoàn kết.",
Chương III,"Theo tư tưởng Hồ Chí Minh, đặc điểm lớn nhất của thời kỳ quá độ lên chủ chủ nghĩa xã hội ở Việt Nam là:","Nông nghiệp, công nghiệp lạc hậu, khoa học kỹ thuật kém phát triển.",Không trải qua các giai đoạn phát triển tư bản chủ nghĩa.,Xây dựng chủ nghĩa xã hội theo tuần tự từng bước.,"Từ trước nông nghiệp lạc hậu tiến thẳng lên chủ nghĩa xã hội, không qua giai đoạn phát triển tư bản chủ nghĩa.",
Chương III,"Theo tư tưởng Hồ Chí Minh, nhiệm vụ lịch sử của thời kỳ quá độ lên chủ nghĩa xã hội ở Việt Nam là:",Xây dựng nền văn hóa của chủ nghĩa xã hội.,Xây dựng nền tảng vật chất và kỹ thuật của chủ nghĩa xã hội.,Xây dựng con người của chủ nghĩa xã hội.,Xây dựng hệ thống chính trị của chủ nghĩa xã hội.,
Chương III,"Theo tư tưởng Hồ Chí Minh, biện pháp cơ bản, quyết định, lâu dài trong xây dựng chủ nghĩa xã hội ở nước ta là:","Phát huy sức mạnh của giai cấp công nhân, dưới sự lãnh đạo của Đảng cộng sản.","Phát huy sức mạnh của khối liên minh giai cấp công nhân – nông dân – trí thức, dưới sự lãnh đạo của Đảng Cộng sản.","Đem của dân, tài dân, sức dân làm lợi cho dân, dưới sự lãnh đạo của Đảng Cộng sản Việt Nam.","Kết hợp sức mạnh dân tộc với sức mạnh thời đại, phát huy nội lực đồng thời tranh thủ sự giúp đỡ của bạn bè quốc tế.",
Chương III,"Theo tư tưởng Hồ Chí Minh, đặc trưng kinh tế nổi bật nhất của chủ nghĩa xã hội là:",Chế đô phân phối theo lao động.,"Nền kinh tế phát triển cao, gắn liền với sự phát triển của khoa học - kỹ thuật .",Cơ cấu công – nông nghiệp hợp lý.,Sở hữu xã hội về tư liệu sản xuất.,
Chương III,"Theo tư tưởng Hồ Chí Minh, nguyên tắc phân phối chủ yếu trong chủ nghĩa xã hội là:",Phân phối bình quân cho tất cả mọi người.,"Làm theo năng lực, hưởng theo nhu cầu.","Làm theo năng lực, hưởng theo lao động.","Làm theo năng lực, hưởng theo hướng đóng góp.",
Chương III,Ham muốn tột bậc của Hồ Chí Minh là:,Nước ta được hoàn toàn độc lập.,Dân ta được hoàn toàn tự do.,"Đồng bào ta ai cũng có cơm ăn, áo mặc, được học hành.",Tất cả các phương án trên.,
Chương III,"Theo tư tưởng Hồ Chí Minh, mục tiêu cao nhất của ch ủ nghĩa xã hội là:",Khoa học kỹ thuật tiên tiến.,Kinh tế phát triển.,Giải phóng con người,Nâng cao đời sống nhân dân.,
Chương III,"Theo tư tưởng Hồ Chí Minh, mục tiêu tổng quát của c hủ nghĩa xã hội là:","Một nền kinh tế hiện đại, có sức tăng trưởng cao.",Phát triển mạnh mẽ khoa học – kỹ thuật.,Không ngừng cải thiện và nâng cao đời số ng của nhân dân lao động.,Bảo đảm quyền làm chủ của nhân dân lao động.,
Chương III,"Theo tư tưởng Hồ Chí Minh, động lực quyết định nhất của chủ nghĩa xã hội là:",Khoa học – kỹ thuật.,Con người.,Chính trị.,"Sự giúp đỡ, ủng hộ quốc tế.",
Chương IV,Chọn đáp án sai với quan điểm Hồ Chí Minh: Tính chất phức tạp và khó khăn của thời kỳ quá độ lên chủ nghĩa xã hội ở Việt Nam được Người lý giải trên các phương diện sau:,"Nước ta xây dựng chủ nghĩa xã hội với xuất phát điểm thấp, kinh tế nông nghiệp nghèo nàn, lạc hậu, khoa học kỹ thuật kém phát tri ển.","Đây là cuộc cách mạng làm đảo lộn mọi mặt của đời sống xã hội, cả lực lượng xã hội, cả lực lượng sản xuất và quan hệ sản xuất, co sở thượ ng tầng cà kiến trúc thượng tầng.","Trong sự nghiệp xây dựng chủ nghĩa xã hội, Đảng nhà nước và nhân dân ta chưa có kinh nghiệm.",Sự nghiệp xây dựng chủ nghĩa xã hội ở nước ta luôn bị các thế lực phản động trong và ngoài nước tìm cách chống phá.,
Chương IV,"Theo tư tưởng Hồ Chí Minh, sự ra đời của Đảng Cộng sản Việt N am bắt nguồn từ sự kết hợp giữa các yếu tố nào?",Sự kết hợp giữa chủ nghĩa Mác - Lênin với các phong trào đấu tranh của dân tộc Việt Nam.,Sự kết hợp giữa chủ nghĩa Mác – Lênin với phong trào công nhân và phong trào yêu nước.,Sự kết hợp giữa chủ nghĩa Mác – Lênin và phong trào đấu tranh của công nhân thế giới .,Sự kết hợp giữa chủ nghĩa Mác – Lênin với phong trào công nhân Việt Nam .,
Chương IV,"Theo tư tưởng Hồ Chí Minh, Đảng Cộng sản Việt Nam là đảng của ai?",Của giai cấp công nhân.,Của nhân dân lao động.,Của toàn dân.,"Của giai cấp công nhân, của nhân dân lao độ ng và của dân tộc Việt Nam.",
Chương IV,"Chọn phương án sai: Theo tư tưởng Hồ Chí Minh, những nguyên tắc tổ chức, sinh hoạt đảng là:",Tập trung dân chủ.,"Tập thể lãnh đạo, cá nhân phụ trách.",Tự phê bình và phê bình.,"Thẳng thắn, thật thà, có tinh thần trách nhi ệm.",
Chương IV,"Căn cứ vào Giáo trình Tư tưởng Hồ Chí Minh, chọn phương án đúng nhất điền vào dấu “…” Trong câu trích sau đây: “Hồ Chí Minh nhận thức rất rõ vị trí, vai trò của…trong sự nghiệp cách mạng. Muôn việc thành công hay thất bại là do …tốt hay kém”:",Chính trị.,Tư tưởng.,Cán bộ .,Đạo đức.,
Chương IV,Hội nghị thành lập Đảng tháng 2 – 1930 đã quyế t định lấy tên Đảng là gì?,Đảng Cộng sản Việt Nam,Đảng Cộng sản Đông Dương,Đảng lao động Việt Nam,An Nam Cộng sản Đảng.,
Chương IV,"Theo tư tưởng Hồ Chí Minh, Đảng lãnh đạo nhà nước bằng phương thức nào?","Lãnh đạo xây dựng luật pháp để quản lý, điều hành xã hội.","Thường xuyên coi trọng công tác giáo dục, đào tạo, bồi dưỡng đội ngũ cán bộ, viên chức hoạt động trong bộ máy nhà nước.","Thực hiện chế độ kiểm tra và phát huy vai trò tiên phong của đội ngũ đảng viên, cán bộ đảng.",Tất cả các phương án trên.,
Chương IV,"Luận điểm : “Cách mệnh trước hết phải có cái gì? Trước hết phải có đảng cách mệnh, để trong thì vận động và tổ chức dân chúng, ngoài thì liên lạc với dân tộc bị áp bức và vô sản giai cấp mọi nơi” được trích từ tác phẩm nào của Nguyễn Ái Quốc?",Bản án chế độ thực dân Pháp.,Đường kách mệnh.,Chánh cương vắn tắt của Đảng.,Thường thức chính trị.,
Chương IV,"Luận điểm: “Đảng muốn vững thì phải có chủ nghĩa làm nòng cốt, trong đảng ai cũng phải hiểu, ai cũng phải theo chủ nghĩa ấy. Đảng mà không có chủ nghĩa cũng như người không có trí khôn, tàu không có bàn chỉ nam” được trích từ tác phẩm nào của Nguyễn Ái Quốc?",Đường kách mệnh.,Tuyên ngôn độc lập.,Điều lệ vắn tắt của Đảng,Thường thức chính trị.,
Chương IV,"Theo tư tưởng Hồ Chí Minh, vai trò lãnh đạo của giai cấp công nhân trong cách mạng Việt Nam do yếu tố nào quy định?",Do số lượng của giai cấp công nhân.,Do đặc tính của giai cấp công nhân.,Do nguyện vọng của nhân dân.,Tất cả các phương án trên.,
Chương IV,Chọn từ thích hợp điền vào dấu “…” “Công việc thành công hay thất bại đều do cán bộ”:,Tốt hay xấu.,Tốt hay kém.,Giỏi hay dốt.,Mạnh hay yếu.,
Chương IV,Theo tư tưởng Hồ Chí Minh: Công tác gốc của Đảng là gì?,Công tác chính trị.,Công tác tư tưởng.,Công tác cán bộ.,Công tác lý luận.,
Chương IV,"Điền cụm từ thiếu vào dấu “…” trong câu sau đây: Theo Hồ Chí Minh, “Đảng phải giữ vững thì phải có chủ nghĩa…, trong đảng ai cũng phải hiểu, ai cũng phải theo chủ nghĩa ấy”:",Làm căn cứ.,Làm cốt,Làm kim chỉ nam.,Làm nền tảng tư tưởng.,
Chương IV,"Điền cụm từ thích hợp điền vào dấu “…” trong đoạn trích dưới đây: “Một dân tộc, một đảng và mỗi con người, ngày hôm qua là vĩ đại, có sức hấp dẫn lớn, không nhất định hôm nay và ngày mai vẫn được mọi người yêu mến và ca ngợi, nếu lòng dạ không trong sáng nữa, nếu sa vào…”:","Tham ô, tham nhũng.",Chủ nghĩa quân phiệt.,Chủ nghĩa cá nhân.,"Ham danh, hám lợi.",
Chương IV,"Theo tư tưởng Hồ Chí Minh, Đảng ta là người đầy tớ thật trung thành của nhân dân, nghĩa là…",Theo đuổi quần chúng.,Cung phụng quần chúng.,Làm theo mệnh lệnh quần chúng.,"Tận tâm, tận lực phụng sự nhân dân nhằm đem lại quyền lực và lợi ích cho nhân dân.",
Chương V,Cụm từ “Đảng cầm quyền” được Hồ Chí Minh ghi trong tác phẩm nào sau đây?,Thường thức chính trị.,Di chúc,Đường kách mệnh,Chánh cương vắn tắt.,
Chương V,"Chọn phương án đúng nhất trong các phương án sau: Theo tư tưởng Hồ Chí Minh, sức mạnh dân tộc Việt Nam là gì? a)Sức mạnh của giai cấp công nhân dưới sự lãnh đạo của Đảng. b)Sức mạnh của khối liên minh giai cấp công nhân - nông dân – trí thức dưới sự lãnh đạo của Đảng. c)Sức mạnh tổng hợp của các yếu tố nội sinh và ngoại sinh. d)Sức mạnh tổng hợp của các yếu tố vật chất và tinh thần.",,,,,
Chương V,"Chọn phương án sai: Theo tư tưởng Hồ Chí Minh, sức mạnh thời đại bao gồm yếu tố nào? a)Sức mạnh của liên minh công – nông. b)Sức mạnh của khoa học – kỷ thuật. c)Sức mạnh của giai cấp công nhân quốc tế. d)Sự đoàn kết của các dân tộc bị áp bức.",,,,,
Chương V,"Theo tư tưởng Hồ Chí Minh, động lực chủ yếu c ủa sự phát triển nước ta là gì? a)Tài nguyên thiên nhiên phóng phú. b)Đại đoàn kết dân tộc. c)Sự ủng hộ của bạn bè quốc tế. d)Các nguồn vốn viện trợ đầu tư phát triển.",,,,,
Chương V,"Theo tư tưởng Hồ Chí Minh, nền tảng của khối đại đoà n kết dân tộc là: a)Công nhân, nông dân và lao động trí óc. b)Công nhân, nông dân và các tầng lớp nhân dân lao động khác. c)Công nhân, nông dân và những lực lượng tiến bộ. d)Toàn thể dân tộc Việt Nam.",,,,,
Chương V,"Theo tư tưởng Hồ Chí Minh, đại đoàn kết dân tộc có vai trò gì? a)Là vấn đề then chốt, quyết định thành bại của cách mạng. b)Là vấn đề cơ bản của mọi cuộc cách mạng. c)Là vấn đề có ý nghĩa chiến lược, quyết định thành công của cách mạng. d)Là vấn đề quan trọng, động lực chủ yếu để xây dựng và bảo vệ Tổ quốc.",,,,,
Chương V,"Cơ sở hình thành tư tưởng Hồ Chí M inh về đại đoàn kết dân tộc là: a)Từ truyền thống yêu nước, nhân ái, tinh thần cố kết cộng đồng dân tộc. b)Từ tổng kết những kinh nghiệm của phong trào cách mạng Việt N am và phong trào cách mạng thế giới. c)Từ quan điểm của chủ nghĩa Mac – Lê Nin về cách mạng giải phóng dân tộc và vai trò của quần chúng nhân dân trong cách mạng. d)Tất cả các phương án trên.",,,,,
Chương V,Chọn phương án đúng trong các phương án sau: Theo tư tưởng Hồ Chí Minh: Đoàn kết là: a)“Điếm sáng”. b)“Điểm mẹ”. c)“Điểm lớn”. d)“Điểm gốc”.,,,,,
Chương V,"Chọn phương án đúng trong các phương án sau theo lời dạy của Chủ tịch Hồ Chí Minh: a)“Khó trăm lần không dân cũng chịu, dễ vạn lần dân liệ u cũng xong”. b)“Dễ vạn lần không dân cũng chịu, khó trăm lần dân liệu cũng xong”. c)“Khó vạn lần không dân cũng chịu, dễ trăm lần dân liệu cũng xong”. d)“Dễ mười lần không dân cũng chịu, khó trăm lần dân liệu cũng xong”.",,,,,
Chương V,"Theo tư tưởng Hồ Chí Minh, đại đoàn kết dân tộc là: a)Mục tiêu, nhiệm vụ hàng đầu của cách mạng. b)Mục tiêu, nhiệm vụ hàng đầu của Đảng. c)Mục tiêu, nhiệm vụ hàng đầu của dân tộc. d)Cả b và c.",,,,,
Chương V,"Khái niệm “dân” và “nhân dân” trong tư tưởng H ồ Chí Minh được hiểu là: a)Giai cấp công nhân, nông dân và tầng lớp trí thức. b)Mọi con dân nước Việt, mọi con rồng cháu Tiên. c)54 dân tộc anh em. d)Người Việt Nam ở trong nước và kiều bào ở nước ngoài.",,,,,
Chương V,Tên gọi nào dưới đây không phải là tên gọi của Mặt trận dân tộc thống nhất qua các thời kỳ: a)Mặt trận Việt Minh. b)Mặt trận dân tộc giải phóng miền Nam Việt Nam. c)Mặt trận Việt – Miên – Lào. d)Mặt trận Tổ quốc Việt Nam.,,,,,
Chương V,"Theo tư tưởng Hồ Chí Minh, nguyên tắc hoạt động của Mặt trận dân tộc thống nhất là: a)Hiệp thương dân chủ, bảo đảm đoàn kết ngày càng rộng rãi và bền vững. b)Tập trung dân chủ, dưới sự lãnh đạo của Đảng Cộng sản. c)Tự do dân chủ, tôn trọng ý kiến cá nhân. d)Hợp tác thống nhất, bình đẳng giữa các giai cấp, tầng lớp.",,,,,
Chương V,"Theo tư tưởng Hồ Chí Minh, thực hiện đoàn kết quốc tế nhằm: a)Kết hợp sức mạnh của chủ nghĩa yêu nước với sức mạnh của tinh thần quốc tế vô sản trên toàn thế giới, tạo sức mạnh tổng hợp cho cách mạ ng. b)Kết hợp sức mạnh bên trong với sức mạnh bên ngoài, tạo sức mạnh tổng hợp cho cách mạng. c)Kết hợp sức mạnh dân tộc với sự giúp đỡ bạn bè quốc tế, tạo sức mạnh tổng hợp cho cách mạng. d)Kết hợp sức mạnh nội sinh với sức mạnh ngoại sinh, tạo sức mạnh tổng hợp cho cách mạng.",,,,,
Chương V,"Theo tư tưởng Hồ Chí Minh, những nguyên tắc đoàn kết quốc tế là: a)Đoàn kết trên cơ sở nhiệt thành giúp đỡ lẫn nhau, không làm phương hại đến lợi ích chung và lợi ích riêng của từng dân tộc. b)Đoàn kết trên cơ sở thống nhất mục tiêu và lợi ích, có lý, có tình. c)Đoàn kết trên cơ sở độc lập, tự chủ, tự lực, tự cườ ng. d)Cả a, b, c.",,,,,
Chương VI,"Theo quan điểm Hồ Chí Minh, vị trí của Đảng Cộng trong Mặt trận dân tộc thống nhất là: a)Đại biểu của giai cấp công nhân trong Mặt trận dân tộc thống nhất. b)Thành viên của Mặt trận dân tộc thống nhất. c)Lực lượng lãnh đạo Mặt trận dân tộc thống nhất. d)Vừa là thành viên, vừa là lực lượng lãnh đạo Mặt trận dân tộc thống nhất.",,,,,
Chương VI,Hiến pháp đầu tiên của nước ta được thông qua năm n ào? a)Năm 1945,,Năm 1946,Năm 1959,Năm 1992,
Chương VI,"Theo quan niệm của Hồ Chí Minh, dâ n chủ có nghĩa là:",Dân là chủ,Dân làm chủ,Dân là chủ và dân làm chủ,Nhà nước là chủ và dân làm chủ,
Chương VI,"Theo tư tưởng Hồ Chí Minh, Nhà nước của dân là:",Nhà nước do nhân dân tổ chức nên.,Mọi quyền lực trong Nhà nước và trong xã hội đều thuộc về n hân dân.,"Nhà nước phục vụ nhân dân, đem lại lợi ích cho nhân dân.",Mọi công việc của Nhà nước đều do dân quyết định.,
Chương VI,"Lựa chọn phương án sai: theo tư tưởng Hồ Chí Minh, Nhà nước Việt Nam mang bản chất giai cấp công nhân vì:","Nhà nước ta bảo vệ quyền và lợi ích cơ bản của giai cấp công dân, do giai cấp công nhân lãnh đạo.",Nhà nước ta do Đảng cộng sản Việt Nam lãnh đạo.,Nhà nước ta thể hiện tính định hướng xã hội chủ nghĩa của sự phá t triển đất nước.,Nguyên tắc tổ chức và hoạt động cơ bản của Nhà nước ta là nguyên tắc t ập trung dân chủ.,
Chương VI,"Hãy chọn cụm từ đúng điền vào dấu “…” trong câu sau của Chủ tịch Hồ Chí Minh: “cách mệnh rồi thì quyền giao cho…, chớ để trong tay một bọ n ít người”.","Giai cấp công nhân, nông dân và tầng lớp trí thức.",Giai cấp công nhân và nhân dân lao động.,Dân chúng số nhiều.,Đảng cộng sản.,
Chương VI,Chọn một phương án đúng điền vào chỗ trống: “Chống… và bệnh quan liêu cũng quan trọng và cần kíp như việc đánh giặc trên mặt trận”.,"Hách dịch, cửa quyền.",Phá hoại của công,Vi phạm pháp luật,"Tham ô, lãng phí",
Chương VI,Một trong những nét đặc sắc nhất của tư tưởng Hồ Chí Minh về xây dựng nhà nước pháp quyền dân chủ nhâ n dân là:,Bảo đảm tính nghiêm minh và hiệu lực của pháp luật .,Coi trọng yếu tố “pháp trị” trong quản lý xã hội.,Đề cao “đức trị” trong quản lý xã hội.,Kết hợp nhuần nhuyễn cả “pháp trị” và “đức tr ị” trong quản lý xã hội.,
Chương VI,"Theo tư tưởng Hồ Chí Minh, nhà nước do dân là:",Nhà nước do dân lập nên và tham gia quản lý.,Đại biểu nhà nước do dân lựa chọn và bãi miễn.,"Dân ủng hộ, giúp đỡ, đóng thuế để nhà nước chi tiêu hoạt động.",Tất cả các phương án trên.,
Chương VI,"Theo tư tưởng Hồ Chí Minh, nhà nước vì dâ n được hiểu là:",Nhân dân xây dựng và tham gia quản lý nhà nước.,Tất cả quyền bính đều thuộc về nhân dân.,Tất cả đều vì lợi ích của nhân dân.,Dân là chủ và dân làm chủ,
Chương VI,"Lựa chọn phương án đúng theo tư tưởng Hồ C hí Minh, để xây dựng nhà nước trong sạch, vững mạnh, hoạt động có hiệu quả thì phải :",Đề phòng và khắc phục những tiêu cực trong hoạt động của nhà nước.,Đề phòng sự chống phá của các thế lực trong và ngoài nước.,Tăng cường tính nghiêm minh của pháp luật đi đôi với đẩy mạnh giáo dục đạo đức cách mạng.,"Cả a,b và c",
Chương VI,"Hồ Chí Minh ví cán bộ, công chức nhà nước là:","“Ông chủ”, “quan trên” của dân.","“Công bộc”, “đầy tớ” của dân.","“Nô lệ”, “người hầu” của dân.",“Người làm công” cho dân.,
Chương VI,Lựa chọn phương án đúng theo quan điểm c ủa Hồ Chí Minh:,Bản chất của nhà nước ta thống nhất giữa bản chất của giai cấp công nhân với bản chất của giai cấp nông dân và đội ngũ trí thức.,Bản chất của nhà nước ta thể hiện tính nhân dân và tính dân tộc sâu sắc.,Bản chất của nhà nước ta thống nhất giữa tính giai cấp và tí nh đảng.,Bản chất của nhà nước ta thống nhất giữa bản chất của giai cấp công nhân với tính nhân dân và tính dân tộc.,
Chương VI,"Hãy lựa chọn cụm từ đúng điền vào chỗ trống trong câu ca sau của Hồ Chí Minh: “Bảy xin hiến pháp ban hành, Trăm điều phải có…”",Anh minh pháp quyền.,Công minh pháp quyền.,Thần linh pháp quyền.,Nghiêm minh pháp quyền,
Chương VII,"Trong các câu nói sau đây, câu nào không phải của Hồ Chí M inh:",“Công việc thành công hay thất bại đều do cán bộ tốt hay kém”.,"“Tham ô, lãng phí và bệnh quan liêu, dù cố ý hay không, cũng là bạn của thực đồng minh dân và phong kiến”","“Trời không có mắt có tai, dân nhìn tức là trời n hìn, dân nghe tức là trời cho”.","“Việc gì lợi cho dân, ta phải hết sức làm. Việc gì hại đế n dân, ta phải hết sức tránh”.",
Chương VII,"Lựa chọn phương án đúng: Tính chất của nền văn hóa mới (văn hóa xã hội chủ nghĩa) theo quan điểm của Hồ Chí Minh bao gồm ba tín h chất: a)Tính truyền thống, tính hiện đại, tính kế thừa. b)Tính giai cấp, tính dân tộc, tính xã hội hóa. c)Tính dân tộc, tính khoa học, tính đại chúng. d)Tính khoa học, tính kế thừa, tính sáng tạo",,,,,
Chương VII,Lựa chọn phương án đúngtheo quan điểm của Hồ Chí Minh về vai trò và sức mạnh của đạo đức. a)Đạo đức là gốc của người cách mạng. b)Đạo đức là chỗ dựa của người cách mạng. c)Đạo đức là vũ khí của người cách mạng. d)Đạo đức là nền tảng của người cách mạng.,,,,,
Chương VII,"Lựa chọn cụm từ đúng điền vào dấu “…” trong câu sau của H ồ Chí Minh: “Cũng như sông thì có nguồn mới có nước, không có nguồn thì sông cạn. Cây phải có gốc, không có gốc thì cây héo. Người cách mạng phải có…, không có … thì dù tài giỏi mấy cũng không lãnh đạo được nhân dân.” a)Trí b)Đạo đức c)Nhân d)Tâm",,,,,
Chương VII,"Chuẩn mực đạo đức “trung” và “hiếu” trong quan niệm của Hồ Chí Minh được hiểu là: a)Trung với vua, hiếu với cha mẹ. b)Trung với dân, hiếu với Đảng. c)Trung với Đảng, hiếu với cha mẹ. d)Trung với nước, hiếu với dân.",,,,,
Chương VII,"Lựa chọn cụm từ đúng điền vào dấu “…” trong câu thơ sau của Hồ Chí Minh: “Trời có bốn mùa: Xuân, Hạ, Thu, Đông Đất có bốn phương: Đông, Tây, Nam, Bắc Người có bốn đức: ……” a)Nhân, Nghĩa, Trí Dũng. b)Trung, Hiếu, Lễ, Tín. c)Cần, Kiệm, Liêm, Chính. d)Nhân, Tâm, Chính, Thiện.",,,,,
Chương VII,"Chữ “Cần” trong quan niệm của Hồ Chí Minh được hiểu là: a)Cần cù. b)Chuyên cần. c)Chăm chỉ, chịu khó. d)Siêng năng, chăm chỉ, cố gắng dẻo dai.",,,,,
Chương VII,Chữ “Kiệm” trong quan niệm của Hồ Chí Minh được hiểu là:,Tiết kiệm.,Không xa xỉ.,"Không hoang phí, không bừa bãi.",Tất cả các phương án trên.,
Chương VII,"Theo tư tưởng Hồ Chí Minh, tiết kiệm bao gồm: a)Tiết kiệm tiền bạc, tiết kiệm của cải, tiết kiệm thờ i gian. b)Tiết kiệm tiền bạc, tiết kiệm nguyên vật liệu, tiết kiệm sức lao động. c)Tiết kiệm của cải, tiết kiệm thời gian, tiết kiệm sức lao độ ng. d)Tiết kiệm của cải, Tiết kiệm của cải, tiết kiệm thời gian.",,,,,
Chương VII,"Chữ “Liêm” trong quan niệm của Hồ Chí Minh được hiểu là: a)Liêm khiết. b)Thanh liêm c)Trong sạch, không tham lam, d)Ngay thẳng, thật thà.",,,,,
Chương VII,"Chữ “Chính” trong quan niệm của Hồ Chí Minh được hiểu là: a)Chính trực. b)Chân chính. c)Chính nghĩa. d)Thẳng thắn, đúng đắn.",,,,,
Chương VII,"Chọn phương án sai: Theo tư tưởng Hồ Chí Minh về nguyên tác xây dựng đạo đức mới là: a)Phải thường xuyên tuyên truyền, giáo dục. b)Nói phải đi đôi với làm, phải nêu gương. c)Xây đi đôi với chống. d)Phải tu dưỡng đạo đức suốt đới.",,,,,
Chương VII,"Khái niệm “con người” trong tư tưởng Hồ Chí được hiểuà : a)Một cá nhân. b)Con người chung chung, một cộng đồng người. c)Con người cụ thể gắn với hoàn cảnh l ịch sử cụ thể. d)Nhân dân, nhân loại.",,,,,
Chương VII,Vai trò của con người trong quan điểm của Hồ Chí Minh:,Là mục tiêu và động lực của cách mạng.,"Là vốn quý nhất, nhân tố quyết định thanh công của cách mạng.","Là công cụ của cách mạng, quyết định sự thành bại của cách mạng.","Cả a, b, c.",
Chương VII,"Lựa chọn cụm từ đúng điền vào dấu “…” trong câu nói sau của Hồ Chí Minh: “ Muốn xây dựng chủ nghĩa xã hội, trước hết phải c ó…xã hội chủ nghĩa. a)Tư tưởng b)Con người. c)Văn hóa. d)Đạo đức.",,,,,
Chương VII,"Trong các câu nói sau đây, câu nào không phải của Hồ Chí M inh. a)“Hiền, dữ phải đâu tính sẳn. Phần nhiều do giáo dục mà nên”. b)“ Hiền tài là nguyên khí của quốc gia, nguyên khí thịnh thì thế nước mạnh mà hưng thịnh, nguyên khí suy thì thế nước yếu mà t hấp hèn” c)“Học để làm việc, làm người làm cán bộ. Học để phục sự Đoàn thể, phụng sự giai cấp và nhân dân, phụng sự Tổ quốc và nhân loại” d)“Non sông Việt Nam có trở nên tươi đẹp được hay không, dân tộc Việt Nam có bước tới đài vinh quang sánh vai với các cường quốc năm châu được hay không, chính là nhờ một phần lớn ở công học tập của các em”.",,,,,
Chương VII,"Tư tưởng Hồ Chí Minh về đạo đức cách mạng bao gồm những vấn đề nào ? a.Phải thương yêu con người ; có tinh thần trong sáng b.Trung với nước , hiếu với dân",,,"Cần , Kiệm, Liêm , Chính, Trí công vô tư.","Cả a,b,c đều đúng",
Chương VII,"Theo tư tưởng Hồ Chí minh, văn hóa có quan hệ như thế nào vớ i chính trị ?",Văn hóa phải phục vụ nhiệm vụ chính trị,Văn hóa tồn tại độc lập chính trị,Văn hóa mở đường cho chính trị phát triể n,Văn hóa nằm trong chính trị,
Chương VII,Chủ thể của các nền văn hóa là gì ? a.Thượng đế b.Tôn giáo c.Con người,,,,Vĩ nhân,
Chương VII,Bản “ Đề cường Văn hóa Việt Nam “ do trường chinh trực ti ếp dự thảo đã xác định những nguyên tắc của nền văn hóa mới là gì ?,"Dân tộc hóa , đại chúng hóa , khoa học hóa","Đại chúng hóa , khoa học hóa , hiện đại hóa","Dân tộc hóa , đại chúng hóa , hiện đại hóa","Dân tộc hóa , khoa học hóa , hiện đại hóa",
Chương VII,chọn cụm từ đúng điền vào chỗ trống [……] Chủ tịch Hồ Chí Minh nói : “ Một dân tộc dốt là một dân tộc […..] “ a.Chậm phát triển,,Yếu,Lạc hậu,Không phát triển,
Chương VII,"Theo tư tưởng Hồ Chí minh, chữ Người nghĩa là ?","Gia đình , anh em , họ hàng , bầu bạn",Loài người,Đồng bảo cả nước,"Cả a,b,c đều đúng",
Chương VII,"Năm 1943, Hồ Chí Minh đã vạch chương trình xây dựng văn hóa nướ c Việt Nam. Chương trình đó gồm mấy điểm ? a.3 b.4 c.5 d.6 23 Theo Hồ Chí minh, Văn hóa có mấy chức năng ?",3 b.4c.5 d.6,,,,
Chương VII,"Theo Hồ Chí minh, có mấy nguyên tắc xây dựng đạo đức mới ?",3 b.4c.5d.6,,,,
Chương VII,". Theo Hồ Chí minh, có mấy chuẩn mực đạo đức cơ bản ?",3 b.4c.5d.6,,,,
Chương VII,". Theo Hồ Chí minh,văn hóa có mấy lĩnh vực chính ?",2 b.3c.4d.5,,,,
Chương VII,"Theo Hồ Chí minh, các lĩnh vực chính của văn hóa là :",Văn hóa giáo dục,Văn hóa văn nghệ,Văn hóa đời sống,Tất cả các lĩnh vực đều đúng,
Chương VII,"Theo Hồ Chí minh, muốn xây dựng đạo đức mớ i , một trong những nguyên tắc là phải:",Nói đi đôi với làm,"Nói trước , làm sau","Nói một đường, làm một nẻo",Nhân dân làm theo sự chỉ đạo của Đảng,
Chương VII,"Theo Hồ Chí minh, muốn xây dựng đạo đức mớ i , phải :","Nói đi đôi với làm , xây đi đôi với chống ; tu dưỡ ng đạo đức suốt đờ i","Nói đi đôi với làm , xây đi đôi với chống ; rèn luyện phẩm chất đạo đức","Nói đi đôi với làm , chống chủ nghĩa cá nhân ; tu dưỡng đạo đức cá nhân","Nói trước , làm sau ; xây đi đôi với chống ; tu dưỡng đạo đức suốt đời",
Chương VII,"Theo Hồ Chí minh, mục tiêu của giáo dục là ;","Xóa nạn mù chữ , làm cho người dân biết đọc , biết viết","Đào tạo những con người tốt , những cán bộ tốt",Hình thành đội ngũ trí thức cách mạng,Đào tạo nhân tài cho đất nước,
Chương VII,Chọn luận điểm đúng với tư tưởng Hồ Chí Mi nh,Muốn tiến lên CNXH thì phải phát triển văn hóa và kinh tế,Muốn tiến lên CNXH thì phải phát triển kinh tế và văn hóa,Muốn tiến lên CNXH thì phải phát triển kinh tế,Muốn tiến lên CNXH thì phải phát triển văn hóa,
Chương VII,Tác phẩm “ Đời sống mới “ do chủ tịch Hồ Chí Mi nh viết vào tháng 3 năm 1947 bao gồm mấy điều?,5 điều b.10 điều c.14 điều d.19 điều,,,,
Chương VII,Tác phẩm “ Đời sống mới “ do chủ tịch Hồ Chí Mi nh viết vào thời gian nào ?,8-1945,3-1947,5-1954,10-1965,
Chương VII,"Theo Hồ Chí minh, đời sống mới bao gồm nhữ ng mặt nào ?","Đạo đức mới , lối sống mới , nếp sống mới","Đạo đức mới , lối sống mới và cách sống mới",Đạo đức mới và lối sống mới,"Nếp sống mới , lối sống mới và tư tưở ng mới",
Chương VII,"Theo Hồ Chí minh, nội dung của nền văn hóa mớ i là gì ?",Giáo dục toàn diện cả đức và tài,Giáo dục tư tưởng chính trị,"Giáo dục toàn diện cả đức , trí , thể , mỹ",Giáo dục thái độ lao động,
Chương VII,Bản chất con người theo Hồ Chí Minh là gì ?,Sản phẩm tiến hóa tự nhiên,Sự thông nhất cả hai mảnh tự nhiên và xã hội,Mang bản chất giai cấp công nhân,Tổng hợp các quan hệ xã hội từ rộng đến hẹp,
Chương VII,"Đặc điểm “ Nền văn hóa tiên tiến, đậm đà bản sắc dân tộc “ đượ c nêu đầu tiên tại Đại hội nào của Đảng ?",Đại hội V (1982 ),Đại hội VI ( 1986),Đại hội VII (1991),"Đại hội X ( 2006)""",
Chương VII,"Tại Đại hội nào của Đảng cộng sản Việt Nam coi: “ Gi áo dục và đạo tạo ,khoa học và công nghệ là quốc sách hàng đầu “ ?",Đại hội lần thứ V,Đại hội lân thứ VII,Đại hội lân thứ VI,Đại hội lân thứ VIII,
Chương 1,Theo tư tưởng Hồ Chí Minh chức năng cơ bản của văn hóa là :,Bồi dưỡng tư tưởng đúng đắn và tĩnh cảm cao đẹp của con ngườ i,"Bồi dưỡng những phẩm chất , phong cách và lối sống tốt đẹp , lành mạnh , hướ ng con người đến chân, thiện, mỹ để hoàn thiện bản thân.","Mở rộng hiểu biết , nâng cao dân trí",Tất cả các phương án đều đúng MÔN TƯ TƯỞNG HỒ CHÍ MINH,
Chương 1,Tư tưởng Hồ Chí Minh là gì? Hệ thống các quan điểm toàn diện và sâu sắc v ề những vấn đề cơ bản của cách mạng Việt Nam…,,,,,
Chương 1,Vận dụng tư tưởng HCM cần nắm rõ nguyên tắc cơ bản nào? Nguyên tắc lịch sử cụ thể,,,,,
Chương 1,"Ý nghĩa việ c học tập tư tưởng HCM Góp phần nâng cao năng lực tư duy lý luận Giáo dục và định hướng thực hành đạo đức cách mạng, củn g cố niềm tin khoa học gắn liền với trau dồi tình cảm cách mạng, bồi dưỡn g lòng yêu nước. Xây dựng rrenf luyện phương pháp và phong cách c ông tác",,,,,
Chương 1,Thống nhấ t giữa tính giữa tính Đảng và tính khoa học là cơ sở gì trong học tập tư tưởng HCM Phương pháp luận của việc nghiên cứu tư tưởng HCM,,,,,
Chương 1,Thống nhấ t giữa lý luận và thực tiễn là cơ sở gì trong học tập TTHCM? Phương pháp luận của việc nghiên cứu tư tưởng HCM,,,,,
Chương 1,Những ng uyên tắc phương pháp luận k hi nghiên cứu TTHCM? Kết hợp nghiên cứu các tác phẩm với thực tiễn chỉ đạ o cách mạng của HCM,,,,,
Chương 2,Ý nghĩa họ c tập môn TTHCM Nâng cao năng lực tư duy lý luận Giáo dục và định hướng thực hành đạo đức Xây dựng và rèn luyện phương pháp và phong cách công tác,,,,,
Chương 2,Nguồn gốc lý luận quyết định bản c hất tư tưởng HCM? Chủ nghĩa Mác Lênin,,,,,
Chương 2,Tư tưởng HCM được hình thành trong bối cảnh lịch sử Chủ nghĩa tư bản giai đoạn tự do cạnh tranh sang giai đoạn độc quyền,,,,,
Chương 2,Tư tưởng HCM được hình thành và phát triển q ua 5 giai đoạn đó là: Nêu các giai đoạn,,,,,
Chương 2,"Tháng 7 năm 1920, HCM đọc tác phẩm nào của L ê nin? Sơ thảo lần thứ nhất những Luận cương về các vấn đề dâ n tộc và vấn đề thuộc địa",,,,,
Chương 2,HCM tiếp thu những giá trị truyền thống tốt đẹp của dân tộc VN là: Chủ nghĩa yêu nước VN,,,,,
Chương 2,Giá trị của văn hoá phương Tây đc HCM tiếp thu gó p phần hình thành tư tưởng của Người Tư tưởng dân chủ và cách mạng trong cách mạng Ph áp và cách mạng Mỹ,,,,,
Chương 2,"Những tiền đề tư tưởng, lí luận dẫn đến sự hình thành tư tưởng HCM Văn hoá truyền thống của dân tộc VN Văn hoá nhân loại (phương Đông, phương Tây) Chủ nghĩa Mác Lênin",,,,,
Chương 2,Nguyên nhân trực tiếp dẫn đến các phong trào yêu nướ c theo khuynh hướng dân chủ tư sản ở vn dầu thế kì XX thất bại? Giai cấp tư sản VN không có đường lối đúng đắn,,,,,
Chương 2,Chỉ sĩ yêu nước Phan Bội Châu khởi xướng ph ong trào Đông Du,,,,,
Chương 2,"Dứoi ách thố ng trị áp bức của thực dân Pháp, xã hội V N đã xuất hiện các giai cấp mới nào? Công nhân, tiểu tư sản, tiểu tư sản dân tộc",,,,,
Chương 2,HCM nói: “Nước V N có quyền hưởng tự do..” đoạn tr ích trong tác phẩm nào? Tuyên ngôn độc lập,,,,,
Chương 2,ưu điểm lớ n nhất của thuyết Khổng tử Sự tu dưỡng đạo đức cá nhân,,,,,
Chương 2,"ưu điểm lớ n nhất trong chủ nghĩa Tam dâ n của Tôn Trung Sơn chủ nghĩa tam dân (dân tộc độc lập, dân quyền tự do, dâ n sinh hạnh phúc)",,,,,
Chương 2,HCM tiếp thu nhữn g gì của văn hoá phương Tây Tuyên ngôn độc lập của Mỹ (1776) Tuyên ngôn nhân quyền và dân quyền của Pháp,,,,,
Chương 2,Hcm tiếp thu những gì của chủ nghĩa Mác lênin Thế giới quan Phương pháp luận,,,,,
Chương 2,Nhân tố chủ qua n hình thành tư tưở ng HCM Phẩm chất HCM Tài năng tổng kết thực tiễn và phát triển lý luậ n,,,,,
Chương 2,Thời kỳ 5/6/1911 trở về trước là Hình thành tư tưởng yêu nước và chỉ hướng cách mạng,,,,,
Chương 2,Thời kỳ 6/6/1911 đế n 30/12/1920 Hình thành tư tưởng cứu nước và giải phóng dân tộc theo các h mạng vô sản,,,,,
Chương 2,Thời kỳ 31/12/1920 đế n 3/2/1930 là Hình thành những nội dung cơ bản về tư tưởng cách mạng VN,,,,,
Chương 2,"Thời kì 4/2/1930 đến 28/1/1941 Vượt qua thử thách, kiên trì giữ vững lập tr ường cách mạng",,,,,
Chương 2,"Thời kỳ 29/1/1941 đế n 2/9/1969 TTHCM tiếp tục phát triển, soi đường cho sự nghiệp cách mạng của Đảng và nhân dân",,,,,
Chương 2,Giá trị tư tưởng HC M đối với cách mạng vn? Đưa cách mạng giải phóng dân tộc đến thắng lợi và xâ y dựng xã hội mới Nền tảng tư tưởng và kim chỉ na m cho cách mạng VN,,,,,
Chương 3,"Giá trị tư tưởng HC M đối với sự phát triển, tiến bộ xã hội Mở cho các dân tộc thuộc địa con đường giải phóng dân tộc gắn với ti ến bộ xã hội Góp phần vào cuộc đấu tranh vì độc lập vì độc lập dân tộc, dân chủ , hoà bình, hợp tá và phát triển thế giới",,,,,
Chương 3,Bản yêu sác h của nhân dân An Nam đư ợc Nguyễn Ái Quốc gửi đến hội nghị Versailie s năm 1919 đề cập đến nội dung gì Đòi quyền bình đẳng về mặt pháp lý và đòi quyền tự do dân chủ cho nhân dân An Nam,,,,,
Chương 3,"Theo HCM, độc lập dân tộc gắn với yếu tố nào Gắn liền với tự do, hạnh phúc của nhân dân độc lập dân tộc",,,,,
Chương 3,HCM tiếp cậ n độc lập dân tộc từ góc độ nào? Quyền con người,,,,,
Chương 3,"Nội dung độ c lập dân tộc, theo qua n điểm HCM? Độc lập dân tộc là khát vọng lớn nhất của dân tộc thuộc địa là quyền th iêng liêng bất khả xâm phạm cảu các dân tộc Độc lập dân tộc phải là 1 nền độc lập thực sự, hoàn toàn gắn với hoà bình, thống nhất và toàn vẹn lãnh thổ của đất nước Độc lập dân tộc phải đem lại cơm no áo ấm hạ nh phúc cho mọi người dân Độc lập tự do là mục tiêu chiến đấu là ngu ồn sức mạnh làm nên chiến thắng của cấc dân tộc",,,,,
Chương 3,"Những điể m sáng tạo cảu HCM khi nghiê n cứu chủ nghĩa Mác Lênin thể hiện ở quan điểm nào? Giải phóng dân tộc gắn với giải phóng giai cấp, trong đó giải phóng dân tộc là trước hết, trên hết; độc lập dân tộc gắn li ền với chủ nghĩa xã hội",,,,,
Chương 3,"Theo HCM, đản g cộng sản là Vừa là đội tiên phong của giai cấp công nhân vừa là đội tiên phong của nh ân dân lao động kiên quyết nhất, hăng hái nhất, trong sạch nhấ t, tận tâm tận lực phụng sự Tổ quốc",,,,,
Chương 3,"Cách mạng giải phóng dân tộc theo tư tưởng hc m, muốn thắng lợi phải: Đi theo cách mạng vô sản",,,,,
Chương 3,Lực lượng các h mạng giải phóng dân tộc Toàn thể dân tộc,,,,,
Chương 3,Theo HCM c ách mạng GPDT muốn thắng lợi phải Do đảng cộng sản lãnh đạo,,,,,
Chương 3,Cách mạng giải phóng dân tộc chủ độ ng sáng tạo có thể giành thắn g lợi trước Cách mạng ở chính quốc,,,,,
Chương 3,CMGP dân tộc t hực hiện bằng phương pháp Bạo lực cách mạng,,,,,
Chương 3,"Theo HCM vấn đề dân tộc được hiểu là Độc lập, tự do thiêng liêng, bất kh ả xâm phạm của tất cả dân tộc",,,,,
Chương 3,Cách mạng giải phóng dân tộc của VN mu ốn thắng lợi phải do Đảng cộng sản lãnh đạo,,,,,
Chương 3,Cách tiếp cận của H CM về CNXH Từ lập trường của 1 người yêu nước,,,,,
Chương 3,"Theo HCM, chủ nghĩa xã hội là CNXH trước hết nhằm làm cho nhân dân lao động th oát nạn bần cùng, là làm cho mọi người có công ăn việc làm, được ấm no và s ống một đời hạnh phúc, là làm sao cho dân giàu nước mạnh",,,,,
Chương 3,Tư tưởng HC M về XHCN Câu 15,,,,,
Chương 3,"Những đặc trư ng của xã hội chủ nghĩa the o tư tưởng HCM Về chính trị: xã hội xã hội chủ nghĩa là xã hội có chế độ dân chủ Về kinh tế: xã hội xã hội chủ nghĩa là xã hội có chế độ dân chủ Về văn hoá, đạo đức và các quan hệ xã hội: XH XHCN có trình đ ộ cao về văn hoá và đạo đức; bảo đảm sự công bằn g, hợp lý trong các quan hệ xã hội Về chủ thể xây dựng CNXH: CNXH là công trình tập th ể của nhân dân dưới sự lãnh đạo của Đảng cộng sản",,,,,
Chương 3,"Theo TTHCM , mục tiêu chính trị trong xây dựng XH CN là gf? Phải xây dựng chế độ dân chủ",,,,,
Chương 3,"Theo TTHCM , mục tiêu kinh tế trong xây dựng XHCN là gì? Phải xây dựng được nền kinh tế phát triển cao gắn bó mật thiế t với mục tiêu về chính trị",,,,,
Chương 3,"Theo TTHCM , mục tiêu văn hoá trong xây dựng xã h ội chủ nghĩa là gì? Phải xây dựng được một nền văn hoá mang tính dân tộc, khoa học, đạ i chúng và tiếp thu tinh hoa văn hoá của nhân loại",,,,,
Chương 3,"Theo TTHCM , mục tiêu về quan hệ xã hội trong xây dự ng XHCN là gì? Phải đảm bảo dân chủ, công bằng, văn minh",,,,,
Chương 3,Trong các h mạng xã hội chủ nghĩa Xây đi đôi với chống,,,,,
Chương 3,"Thời k ỳ quá độ là Cải biến sâu sắc nhất, nhưng phức tạp, lâu dài, khó khăn, gian khổ Cải biến sâu sắc nhất, nhưng lâu dài, khó khăn, gian khổ Cải biến sâu sắc nhất nhưng lâu dài",,,,,
Chương 3,"Đặc điểm c ơ bản nhất của thời kỳ quá độ ở VN theo HCM là: Từ một nước nông nghiệp lạc hậu thẳng tiến lên CNX H, không qua giai đoạn phát triển tư bản chủ nghĩa",,,,,
Chương 3,"Nhiệm vụ c ủa thời kỳ quá độ ở VN theo HCM Đấu tranh cải tạo, xoá bỏ tàn tích của chế độ xã hội cũ, x ây dựng các yếu tố mới phù hợp với quy luật lên CNXH trên tất cả cacs l ĩnh vực đời sống xã hội",,,,,
Chương 4,"Nguyên tắc xây dựn g CNXH trong thời kỳ quá độ gồm: Thứ nhất, mọi tư tưởng và hành dộng phải được xây dựng trên nền tảng chủ nghĩa Mác Lênin Thứ hai, phải giữ vững độc lập dân tộc Thứ ba, phải đoàn kết, học tập kinh nghiệm từ các nước an h em Thứ tư, xây đi đôi với chống CỦA NHÂN DÂN, DO NHÂN DÂN, VÌ NHÂ N DÂN",,,,,
Chương 4,Sự ra đời của Đả ng cộng sản Việt Nam là kết hợp của: Chủ nghĩa Mác – Lênin; phong trào yêu nước; phong trào c ông nhân,,,,,
Chương 4,"Bước phá t triển sáng tạo của Hồ Chí Minh so với lý luận của Lênin về đảng kiểu mới của giai cấp vô sản: Xây dựng Đảng để cho Đảng xứn g đáng là Đảng đạo đức, văn minh",,,,,
Chương 4,"Theo Hồ Chí Minh, phải coi trọng công tác cán bộ: Cán bộ mang chính sách của Đảng và chính phủ đến với nhâ n dân và ngược lại đem tình hình của nhân dân báo cáo cho Đảng và cho chính phủ.",,,,,
Chương 4,"Những vấn đề ngu yên tắc trong hoạt động của Đảng: -Lấy CN Mác-Lênin làm kim ch ỉ nam và hành động của Đảng -Tập trung dân chủ -Tự phê bình -Kỷ luật nghiêm minh, tự giác -Đảng phải thường xuyên chỉnh đốn -Đoàn kết thống nhất -Liên hệ mật thiết với nhân dân -Đoàn kết quốc tế",,,,,
Chương 4,"Hồ Chí Minh lưu ý, phả i xây dựng đội ngũ cán bộ Đảng viên: Vừa có đức, vừa có tài, tr ong sạch, vững mạnh",,,,,
Chương 4,"Nội dung trong tư tưởng H ồ Chí Minh về Nhà nước Việt Nam: -Nhà nước Việt Nam là n hà nước mang bản chất giai cấp công nhân -Nhà nước Việt Nam mang bản chất giai cấp -Nhà nước Việt Nam là n hà nước dân chủ nhân dân, dựa tr ên nền tảng liên minh công nông, do giai cấp công nhân lãnh đạo.",,,,,
Chương 4,"Đảng Cộng sản Việt Nam cầm quyền: -Bằng đường lối quan điểm, c hủ trương để nhà nước thể chế hóa thành pháp luật, chính sách, kế hoạch. -Bằng hoạt động của c ác tổ chức đảng và đảng viên của mình trong bộ máy, cơ quan nhà nước -Bằng công tác kiểm tra",,,,,
Chương 4,Bản chất giai cấp của nhà nư ớc Việt Nam: Tính định hướng xã hội chủ nghĩa trong sự phát triển,,,,,
Chương 4,Bản chất giai cấp c ông nhân của nhà nước Việt Nam thể hiện ở nguyên tắc: Tập trung dân chủ,,,,,
Chương 4,Nhà nước của nhân dân là: Tất cả quyền lực đều thuộc về nhân dân,,,,,
Chương 4,Nhân dân thực thi quyền lực nhà nư ớc thông qua hình thức: Dân chủ trực tiếp và dân chủ gián tiếp,,,,,
Chương 4,Nhà nước do nhân dân là: -Là nhà nước do nhân dân l ập nên sau thắng lợi của cách mạng dướ i sự lãnh đạo của Đảng Cộng sản Việ t Nam. -Dân làm chủ,,,,,
Chương 4,"Trong tư tưởng Hồ Ch í Minh, nhà nước quản lý xã hội chủ yếu bằng: Hiến pháp và pháp luật",,,,,
Chương 4,"“Pháp quyền nhân ngh ĩa” là: Nhà nước phải tôn trọng, bảo đảm thực hiện đầy đủ các quyền con người, chăm lo đến lợi ích của mọi người",,,,,
Chương 4,"Theo Hồ Chí Minh “giặc nội xâm” , “giặc ở trong lòng” là: Tham ô, lãng phí, quan liêu",,,,,
Chương 4,Tư tưởng H ồ Chí Minh về Nhà nước: Quyền lực nhà nước là “thừa ủy quyền” của nhân dân,,,,,
Chương 4,"Theo Hồ Chí Minh, “Pháp quyền nhâ n nghĩa” là: Nhà nước phải tôn trọng, bảo đảm thực hiện đầy đủ các quyền con người, chăm lo đến lợi ích của mọi người",,,,,
Chương 4,"Vận dụng TT.HCM vào xây dự ng Đảng trong sạch, vững mạnh: -Đề ra đường lối, chủ trương đ úng đắn -Tổ chức thực hiện thật tốt đườ ng lối, chủ trương của Đảng -Chú trọng công tác chỉnh đốn Đảng",,,,,
Chương 4,"Vận dụng TT.HCM vào xây dự ng Nhà nước: -Xây dựng nhà nước thật sự t rong sạch, vững mạnh -Đổi mới, tăng cường sự lãnh đạ o của Đảng và Nhà nước",,,,,
Chương 5,Tư tưởng H ồ Chí Minh về Hiếp pháp và pháp luật được thể hiện lần đầu trong: Yêu sách của nhân dân An Nam QUỐC TẾ,,,,,
Chương 5,Khối đại đoàn kế t toàn dân tộc phải dựa trên lập trường giai cấp nào? Giai cấp công nhân,,,,,
Chương 5,"Theo Hồ Chí Minh, khối đại đoàn kết toàn d ân tộc chỉ có sức mạnh khi: Được tập hợp thành một khối",,,,,
Chương 5,"Theo Hồ Chí Minh, đoàn kết quốc tế nhằm: Kết hợp s ức mạnh dân tộc với sức m ạnh thời đại, tạo sức mạnh tổng hợp cho cách mạng",,,,,
Chương 5,"Lực lượng của đoàn kế t quốc tế bao gồm: -Phong trào cộng sản và c ông nhân Quốc tế -Phong trào đấu tranh giải phóng dân tộc -Các lực lượng tiến bộ, những người yêu chuộng hòa bình, dân chủ, tự d o và công lý",,,,,
Chương 5,"Nội dung trong đoàn kế t quốc tế theo TT.HCM Nội lực là quyết định, ngoại lực phát huy th ông qua nội lực",,,,,
Chương 5,"Theo Hồ Chí Minh, hạt nhân của sự đoàn k ết là: Sự đoàn kết và thống nhất trong Đảng",,,,,
Chương 5,Chủ thể của khối đại đoàn kế t toàn dân tộc là: Toàn thể nhân dân Việt Nam yêu nước,,,,,
Chương 5,"Quan điểm “Đại đoàn kết dân tộc là đường lối chiến lược của cách mạng Việt Nam, là động lực và nguồn lực to lớn trong xây dựng và bảo vệ Tổ quốc ” được Đảng xác định trong ĐH lần thứ mấy? Đại hội Đảng lần thứ XII",,,,,
Chương 5,"Điều kiện để x ây dựng khối đại đoàn kết -Lấy lợi ích chung làm điểm quy tụ -Kế thừa truyền thống yêu n ước, nhân nghĩa của dân tộc -Có lòng khoan dung độ lượng với con người -Cần phải có niềm tin vào nhân dân",,,,,
Chương 5,"Theo Hồ Chí Minh, mặt trận dân tộc thống nhất là: Khối đại đoàn kết toàn dân tộc",,,,,
Chương 5,Có mấy ngu yên tắc xây dựng và hoạt động của mặt trận dân tộc thống nhất Ba nguyên tắc,,,,,
Chương 6,"Phương thức xâ y dựng khối đại đoàn kết toàn dân tộc -Làm tốt công tác vận động quầ n chúng (Dân vận) -Thành lập đoàn thể, tổ chức q uần chúng phù hợp với từng đối tượn g để tập hợp quần chúng -Các đoàn thể, tổ chức quần c húng được tập hợp và đoàn kết trong Mặt trận dân tộc thống nhất",,,,,
Chương 6,"Năm 1987, tổ ch ức UNESCO ghi nhận Hồ Chí Minh là: Anh hùng giải phóng dân tộc, nhà văn hóa kiệt xuất Việt Nam",,,,,
Chương 6,"Trong mối quan hệ với kinh tế, Hồ Ch í Minh cho rằng: Văn hóa thuộc kiến trúc thượng tầng",,,,,
Chương 6,"Theo Hồ Chí Minh, lòng yêu nước, thương nòi, tinh thần độc lập, tự cườn g, tự tôn dân tộc là: Nội dung của bản sắc văn hóa dân tộc",,,,,
Chương 6,"Theo tư tưởng Hồ Ch í Minh, tiếp biến văn hóa là: Quy luật của văn hóa",,,,,
Chương 6,"Mục đích của tiếp thu văn hóa nhâ n loại là: Làm giàu cho văn hóa Việt Nam, xây dựng văn hóa Việ t Nam với tinh thần dân chủ",,,,,
Chương 6,"Hồ Chí Minh, tiếp cận văn hóa trên mấy p hương diện: 04 phương diện",,,,,
Chương 6,"Hồ Chí Minh nói: “Cũng như sông thì có nguồn mới có nước, không có nguồn thì sông cạn. Cây phải có gốc, không có gốc thì cây héo. Người cách mạng phải có đạo đức, không có đạo đức thì dù tài giỏi mấy cũng không lãnh đạo được nhân dân. Vì muốn giải phóng dân tộc, giải phóng cho loài người là một công việc to tát mà tự mình không có đạo đức , không có căn bản, tự mình đã hủ hóa, xấu xa thì còn làm nổi việc gì ”. Đoạn trích trong tác phẩm nào? Sửa đổi lối làm việc",,,,,
Chương 6,Tiêu chuẩ n cho mục đích hành động của con người: Đạo đức,,,,,
Chương 6,"Phẩm chất đạo đức được xem là bao trùm, quan trọng nhất và chi phối các phẩm chất khác của HCM là: Trung với nước, hiếu với dân",,,,,
Chương 6,"Nội dung cốt lõi của đạo đứ c cách mạng là: Cần, kiệm, liêm, chính, chí công vô tư",,,,,
Chương 6,"Theo HCM, tinh thần Quốc tế trong sáng có nguồn gốc từ: Bản chất của giai cấp công nhân",,,,,
Chương 6,"Theo HCM, ngu yên tắc xây dựng đạo đức cách mạng: Nói đi đôi với làm, noi gương về đạo đức; xây đi đôi với chống; tu dưỡng đạo đức suốt đời",,,,,
Chương 6,"“Mỗi ngườ i tự rèn luyện, tu dưỡng ý thức, kết hợp với xây dựng cơ chế, tính khoa học của bộ máy và tạo dự ng nền dân chủ ” là: Phương pháp xây dựng con người",,,,,
Chương 6,"Tư tưởng H ồ Chí Minh về “trồng người”: Trách nhiệm của Đảng, nhà nước, các đoàn thể chinh trị - xã hội kết hợp với tính tích cực, chủ động của từng người.",,,,,
Chương 6,Động lực của cách mạng là: Con người,,,,,
Chương 6,Yếu tố cốt lõi đầu tiên tạ o nên nền tảng tư tưởng đạo đức Hồ Chí Minh là: Tình yêu thương con người,,,,,
Chương 6,"Nguyên tắc xây dựn g đạo đức cách mạng: -Nói đi đôi với làm, nêu gương về đạo đức -Xây đi đôi với chống -Tu dưỡng đạo đức suốt đời Câu hỏi",,,,,
Chương 6,"“Đường lối chính trị, n ề nếp làm việc và đạo đức cách mạng của Đản g ta hiện nay là đường lối, tác phong và đạo đức H ồ chủ tịch… Toàn Đảng hãy ra sức học tập đường lối chính trị, tác phong và đạo đức cá ch mạng của Hò Chủ tịch; sự học tập ấy là điều kiện tiên quyết làm cho Đảng và làm cho cách mạng mau đi đến thắng lợi hoàn toàn”. Đoạn văn trên được trích tr ong:  Văn kiện Đại hội II của Đảng thán g 2 năm 1951",,,,,
Chương 6,"“Thắng lợi to lớn của sự ngh iệp chống Mỹ cứu nước cũng như những trang sử chói lọi của cách mạng Việt Nam ngót nửa thế kỷ nay mãi mãi gắn liền với tên tuổi của chủ tịch Hồ Chí Minh, người sáng lập và rèn luyện Đảng ta,…, người anh hùng dân tộc vĩ đại, người chiến sĩ lỗi lạc của phong trào cộng sản và công nhân quốc tế” Đoạn văn trên được trích trong:  Văn kiện đại hội 12/1957",,,,,
Chương 6,"“Phải kiên định chủ ngh ĩa Mác Lenein, tư tưởng Hồ Chí Minh, vận dụng sáng tạo và phát triển phù hợp với thực tiễn Việt Nam”. Đoạn trích trên trích trong:  Văn kiện Đại hội XII của Đảng thá ng 01 năm 2016",,,,,
Chương 6,Chọn câu trả lời đúng nhất: “ Thống nhất giũa lý luận và thực tiễn” là:  Nguyễn tắc và quan điểm phương pháp luận nghiên cứu tư tưởng Hò C hí Minh,,,,,
Chương 6,Một trong nhữn g nguyên tắc phương pháp luận khi nghiên cứu tư tưởng Hồ Chí Minh là gì?  Kết hợp nghiên cứu các tác phẩm với thực tiễn chỉ đạo cách mạng của Hồ Chí Minh,,,,,
Chương 6,Một trong nhữn g nguyên tắc phương pháp luận khi nghiên cứu tư tưởng Hồ Chí Minh là:  Bảo đảm sự thống nhất nguyên tắc tính Đản g và tính khoa học,,,,,
Chương 6,"Đối với Hồ Chí Minh, ưu điểm lớn nhất tr ong chủ nghĩa Tam dân của Tôn Trung Sơn là gì?  Phù hợp với điều kiện thực tế nư ớc ta",,,,,
Chương 6,Nguồn gốc lý luận nào quyế t định bản chất tư tưởng Hồ Chí Minh  CN Mác-Lênin,,,,,
Chương 6,Tư tưởng H ồ Chí Minh được hình thành trong bối cảnh lịch sử nào?  Chủ nghĩa tư bản từ giai đoạn t ự do c ạnh tranh sang giai đoạn độc quyền,,,,,
Chương 6,Tư tưởng H ồ Chí Minh được hình thành và phát triển qua mấy giai đoạn?  5 giai đoạn,,,,,
Chương 6,"Tháng 7 năm 1920, Hồ Ch í Minh đọc tác phẩm gì của V.I.Lênin?  Sơ thảo lần thứ nhất những L uận cươ ng về các vấn đề dân tộc và vấn đề thuộc địa",,,,,
Chương 6,Nguyên nh ân trực tiếp dẫn đến các phong trào yêu nước theo khuynh hướng dân chủ tư sản ở Việt Nam đầu thế kỷ XX thất bại là:  Giai cấp tư sản Việt Nam không c ó đường lối đúng đắn,,,,,
Chương 6,“Việt Nam vạn tu ế” là khẩu hiệu trước khi bị hành hình của các chí sĩ yêu nước tham gia:  Khởi nghĩa Yên Bái,,,,,
Chương 6,Chí sĩ yêu nước Pha n Bội Châu khởi xướng phong trào  Đông du,,,,,
Chương 6,"Chọn câu trả lời đúng nhất: Dư ới ách thống trị, áp bức của thực dân Pháp, xã hội Việt Nam đã xuất hiện các giai cấp mới:  Công nhân, tiểu tư sản, tiểu tư sả n dân tộc",,,,,
Chương 6,Giá trị nà o được xem là giá trị xuyên suốt nổi bật nhất trong truyền thống dân tộc Việt Nam?  Chủ nghĩa yêu nước,,,,,
Chương 6,"“Nước Việt Na m có quyền hưởng tự do và độc lập và sự thật đã thành một nước tự do độc lập…của cải để giữ vững quyền tự d o, độc lập ấy”  Tuyên ngôn độc lập",,,,,
Chương 6,"Trong khi kế thừa và ti ếp thu học thuyết của Nho giáo về quản lý xã hội, Hồ Chí Minh đã kế thừa và đổi mới tư tưởng:  Đức trị và nhân trị",,,,,
Chương 6,"Chọn ý sai, điều ki ện và cơ sở hình thành tư tưởng Hồ Chí Minh?  Ngay từ khi còn nhỏ ở trong trường, Hồ Chí Minh đã nhận thức được đ ặc điểm của thời đại",,,,,
Chương 6,"Đối với Hồ Chí Minh, ưu điểm lớn nhất của học thuyế t Khổng Tử là gì?  Sự tu dưỡng đạo đức cá nhân",,,,,
Chương 6,"Nguyễn Ái Qu ốc gửi “Bản yêu sách của nhân dân An Nam” tới Hội nghị Vecxay đòi chính phủ Pháp thừa nhận các quyền tự do, dân chủ và bình đẳng của nhân dân Việt Nam vào thời gian nào?  6/1919",,,,,
Chương 6,"Nhân tố chủ quan hình thành tư tưởng Hồ Ch í Minh bao gồm:  Phẩm chất cá nhân cũng năng lực hoạt động thực tiễn phong phú Theo Hồ Chí Minh, khối đại đoàn kết dân tộc phải dựa trên lập trường của:  Giai cấp công nhân",,,,,
Chương 6,"Theo Hồ Chí Minh, kế thừa truy ền thống yêu nước, nhân nghĩa, đoàn kết của dân tộc là:  Điều kiện của khối đại đoàn kết dân tộc",,,,,
Chương 6,"Theo Hồ Chí Minh, khối đại đoàn kết dâ n tộc chỉ có sức mạnh khi:  Được tập hợp thành một khối",,,,,
Chương 6,"Theo tư tưởng Hồ Ch í Minh, lực lượng của đoàn kết quốc tế bao gồm  Các lực lượng tiến bộ, những n gưỡi yê u chuộng hòa bình, dân chủ, tự do và công lý",,,,,
Chương 6,"Theo Hồ Chí Minh, trong đoàn kết quốc tế:  Nội lực là quyết định, ngoạ i lực phát huy thông qua nội lực",,,,,
Chương 6,"Quan điểm “Đạ i đoàn kết dân tộc là đường lối chiến lược của cách mạng Việt Nam, là động lực và nguồn lực to lớn trong xây dựn g và bào vệ Tổ quốc” được Đảng xác định tại:  Đại hội Đảng lần thứ XII",,,,,
Chương 6,"Theo Hồ Chí Minh, hạt nhân của sự đoàn k ết là:  Sự đoàn kết và thống nhất trong Đảng",,,,,
Chương 6,Chủ thể của khối đại đoàn kế t toàn dân tộc là:  Toàn thể nhân dân Việt Nam yêu nư ớc,,,,,
Chương 6,Hồ Chí Minh có:  4 cách tiếp cận về văn hóa,,,,,
Chương 6,"Trong mối quan hệ với kinh tế, Hồ Ch í Minh cho rằng:  Văn hóa thuộc kiến trúc thượng tầng",,,,,
Chương 6,Chọn câu đúng theo tư tưởng H ồ Chí Minh:  Xã hội thế nào văn hóa thế ấy,,,,,
Chương 6,"Theo Hồ Chí Minh, lòng yêu nướ c, thương nòi, tinh thần độc lập, tự cường, tự tôn dân tộc là:  Nội dung của bản sắc văn hóa dân tộc",,,,,
Chương 6,"Theo tư tưởng Hồ Ch í Minh, tiếp biến văn hóa là:  Quy luật của văn hóa",,,,,
Chương 6,"Theo Hồ Chí Minh, mục đích củ a tiếp thu văn hóa nhân loại là để:",,,,,
